CASE_ID,ACCIDENT_YEAR,PROC_DATE,JURIS,COLLISION_DATE,COLLISION_TIME,OFFICER_ID,REPORTING_DISTRICT,DAY_OF_WEEK,CHP_SHIFT,POPULATION,CNTY_CITY_LOC,SPECIAL_COND,BEAT_TYPE,CHP_BEAT_TYPE,CITY_DIVISION_LAPD,CHP_BEAT_CLASS,BEAT_NUMBER,PRIMARY_RD,SECONDARY_RD,DISTANCE,DIRECTION,INTERSECTION,WEATHER_1,WEATHER_2,STATE_HWY_IND,CALTRANS_COUNTY,CALTRANS_DISTRICT,STATE_ROUTE,ROUTE_SUFFIX,POSTMILE_PREFIX,POSTMILE,LOCATION_TYPE,RAMP_INTERSECTION,SIDE_OF_HWY,TOW_AWAY,COLLISION_SEVERITY,NUMBER_KILLED,NUMBER_INJURED,PARTY_COUNT,PRIMARY_COLL_FACTOR,PCF_CODE_OF_VIOL,PCF_VIOL_CATEGORY,PCF_VIOLATION,PCF_VIOL_SUBSECTION,HIT_AND_RUN,TYPE_OF_COLLISION,MVIW,PED_ACTION,ROAD_SURFACE,ROAD_COND_1,ROAD_COND_2,LIGHTING,CONTROL_DEVICE,CHP_ROAD_TYPE,PEDESTRIAN_ACCIDENT,BICYCLE_ACCIDENT,MOTORCYCLE_ACCIDENT,TRUCK_ACCIDENT,NOT_PRIVATE_PROPERTY,ALCOHOL_INVOLVED,STWD_VEHTYPE_AT_FAULT,CHP_VEHTYPE_AT_FAULT,COUNT_SEVERE_INJ,COUNT_VISIBLE_INJ,COUNT_COMPLAINT_PAIN,COUNT_PED_KILLED,COUNT_PED_INJURED,COUNT_BICYCLIST_KILLED,COUNT_BICYCLIST_INJURED,COUNT_MC_KILLED,COUNT_MC_INJURED,PRIMARY_RAMP,SECONDARY_RAMP,LATITUDE,LONGITUDE,COUNTY,CITY,POINT_X,POINT_Y
81934645,2022,2024-03-13,4100,2022-10-05,1619,25081,,3,5,6,4106,0,0,0,,0,,"PARK PLAZA DR","355 SOUTH OF PROLOGATION OF JOHN DALY",0.00,,Y,B,-,N,,,,,,,,,,N,3,0,1,2,A,-,17,22517,,N,B,E,A,A,H,-,A,D,0,,,,,Y,,A,01,0,1,0,0,0,0,0,0,0,"- ","- ",,,"SAN MATEO","DALY CITY",-122.48223114013672,37.702098846435547
81998418,2022,2023-02-20,4100,2022-10-27,1508,25081,N,4,5,6,4106,0,0,0,,0,00N,"SR-82 (EL CAMINO REAL)","A STREET",0.00,,Y,A,-,Y,,,,,,,,,,N,3,0,3,2,A,-,12,21453,A,N,D,C,A,A,H,-,A,A,0,,,,,Y,,I,20,0,3,0,0,0,0,0,0,0,"- ","- ",,,"SAN MATEO","DALY CITY",-122.46456146240234,37.68609619140625
82161839,2023,2023-09-04,4100,2023-08-09,2230,25138,TRANS,3,5,6,4106,0,0,0,,0,00N,"JOHN DALY BLVD","DE LONG STREET",0.00,,Y,A,-,N,,,,,,,,,,Y,3,0,3,2,A,-,09,21453,C,N,D,C,A,A,H,-,C,A,0,,,,,Y,,I,20,0,2,1,0,0,0,0,0,0,"- ","- ",,,"SAN MATEO","DALY CITY",-122.46782684326172,37.705284118652344
91386468,2021,2021-01-13,9335,2021-01-06,1402,022596,,3,2,6,4106,0,1,1,,2,021,"I-280 N/B TO HICKEY BLVD.","HICKEY BLVD",136.00,S,N,A,-,Y,,,280,,,,R,,N,N,4,0,2,4,A,-,03,22350,,N,C,C,A,A,H,-,A,D,0,,,,,Y,,A,07,0,0,2,0,0,0,0,0,0,"- ","- ",37.662689208984375,-122.46405792236328,"SAN MATEO","DALY CITY",-122.46405792236328,37.662689208984375
91392198,2021,2021-01-21,9335,2021-01-18,1749,020610,,1,2,6,4106,0,1,1,,2,021,"I-280 N/B","SCHOOL ST. O/C",90.00,S,N,A,-,Y,,,280,,,,,,N,Y,4,0,1,2,A,-,07,21658,A,N,B,C,A,A,H,-,C,D,0,,,,,Y,Y,D,22,0,0,1,0,0,0,0,0,0,"- ","- ",37.693050384521484,-122.47017669677734,"SAN MATEO","DALY CITY",-122.47032928466797,37.693046569824219
91398454,2021,2021-01-29,9335,2021-01-26,1715,021886,,2,2,6,4106,0,1,1,,2,021,"I-280 S/B TO SERRAMONTE BLVD.","SERRAMONTE BLVD U/C",1033.00,N,N,C,-,Y,,,280,,,,R,,S,Y,4,0,1,2,A,-,07,21658,A,N,B,C,A,B,H,-,A,D,0,,,,,Y,,A,01,0,0,1,0,0,0,0,0,0,"- ","- ",37.672420501708984,-122.46778869628906,"SAN MATEO","DALY CITY",-122.46778869628906,37.672420501708984
91399156,2021,2021-02-01,9335,2021-01-24,1700,021736,,7,2,6,4106,0,1,1,,2,021,"I-280 N/B","KING DRIVE",2043.00,N,N,C,-,Y,,,280,,,,,,N,Y,4,0,1,1,A,-,08,22107,,N,E,I,A,B,H,-,C,D,0,,,,,Y,,A,01,0,0,1,0,0,0,0,0,0,"- ","- ",37.656139373779297,-122.45906066894531,"SAN MATEO","DALY CITY",-122.45899963378906,37.656215667724609
91405777,2021,2021-02-10,9335,2021-01-28,1500,022007,,4,2,6,4106,0,1,1,,2,021,"I-280 S/B","SAN PEDRO ROAD OVER-CROSSING",25.00,S,N,B,C,Y,,,280,,,,,,S,Y,4,0,1,1,A,-,08,22107,,N,E,I,A,B,H,-,A,D,0,,,,,Y,,A,01,0,0,1,0,0,0,0,0,0,"- ","- ",37.684638977050781,-122.47178649902344,"SAN MATEO","DALY CITY",-122.47152709960938,37.684627532958984
91408309,2021,2021-03-29,9335,2021-02-12,1540,022517,,5,2,6,4106,0,1,1,,2,020,"I-280 N/B","KING DRIVE UNDER CROSSING",1742.00,N,N,A,-,Y,,,280,,,,,,N,Y,4,0,1,2,A,-,03,22350,,N,C,C,A,A,H,-,A,D,0,,,,Y,Y,,F,55,0,0,1,0,0,0,0,0,0,"- ","- ",37.655719757080078,-122.45813751220703,"SAN MATEO","DALY CITY",-122.45822143554688,37.655612945556641
91412066,2021,2021-02-22,9335,2021-02-11,1635,022517,,4,2,6,4106,0,1,1,,2,021,"I-280 N/B","JUNIPERO SERRA BLVD OVER CROSSING",700.00,N,N,B,C,Y,,,280,,,,,,N,Y,2,0,1,3,A,-,08,22107,,N,B,C,A,B,H,-,A,D,0,,,,,Y,,A,07,1,0,0,0,0,0,0,0,0,"- ","- ",37.697608947753906,-122.47135162353516,"SAN MATEO","DALY CITY",-122.47124481201172,37.6976318359375
91412072,2021,2021-02-22,9335,2021-02-13,0815,022040,,6,1,6,4106,0,1,1,,2,021,"I-280 S/B","WASHINGTON STREET",210.00,S,N,C,-,Y,,,280,,,,,,S,Y,3,0,1,2,A,-,08,22107,,N,D,C,A,B,H,-,A,D,0,,,,,Y,,A,01,0,1,0,0,0,0,0,0,0,"- ","- ",37.687259674072266,-122.47138977050781,"SAN MATEO","DALY CITY",-122.47126007080078,37.687221527099609
91417388,2021,2021-03-01,9335,2021-02-25,1553,022517,,4,2,6,4106,0,1,1,,2,021,"I-280 SB TO HICKEY BLVD.","HICKEY BLVD",80.00,N,N,A,-,Y,,,280,,,,R,,S,Y,4,0,1,2,A,-,03,22350,,M,C,C,A,A,H,-,A,D,0,,,,,Y,,-,99,0,0,1,0,0,0,0,0,0,"- ","- ",37.664180755615234,-122.46620941162109,"SAN MATEO","DALY CITY",-122.46620941162109,37.664180755615234
91445653,2021,2021-04-08,9335,2021-04-03,1305,022596,,6,1,6,4106,0,1,1,,2,021,"I-280 N/B","SOUTHGATE AVENUE",676.00,S,N,A,-,Y,,,280,,,,,,N,Y,4,0,2,2,A,-,03,22350,,N,C,C,A,A,H,-,A,D,0,,,,,Y,,A,01,0,0,2,0,0,0,0,0,0,"- ","- ",37.673618316650391,-122.46800231933594,"SAN MATEO","DALY CITY",-122.46805572509766,37.673580169677734
91449370,2021,2021-04-13,9335,2021-04-05,1345,022596,,1,1,6,4106,0,1,1,,2,021,"I-280 N/B TO HICKEY BLVD.","HICKEY BLVD.",1108.00,S,N,A,-,Y,,,280,,,,R,,N,N,4,0,1,2,A,-,"- ",,,N,B,C,A,A,H,-,A,D,0,,,,,Y,,-,"- ",0,0,1,0,0,0,0,0,0,"- ","- ",37.660079956054688,-122.46369171142578,"SAN MATEO","DALY CITY",-122.46369171142578,37.660079956054688
91456149,2021,2021-04-22,9335,2021-04-18,1340,022241,,7,1,6,4106,0,1,1,,2,021,"I-280 N/B","SERRAMONTE BOULEVARD UNDERCROSSING",885.00,S,N,A,-,Y,,,280,,,,,,N,N,4,0,2,3,A,-,03,22350,,N,C,C,A,A,H,-,A,D,0,,,,,Y,,A,01,0,0,2,0,0,0,0,0,0,"- ","- ",37.667308807373047,-122.46546173095703,"SAN MATEO","DALY CITY",-122.46559143066406,37.667304992675781
91463801,2021,2021-05-03,9335,2021-04-24,2130,022271,,6,2,6,4106,0,1,1,,2,021,"I-280 N/B TO D STREET","JUNIPERO SERRA BLVD",61.00,S,N,B,-,Y,,,280,,,,R,,N,Y,3,0,3,3,A,-,07,21658,A,N,C,C,A,B,H,-,C,A,0,,,,,Y,Y,D,22,0,1,2,0,0,0,0,0,0,"- ","- ",37.683700561523438,-122.47103118896484,"SAN MATEO","DALY CITY",-122.47103118896484,37.683700561523438
91468564,2021,2021-05-10,9335,2021-05-06,1214,022032,,4,1,6,4106,0,1,3,,2,035,"SR-35 S/B",SR-1,30.00,N,N,B,-,Y,,,35,,,,,,S,Y,4,0,1,2,A,-,03,22350,,N,C,C,A,A,H,-,A,D,0,,,,,Y,,A,07,0,0,1,0,0,0,0,0,0,"- ","- ",37.668491363525391,-122.48532867431641,"SAN MATEO","DALY CITY",-122.48531341552734,37.668514251708984
91468579,2021,2021-05-10,9335,2021-05-08,0018,022096,,6,3,6,4106,0,1,3,,2,041,"SR-1 N/B TO I-280 N/B","SOUTHGATE AVENUE",1290.00,N,N,A,-,Y,,,1,,,,R,,N,Y,2,0,1,1,A,-,01,23152,A,N,E,J,A,A,H,-,C,D,0,,,,,Y,Y,A,01,1,0,0,0,0,0,0,0,0,"- ","- ",37.679218292236328,-122.47104644775391,"SAN MATEO","DALY CITY",-122.47104644775391,37.679218292236328
91469846,2021,2021-05-11,9335,2021-04-27,1720,022175,,2,2,6,4106,0,1,3,,2,041,"SR-1 NB TO I-280 NB","I-280 SB FR D ST.",1800.00,S,N,A,-,Y,,,1,,,,R,,N,Y,3,0,5,4,A,-,07,21658,A,M,B,C,A,A,H,-,A,D,0,,,,,Y,,-,99,0,1,4,0,0,0,0,0,0,"- ","- ",37.678981781005859,-122.47118377685547,"SAN MATEO","DALY CITY",-122.47118377685547,37.678981781005859
91479345,2021,2021-05-27,9335,2021-05-12,2200,021672,,3,3,6,4106,0,1,1,,2,021,"I-280 S/B","JUNIPERO SERRA BLVD. OVERCROSSING",1109.00,N,N,A,-,Y,,,280,,,,,,S,Y,4,0,1,2,A,-,03,22350,,N,C,C,A,A,H,-,C,D,0,,,,,Y,,D,22,0,0,1,0,0,0,0,0,0,"- ","- ",37.698520660400391,-122.47162628173828,"SAN MATEO","DALY CITY",-122.47159576416016,37.698520660400391
91481951,2021,2021-05-27,9335,2021-05-13,2150,021301,,4,2,6,4106,0,1,1,,2,021,"I-280 S/B TO SULLIVAN AVE","SULLIVAN AVE",22.00,N,N,A,-,Y,,,280,,,,R,,S,N,4,0,1,2,A,-,03,22350,,M,C,C,A,A,H,-,C,D,0,,,,,Y,,-,99,0,0,1,0,0,0,0,0,0,"- ","- ",37.686798095703125,-122.47209930419922,"SAN MATEO","DALY CITY",-122.47209930419922,37.686798095703125
91488432,2021,2021-06-03,9335,2021-05-23,2350,022096,,7,3,6,4106,0,1,3,,2,041,"SR-1 N/B TO I-280 N/B","SOUTHGATE DRIVE",73.00,S,N,A,-,Y,,,1,,,,R,,N,Y,4,0,1,1,A,-,01,23152,A,N,B,I,A,A,H,-,C,D,0,,,,,Y,Y,A,01,0,0,1,0,0,0,0,0,0,"- ","- ",37.675609588623047,-122.47267150878906,"SAN MATEO","DALY CITY",-122.47267150878906,37.675609588623047
91499896,2021,2021-06-17,9335,2021-06-07,1940,020991,,1,2,6,4106,0,1,3,,2,041,"SR-1 S/B","CLARINADA AVE",974.00,N,N,A,-,Y,,,1,,,,,,S,N,3,0,1,2,A,-,03,22350,,N,C,C,A,A,H,-,B,D,0,,,Y,,Y,,C,02,0,1,0,0,0,0,0,0,1,"- ","- ",37.673919677734375,-122.47415924072266,"SAN MATEO","DALY CITY",-122.47409820556641,37.673885345458984
91501123,2021,2021-06-21,9335,2021-06-12,0545,022416,,6,3,6,4106,0,1,1,,2,021,"I-280 S/B","HICKEY BLVD",117.00,S,N,B,-,Y,,,280,,,,,,S,Y,3,0,1,2,A,-,07,21658,A,N,C,C,A,A,H,-,A,D,0,,,,,Y,,A,01,0,1,0,0,0,0,0,0,0,"- ","- ",37.663169860839844,-122.46587371826172,"SAN MATEO","DALY CITY",-122.46584320068359,37.663173675537109
91510840,2021,2021-07-01,9335,2021-06-21,1730,020991,,1,2,6,4106,0,1,1,,2,021,"I-280 N/B","SCHOOL ST. OVER CROSSING",87.00,S,N,A,-,Y,,,280,,,,,,N,Y,4,0,1,2,A,-,07,21658,A,N,B,C,A,A,H,-,A,D,0,,,,,Y,,A,01,0,0,1,0,0,0,0,0,0,"- ","- ",37.693031311035156,-122.47030639648438,"SAN MATEO","DALY CITY",-122.47032928466797,37.693031311035156
91512879,2021,2021-07-05,9335,2021-06-25,1719,022241,,5,2,6,4106,0,1,1,,2,021,"I-280 N/B","THE SERRAMONTE BOULEVARD UNDERCROSSING",1160.00,S,N,A,-,Y,,,280,,,,,,N,N,4,0,1,3,A,-,03,22350,,N,C,C,A,A,H,-,A,D,0,,,,,Y,,A,07,0,0,1,0,0,0,0,0,0,"- ","- ",37.666549682617188,-122.46546173095703,"SAN MATEO","DALY CITY",-122.465576171875,37.666549682617188
91517344,2021,2021-07-12,9335,2021-07-01,0005,021474,,4,3,6,4106,0,1,1,,2,021,"I-280 N/B TO SR-1 S/B","SOUTHGATE AVE. U/C",1056.00,N,N,C,-,Y,,,280,,,,R,,N,Y,4,0,1,1,A,-,08,22107,,N,E,I,A,B,H,-,D,D,0,,,Y,,Y,,C,02,0,0,1,0,0,0,0,0,1,"- ","- ",37.677719116210938,-122.47171020507812,"SAN MATEO","DALY CITY",-122.47171020507812,37.677719116210938
91518012,2021,2021-07-12,9335,2021-06-29,1520,020991,,2,2,6,4106,0,1,1,,2,021,"I-280 S/B","WESTBOROUGH BLVD. UNDER CROSSING",1768.00,N,N,A,-,Y,,,280,,,,,,S,Y,4,0,2,3,A,-,03,22350,,N,C,C,A,A,H,-,A,D,0,,,,,Y,,A,01,0,0,2,0,0,0,0,0,0,"- ","- ",37.649620056152344,-122.45245361328125,"SAN MATEO","DALY CITY",-122.45238494873047,37.649654388427734
91522665,2021,2021-07-19,9335,2021-07-02,1423,022241,,5,2,6,4106,0,1,1,,2,021,"I-280 S/B","THE SAN PEDRO ROAD OVERCROSSING",33.00,S,N,A,-,Y,,,280,,,,,,S,N,3,0,1,2,C,-,18,,,N,H,A,A,A,H,-,A,D,0,,,,,Y,,-,"- ",0,1,0,0,0,0,0,0,0,"- ","- ",37.684890747070312,-122.47152709960938,"SAN MATEO","DALY CITY",-122.47151184082031,37.684890747070312
91523168,2021,2021-07-19,9335,2021-07-10,1950,022241,,6,2,6,4106,0,1,1,,2,021,"I-280 S/B TO SULLIVAN AVENUE","THE WASHINGTON STREET OVERCROSSING",685.00,S,N,A,-,Y,,,280,,,,R,,S,N,2,0,1,1,A,-,03,22350,,N,E,I,A,A,H,-,B,A,0,,,Y,,Y,,C,02,1,0,0,0,0,0,0,0,1,"- ","- ",37.686031341552734,-122.47193908691406,"SAN MATEO","DALY CITY",-122.47193908691406,37.686031341552734
91534139,2021,2021-08-02,9335,2021-06-09,1530,020991,,3,2,6,4106,0,1,1,,2,021,"I-280 S/B FROM D ST.","SR-1 N/B TO I-280 N/B",10.00,N,N,A,-,Y,,,280,,,,R,,S,N,3,0,1,2,A,-,03,22350,,M,C,C,A,A,H,-,A,A,0,,,,,Y,,-,99,0,1,0,0,0,0,0,0,0,"- ","- ",37.677639007568359,-122.47168731689453,"SAN MATEO","DALY CITY",-122.47168731689453,37.677639007568359
91534957,2021,2021-08-02,9335,2021-07-24,0515,022179,,6,3,6,4106,0,1,1,,2,021,"I-280 S/B","JOHN DALY BLVD.",286.00,S,N,A,-,Y,,,280,,,,,,S,Y,3,0,1,1,A,-,01,23152,A,N,F,A,A,A,H,-,B,D,0,,,,,Y,Y,A,07,0,1,0,0,0,0,0,0,0,"- ","- ",37.704029083251953,-122.47203063964844,"SAN MATEO","DALY CITY",-122.47203063964844,37.704029083251953
91543196,2021,2021-08-12,9335,2021-07-02,1350,022241,,5,1,6,4106,0,1,1,,2,021,"I-280 N/B","THE SAN PEDRO ROAD OVERCROSSING",81.00,S,N,A,-,Y,,,280,,,,,,N,N,3,0,1,2,A,-,07,21658,A,M,B,C,A,A,H,-,A,D,0,,,,,Y,,-,99,0,1,0,0,0,0,0,0,0,"- ","- ",37.685070037841797,-122.47116851806641,"SAN MATEO","DALY CITY",-122.47135162353516,37.685081481933594
91547761,2021,2021-08-18,9335,2021-08-06,1939,022188,,5,2,6,4106,0,1,1,,2,021,"I-280 S/B","SCHOOL STREET OVERCROSSING",877.00,S,N,B,-,Y,,,280,,,,,,S,Y,4,0,1,3,A,-,08,22107,,N,C,2,A,A,H,-,A,D,0,,,,,Y,,A,01,0,0,1,0,0,0,0,0,0,"- ","- ",37.690841674804688,-122.47057342529297,"SAN MATEO","DALY CITY",-122.47052764892578,37.690841674804688
91563388,2021,2021-09-06,9335,2021-08-13,1645,022667,,5,2,6,4106,0,1,1,,2,021,"I-280 SB","SCHOOL STREET OVERCROSSING",80.00,S,N,B,-,Y,,,280,,,,,,S,Y,4,0,1,1,A,-,08,22107,,N,E,I,A,A,H,-,A,D,0,,,,,Y,,A,01,0,0,1,0,0,0,0,0,0,"- ","- ",37.693061828613281,-122.470458984375,"SAN MATEO","DALY CITY",-122.47055053710938,37.693058013916016
91563439,2021,2021-09-06,9335,2021-08-22,2146,022596,,7,2,6,4106,0,1,1,,2,021,"I-280 S/B","JOHN DALY BOULEVARD OVERCROSSING",1372.00,S,N,A,-,Y,,,280,,,,,,S,Y,4,0,1,1,A,-,01,23152,A,N,E,I,A,A,H,-,C,D,0,,,,,Y,Y,A,01,0,0,1,0,0,0,0,0,0,"- ","- ",37.700981140136719,-122.47209167480469,"SAN MATEO","DALY CITY",-122.47187805175781,37.701000213623047
91578766,2021,2021-09-24,9335,2021-09-08,2010,021916,,3,2,6,4106,0,1,1,,2,021,"SR-1 N/B TO EASTMOOR AVENUE","PROLONGATION OF JUNIPERO SERRA BLVD",975.00,S,N,A,-,Y,,,1,,,,R,,N,Y,3,0,1,1,A,-,08,22107,,N,E,I,A,A,H,-,C,D,0,,,Y,,Y,,C,02,0,1,0,0,0,0,0,0,1,"- ","- ",37.681110382080078,-122.47109985351562,"SAN MATEO","DALY CITY",-122.47109985351562,37.681110382080078
91592286,2021,2021-10-29,9335,2021-09-04,1410,022241,,6,2,6,4106,0,1,3,,2,041,"SR-1 S/B","THE GATEWAY DRIVE UNDERCROSSING",1021.00,S,N,A,-,Y,,,1,,,,,,S,N,4,0,1,1,A,-,01,23152,F,N,E,I,A,A,H,-,A,D,0,,,,,Y,,A,07,0,0,1,0,0,0,0,0,0,"- ","- ",37.662879943847656,-122.48445892333984,"SAN MATEO","DALY CITY",-122.48452758789062,37.662834167480469
91597264,2021,2021-10-15,9335,2021-09-05,2310,022187,,7,3,6,4106,0,1,1,,2,021,"I-280 N/B","THE JOHN DALY BOULEVARD OVER-CROSSING",1010.00,S,N,A,-,Y,,,280,,,,,,N,Y,3,0,1,2,A,-,07,21658,A,F,F,I,A,A,H,-,D,D,0,,,Y,,Y,,-,99,0,1,0,0,0,0,0,0,1,"- ","- ",37.702079772949219,-122.47135925292969,"SAN MATEO","DALY CITY",-122.47134399414062,37.702079772949219
91598131,2021,2021-10-18,9335,2021-09-30,1510,022703,,4,2,6,4106,0,1,1,,2,021,"19TH AVENUE S/B TO JOHN DALY BOULEVARD W/B","JOHN DALY BOULEVARD OVERCROSSING",341.00,N,N,A,-,Y,,,,,,,,,,Y,3,0,1,1,A,-,01,23152,A,N,E,I,A,A,H,-,A,D,0,,,,,Y,Y,A,07,0,1,0,0,0,0,0,0,0,"- ","- ",37.705970764160156,-122.47025299072266,"SAN MATEO","DALY CITY",,
91598327,2021,2021-10-18,9335,2021-08-30,0840,018399,,1,1,6,4106,0,1,A,,2,748,"1500 SULLIVAN AVE, DALY CITY, CA 94015","BRYANT ST",63.00,E,N,B,-,N,,,,,,,,,,N,4,0,1,2,A,-,21,22106,,N,G,B,E,A,H,-,A,D,0,Y,,,,Y,,A,01,0,0,1,0,1,0,0,0,0,"- ","- ",37.411930084228516,-122.2822265625,"SAN MATEO","DALY CITY",-122.13979339599609,37.432384490966797
91598330,2021,2021-10-18,9335,2021-10-08,1625,022241,,5,2,6,4106,0,1,1,,2,021,"I-280 N/B","SCHOOL ST. OVERCROSSING",310.00,S,N,B,-,Y,,,280,,,,,,N,Y,4,0,2,2,A,-,03,22350,,N,C,C,A,A,H,-,A,D,0,,,,,Y,,A,01,0,0,2,0,0,0,0,0,0,"- ","- ",37.692451477050781,-122.47013854980469,"SAN MATEO","DALY CITY",-122.47032165527344,37.692447662353516
91602659,2021,2021-10-21,9335,2021-10-15,1630,022241,,5,2,6,4106,0,1,1,,2,021,"I-280 N/B","SOUTH EDGE OF SCHOOL STREET OVERCROSSING",35.00,N,N,A,-,Y,,,280,,,,,,N,Y,4,0,1,4,A,-,03,22350,,N,C,C,A,A,H,-,A,D,0,,,,,Y,,A,01,0,0,1,0,0,0,0,0,0,"- ","- ",37.693378448486328,-122.47032165527344,"SAN MATEO","DALY CITY",-122.47032928466797,37.693378448486328
91604615,2021,2021-12-27,9335,2021-09-23,1405,021916,,4,2,6,4106,0,1,1,,2,021,"I-280 S/B","SAN PEDRO ROAD OVERCROSSING",215.00,S,N,A,-,Y,,,280,,,,,,S,N,4,0,1,2,A,-,07,21658,A,M,B,C,A,A,H,-,A,D,0,,,,,Y,,A,01,0,0,1,0,0,0,0,0,0,"- ","- ",37.684261322021484,-122.47167205810547,"SAN MATEO","DALY CITY",-122.47154998779297,37.684253692626953
91608645,2021,2021-10-28,9335,2021-10-20,2040,020991,,3,2,6,4106,0,1,1,,2,021,"I-280 S/B","WASHINGTON ST. OVERCROSSING",398.00,N,N,C,-,Y,,,280,,,,,,S,Y,4,0,2,2,A,-,08,22107,,N,D,C,A,B,H,-,D,D,0,,,,,Y,,A,01,0,0,2,0,0,0,0,0,0,"- ","- ",37.689041137695312,-122.47081756591797,"SAN MATEO","DALY CITY",-122.47069549560547,37.689002990722656
91609282,2021,2021-10-28,9335,2021-10-21,0810,019581,,4,1,6,4106,0,1,1,,2,021,"I-280 S/B","THE WASHINGTON ST. O/C",100.00,S,N,C,-,Y,,,280,,,,,,S,Y,3,0,1,3,A,-,03,22350,,N,C,C,A,B,H,-,A,D,0,,,,,Y,,A,01,0,1,0,0,0,0,0,0,0,"- ","- ",37.687599182128906,-122.47077178955078,"SAN MATEO","DALY CITY",-122.47111511230469,37.687705993652344
91610312,2021,2021-10-29,9335,2021-10-22,1805,022241,,5,2,6,4106,0,1,1,,2,021,"I-280 N/B TO 19TH AVENUE","THE JOHN DALY BOULEVARD OVERCROSSING",1247.00,S,N,A,-,Y,,,280,,,,R,,N,Y,4,0,1,2,A,-,03,22350,,N,C,C,A,A,H,-,A,D,0,,,,,Y,,A,01,0,0,1,0,0,0,0,0,0,"- ","- ",37.701450347900391,-122.47142028808594,"SAN MATEO","DALY CITY",-122.47142028808594,37.701450347900391
91611533,2021,2021-11-01,9335,2021-10-21,0650,017995,,4,1,6,4106,0,1,3,,2,041,"SR-1 N/B","I-280 S/B CONNECTOR ROAD FROM SR-1 N/B",200.00,S,N,B,C,Y,,,1,,,,,,N,Y,3,0,1,1,A,-,08,22107,,N,E,8,A,B,G,-,C,D,0,,,,,Y,,A,01,0,1,0,0,0,0,0,0,0,"- ","- ",37.674938201904297,-122.47296905517578,"SAN MATEO","DALY CITY",-122.47314453125,37.675056457519531
91612848,2021,2021-11-02,9335,2021-10-16,0845,020972,,6,1,6,4106,0,1,1,,2,021,"I-280 NB TO HICKEY BL.","HICKEY BOULEVARD",870.00,S,N,A,-,Y,,,280,,,,R,,N,Y,4,0,1,2,A,-,03,22350,,N,B,C,A,A,H,-,A,D,0,,,,,Y,,A,07,0,0,1,0,0,0,0,0,0,"- ","- ",37.660728454589844,-122.46420288085938,"SAN MATEO","DALY CITY",-122.46420288085938,37.660728454589844
91616012,2021,2021-11-04,9335,2021-10-24,0830,022032,,7,1,6,4106,0,1,1,,2,021,"I-280 N/B","SCHOOL ST",1500.00,N,N,C,-,Y,,,280,,,,,,N,Y,4,0,1,1,A,-,08,22107,,N,E,I,A,B,H,-,A,D,0,,,,,Y,,A,01,0,0,1,0,0,0,0,0,0,"- ","- ",37.697498321533203,-122.47099304199219,"SAN MATEO","DALY CITY",-122.47119140625,37.697425842285156
91616155,2021,2021-11-04,9335,2021-10-24,1455,022326,,7,2,6,4106,0,1,1,,2,021,"I-280 N/B","WASHINGTON STREET",65.00,N,N,C,-,Y,,,280,,,,,,N,Y,4,0,1,1,A,-,08,22107,,N,E,I,A,B,H,-,D,D,0,,,,,Y,,A,01,0,0,1,0,0,0,0,0,0,"- ","- ",37.688179016113281,-122.47084808349609,"SAN MATEO","DALY CITY",-122.47074890136719,37.688144683837891
91616689,2021,2021-11-05,9335,2021-10-24,2200,022271,,7,3,6,4106,0,1,1,,2,021,"I-280 N/B","WASHINGTON STREET",440.00,N,N,B,C,Y,,,280,,,,,,N,Y,4,0,1,2,A,-,03,22350,,N,C,C,A,B,F,-,C,D,0,,,,,Y,,A,07,0,0,1,0,0,0,0,0,0,"- ","- ",37.689170837402344,-122.47039794921875,"SAN MATEO","DALY CITY",-122.47042846679688,37.689174652099609
91617183,2021,2021-11-05,9335,2021-10-26,2040,021424,,2,2,6,4106,0,1,3,,2,041,"SR-1 S/B TO SR-35 N/B","LAKESHIRE DRIVE",328.00,S,N,B,-,Y,,,1,,,,R,,S,Y,2,0,3,1,A,-,08,22107,,N,E,I,A,A,H,-,C,D,0,,,,,Y,,D,22,1,2,0,0,0,0,0,0,0,"- ","- ",37.669929504394531,-122.48436737060547,"SAN MATEO","DALY CITY",-122.48436737060547,37.669929504394531
91617902,2021,2021-11-08,9335,2021-10-27,2200,021301,,3,3,6,4106,0,1,1,,2,021,"GUADALUPE CANYON PKY","PRICE ST",3062.00,E,N,A,-,Y,,,,,,,,,,Y,3,0,1,1,A,-,08,22107,,N,H,A,A,A,H,-,D,D,0,,,,,Y,,A,07,0,1,0,0,0,0,0,0,0,"- ","- ",37.701301574707031,-122.44940185546875,"SAN MATEO","DALY CITY",-122.44973754882812,37.700851440429688