CASE_ID,ACCIDENT_YEAR,PROC_DATE,JURIS,COLLISION_DATE,COLLISION_TIME,OFFICER_ID,REPORTING_DISTRICT,DAY_OF_WEEK,CHP_SHIFT,POPULATION,CNTY_CITY_LOC,SPECIAL_COND,BEAT_TYPE,CHP_BEAT_TYPE,CITY_DIVISION_LAPD,CHP_BEAT_CLASS,BEAT_NUMBER,PRIMARY_RD,SECONDARY_RD,DISTANCE,DIRECTION,INTERSECTION,WEATHER_1,WEATHER_2,STATE_HWY_IND,CALTRANS_COUNTY,CALTRANS_DISTRICT,STATE_ROUTE,ROUTE_SUFFIX,POSTMILE_PREFIX,POSTMILE,LOCATION_TYPE,RAMP_INTERSECTION,SIDE_OF_HWY,TOW_AWAY,COLLISION_SEVERITY,NUMBER_KILLED,NUMBER_INJURED,PARTY_COUNT,PRIMARY_COLL_FACTOR,PCF_CODE_OF_VIOL,PCF_VIOL_CATEGORY,PCF_VIOLATION,PCF_VIOL_SUBSECTION,HIT_AND_RUN,TYPE_OF_COLLISION,MVIW,PED_ACTION,ROAD_SURFACE,ROAD_COND_1,ROAD_COND_2,LIGHTING,CONTROL_DEVICE,CHP_ROAD_TYPE,PEDESTRIAN_ACCIDENT,BICYCLE_ACCIDENT,MOTORCYCLE_ACCIDENT,TRUCK_ACCIDENT,NOT_PRIVATE_PROPERTY,ALCOHOL_INVOLVED,STWD_VEHTYPE_AT_FAULT,CHP_VEHTYPE_AT_FAULT,COUNT_SEVERE_INJ,COUNT_VISIBLE_INJ,COUNT_COMPLAINT_PAIN,COUNT_PED_KILLED,COUNT_PED_INJURED,COUNT_BICYCLIST_KILLED,COUNT_BICYCLIST_INJURED,COUNT_MC_KILLED,COUNT_MC_INJURED,PRIMARY_RAMP,SECONDARY_RAMP,LATITUDE,LONGITUDE,COUNTY,CITY,POINT_X,POINT_Y
91623781,2021,2021-11-15,9335,2021-09-28,2140,021301,,2,2,6,4106,0,1,1,,2,021,"I-280 S/B","HICKEY BLVD UNDER-CROSSING",1267.00,N,N,A,-,Y,,,280,,,,,,S,Y,4,0,2,2,A,-,07,21658,A,N,B,2,A,A,H,-,C,D,0,,,,,Y,,A,07,0,0,2,0,0,0,0,0,0,"- ","- ",37.667301177978516,-122.46589660644531,"SAN MATEO","DALY CITY",-122.46591186523438,37.667301177978516
91631303,2021,2021-11-22,9335,2021-10-25,0520,022416,,1,3,6,4106,0,1,1,,2,021,"I-280 N/B","SERRAMONTE BLVD",517.00,S,N,C,-,Y,,,280,,,,,,N,Y,4,0,1,1,A,-,08,22107,,N,E,I,A,B,H,-,D,D,0,,,,,Y,,A,01,0,0,1,0,0,0,0,0,0,"- ","- ",37.668251037597656,-122.46572875976562,"SAN MATEO","DALY CITY",-122.46563720703125,37.668270111083984
91634920,2021,2021-11-25,9335,2021-11-12,1835,021474,,5,2,6,4106,0,1,3,,2,041,"SR-1 S/B","SOUTHGATE AVE. U/C",605.00,S,N,A,-,Y,,,1,,,,,,S,Y,3,0,3,2,A,-,03,22350,,N,C,C,A,A,H,-,C,D,0,,,,,Y,,A,01,0,1,2,0,0,0,0,0,0,"- ","- ",37.674308776855469,-122.47392272949219,"SAN MATEO","DALY CITY",-122.47386169433594,37.674270629882812
91636210,2021,2022-08-04,9335,2021-10-24,1440,022186,,7,2,6,4106,0,1,1,,2,024,"I-280 N/B","SERRAMONTE BOULEVARD U/C",180.00,S,N,C,-,Y,,,280,,,,,,N,N,4,0,2,2,A,-,08,22107,,N,E,J,A,B,H,-,A,D,0,,,,,Y,,-,"- ",0,0,2,0,0,0,0,0,0,"- ","- ",37.669170379638672,-122.46588134765625,"SAN MATEO","DALY CITY",-122.46583557128906,37.669178009033203
91642981,2021,2021-12-06,9335,2021-11-20,1750,021474,,6,2,6,4106,0,1,1,,2,021,"I-280 S/B","SOUTHGATE AVE. U/C",665.00,S,N,A,-,Y,,,280,,,,,,S,Y,4,0,1,3,A,-,03,22350,,N,C,C,A,A,H,-,C,D,0,,,,,Y,,D,22,0,0,1,0,0,0,0,0,0,"- ","- ",37.673450469970703,-122.46833801269531,"SAN MATEO","DALY CITY",-122.46831512451172,37.673469543457031
91648244,2021,2021-12-09,9335,2021-11-27,0650,022667,,6,1,6,4106,0,1,1,,2,021,"I-280 N/B","WASHINGTON ST. OVERCROSSING",410.00,N,N,A,-,Y,,,280,,,,,,N,Y,3,0,2,1,A,-,08,22107,,N,E,I,A,A,H,-,B,D,0,,,,,Y,,A,01,0,1,1,0,0,0,0,0,0,"- ","- ",37.689090728759766,-122.47052764892578,"SAN MATEO","DALY CITY",-122.47046661376953,37.689067840576172
91649512,2021,2021-12-13,9335,2021-12-03,2240,022525,,5,3,6,4106,0,1,1,,2,021,"I-280 NB","THE HICKEY BLVD U/C",385.00,N,N,B,-,Y,,,280,,,,,,N,Y,4,0,1,2,A,-,01,23152,A,N,C,C,A,A,H,-,C,D,0,,,,,Y,Y,A,01,0,0,1,0,0,0,0,0,0,"- ","- ",37.664779663085938,-122.46542358398438,"SAN MATEO","DALY CITY",-122.46554565429688,37.664775848388672
91649764,2021,2021-12-13,9335,2021-12-04,1740,021957,,6,2,6,4106,0,1,1,,2,021,"I-280 N/B TO 19TH STREET","JOHN DALY BLVD. O/C",90.00,N,N,A,-,Y,,,280,,,,R,,N,N,4,0,1,2,A,-,03,22350,,N,C,C,A,A,H,-,C,D,0,,,,,Y,,A,07,0,0,1,0,0,0,0,0,0,"- ","- ",37.705410003662109,-122.47144317626953,"SAN MATEO","DALY CITY",-122.47144317626953,37.705410003662109
91650271,2021,2021-12-13,9335,2021-12-05,0300,022271,,7,3,6,4106,0,1,3,,2,041,"SR-1 S/B","SOUTHGATE AVE",1015.00,S,N,A,-,Y,,,1,,,,,,S,Y,4,0,1,2,A,-,03,22350,,N,C,C,A,A,H,-,C,D,0,,,,,Y,,A,01,0,0,1,0,0,0,0,0,0,"- ","- ",37.673271179199219,-122.47453308105469,"SAN MATEO","DALY CITY",-122.47450256347656,37.673252105712891
91652669,2021,2021-12-15,9335,2021-12-03,1315,022667,,5,1,6,4106,0,1,1,,2,021,"I-280 N/B","SOUTH GATE AVE. UNDERCROSSING",25.00,S,N,B,-,Y,,,280,,,,,,N,Y,3,0,1,2,A,-,03,22350,,N,B,C,A,A,H,-,A,D,0,,,,,Y,,A,01,0,1,0,0,0,0,0,0,0,"- ","- ",37.675041198730469,-122.46916961669922,"SAN MATEO","DALY CITY",-122.46926116943359,37.674972534179688
91652882,2021,2021-12-15,9335,2021-12-07,0620,021099,,2,1,6,4106,0,1,1,,2,021,"I-280 S/B","WESTBOROUGH BLVD UNDER-CROSSING",6600.00,N,N,B,C,Y,,,,,,,,,,N,3,0,3,2,A,-,08,22107,,N,B,C,A,B,H,-,D,D,0,,,,,Y,,A,01,0,3,0,0,0,0,0,0,0,"- ","- ",37.568641662597656,-122.46266174316406,"SAN MATEO","DALY CITY",-122.45008087158203,37.645858764648438
91655198,2021,2021-12-17,9335,2021-12-10,1710,021957,,5,2,6,4106,0,1,1,,2,021,"I-280 NB","SAN PEDRO RD O/C",160.00,S,N,A,-,Y,,,280,,,,,,N,N,4,0,1,3,A,-,03,22350,,N,C,C,A,A,H,-,C,D,0,,,,,Y,,A,07,0,0,1,0,0,0,0,0,0,"- ","- ",37.684749603271484,-122.47129058837891,"SAN MATEO","DALY CITY",-122.47136688232422,37.68475341796875
91655628,2021,2021-12-20,9335,2021-12-09,1805,021474,,4,2,6,4106,0,1,1,,2,021,"I-280 N/B","HICKEY BLVD. U/C",895.00,N,N,A,-,Y,,,280,,,,,,N,N,4,0,1,2,A,-,03,22350,,N,C,C,A,A,H,-,D,D,0,,,,,Y,,A,01,0,0,1,0,0,0,0,0,0,"- ","- ",37.666141510009766,-122.46544647216797,"SAN MATEO","DALY CITY",-122.46556854248047,37.6661376953125
91655910,2021,2021-12-20,9335,2021-12-13,0011,022525,,1,3,6,4106,0,1,1,,2,021,"I-280 S/B","THE HICKEY BOULEVARD UNDERCROSSING",1580.00,S,N,C,-,Y,,,280,,,,,,S,Y,2,0,1,1,C,-,18,,,N,E,J,A,B,C,-,D,D,0,,,,,Y,,-,"- ",1,0,0,0,0,0,0,0,0,"- ","- ",37.659511566162109,-122.46379852294922,"SAN MATEO","DALY CITY",-122.46379089355469,37.659523010253906
91656179,2021,2021-12-20,9335,2021-12-17,1515,021957,,5,2,6,4106,0,1,1,,2,021,"I-280 NB","JOHN DALY BLVD O/C",212.00,S,N,A,-,Y,,,280,,,,,,N,N,4,0,1,2,A,-,03,22350,,N,C,C,A,A,H,-,A,D,0,,,,,Y,,A,01,0,0,1,0,0,0,0,0,0,"- ","- ",37.704280853271484,-122.47148132324219,"SAN MATEO","DALY CITY",-122.47129821777344,37.704265594482422
91658498,2021,2021-12-22,9335,2021-12-13,0010,022525,,1,3,6,4106,0,1,1,,2,021,"I-280 SB","OF THE HICKEY STREET UNDERCROSSING.",1580.00,S,N,B,C,Y,,,280,,,,,,S,Y,4,0,1,1,C,-,18,,,N,E,J,A,B,C,-,D,D,0,,,,,Y,,-,"- ",0,0,1,0,0,0,0,0,0,"- ","- ",37.659511566162109,-122.46379852294922,"SAN MATEO","DALY CITY",-122.46379089355469,37.659523010253906
91659342,2021,2021-12-23,9335,2021-11-18,1745,021474,,4,2,6,4106,0,1,1,,2,021,"280 N/B","HICKEY BLVD. U/C",960.00,N,N,A,-,Y,,,,,,,,,,Y,3,0,2,3,A,-,03,22350,,M,C,C,A,A,H,-,D,D,0,,,,,Y,,A,01,0,1,1,0,0,0,0,0,0,"- ","- ",37.666339874267578,-122.46544647216797,"SAN MATEO","DALY CITY",,
91662097,2021,2021-12-27,9335,2021-12-25,0910,019631,,6,1,6,4106,0,1,1,,2,021,"I-280 N/B","SERRAMONTE BLVD",420.00,S,N,C,-,Y,,,280,,,,,,N,Y,4,0,1,1,A,-,08,22107,,N,E,I,A,B,H,-,A,D,0,,,,,Y,,A,01,0,0,1,0,0,0,0,0,0,"- ","- ",37.668548583984375,-122.46569061279297,"SAN MATEO","DALY CITY",-122.4656982421875,37.668548583984375
91666413,2021,2021-12-30,9335,2021-12-22,1545,021474,,3,2,6,4106,0,1,1,,2,021,"I-280 S/B","SOUTHGATE AVE. U/C",1954.00,N,N,B,-,Y,,,280,,,,,,S,N,4,0,1,2,A,-,03,22350,,N,C,C,A,B,H,-,A,D,0,,,,,Y,,A,01,0,0,1,0,0,0,0,0,0,"- ","- ",37.681221008300781,-122.47184753417969,"SAN MATEO","DALY CITY",-122.47171783447266,37.68121337890625
91667192,2021,2021-12-31,9335,2021-12-23,0255,021301,,4,3,6,4106,0,1,1,,2,021,"I-280 N/B","SERRAMONTE BLVD UNDER-CROSSING",508.00,S,N,C,-,Y,,,280,,,,,,N,Y,2,0,1,1,A,-,08,22107,,N,E,I,A,B,H,-,C,D,0,,,,,Y,,A,01,1,0,0,0,0,0,0,0,0,"- ","- ",37.668300628662109,-122.4656982421875,"SAN MATEO","DALY CITY",-122.46564483642578,37.668312072753906
91668153,2021,2022-01-03,9335,2021-12-23,0810,022032,,4,1,6,4106,0,1,1,,2,021,"I-280 N/B","SERRAMONTE BLVD",240.00,S,N,B,C,Y,,,280,,,,,,N,Y,3,0,1,1,A,-,08,22107,,N,E,I,A,B,H,-,A,D,0,,,,,Y,,A,01,0,1,0,0,0,0,0,0,0,"- ","- ",37.669010162353516,-122.46585845947266,"SAN MATEO","DALY CITY",-122.46579742431641,37.669021606445312
91673289,2021,2022-01-07,9335,2021-12-25,2340,022187,,6,3,6,4106,0,1,1,,2,021,"I-280 S/B","THE NORTH EDGE OF THE JOHN DALY BLVD TUNNEL",155.00,S,N,C,-,Y,,,280,,,,,,S,Y,4,0,1,1,A,-,01,23152,A,N,E,I,A,B,H,-,C,D,0,,,,,Y,Y,A,01,0,0,1,0,0,0,0,0,0,"- ","- ",37.705718994140625,-122.47119903564453,"SAN MATEO","DALY CITY",-122.47133636474609,37.705795288085938
91674157,2021,2022-01-10,9335,2021-12-28,2035,021474,,2,2,6,4106,0,1,1,,2,021,"I-280 S/B","JUNIPERO SERRA BLVD. O/C",820.00,N,N,B,C,Y,,,280,,,,,,S,Y,3,0,2,1,A,-,08,22107,,N,E,I,A,B,H,-,C,D,0,,,,,Y,,A,01,0,2,0,0,0,0,0,0,0,"- ","- ",37.697658538818359,-122.47174072265625,"SAN MATEO","DALY CITY",-122.47149658203125,37.697704315185547
91678211,2022,2022-01-14,9335,2022-01-01,0105,022326,,6,3,6,4106,0,1,1,,2,021,"I-280 N/B TO D STREET","JUNIPERO SERRA BOULEVARD",6.00,S,N,A,-,Y,,,,,,,,,,Y,3,0,1,1,A,-,01,23152,A,N,E,I,A,A,H,-,C,D,0,,,,,Y,Y,A,01,0,1,0,0,0,0,0,0,0,"- ","- ",37.683849334716797,-122.47087860107422,"SAN MATEO","DALY CITY",-122.47087860107422,37.683849334716797
91678948,2021,2022-01-17,9335,2021-12-13,1005,022667,,1,1,6,4106,0,1,1,,2,021,"I-280 S/B","SAN PEDRO RD OVERCROSSING",680.00,S,N,B,C,Y,,,280,,,,,,S,Y,4,0,2,3,A,-,08,22107,,M,B,C,A,B,H,-,A,D,0,,,,,Y,,-,99,0,0,2,0,0,0,0,0,0,"- ","- ",37.683010101318359,-122.47173309326172,"SAN MATEO","DALY CITY",-122.47162628173828,37.683002471923828
91682519,2022,2022-01-21,9335,2022-01-14,1720,021957,,5,2,6,4106,0,1,1,,2,021,"I-280 N/B","SCHOOL ST. O/C",44.00,S,N,A,-,Y,SM,,280,,R,26.334,H,,R,Y,4,0,3,2,A,-,03,22350,,N,C,C,A,A,H,-,B,D,0,,,,,Y,,A,01,0,0,3,0,0,0,0,0,0,"- ","- ",37.693168640136719,-122.47015380859375,"SAN MATEO","DALY CITY",-122.47027587890625,37.693168640136719
91683134,2022,2022-01-24,9335,2022-01-17,1515,018688,,1,2,6,4106,0,1,1,,2,021,"I-280 N/B FROM WESTBOROUGH BLVD. W/B","KING DR.",1040.00,S,N,A,-,Y,SM,,280,,R,22.968,H,,R,Y,3,0,3,2,A,-,03,22350,,N,C,2,A,A,H,-,A,A,0,,,,,Y,,D,23,0,1,2,0,0,0,0,0,0,"- ","- ",37.649799346923828,-122.45179748535156,"SAN MATEO","DALY CITY",-122.45205688476562,37.649703979492188
91691582,2022,2022-02-02,9335,2022-01-23,0148,022486,,7,3,6,4106,0,1,1,,2,021,I-280,"JUNIPERO SERRA BLVD OVERCROSSING",475.00,N,N,A,-,Y,SM,,280,,R,26.591,H,,L,Y,2,0,2,1,A,-,01,23152,A,N,E,I,A,A,H,-,C,D,0,,,,,Y,Y,A,07,2,0,0,0,0,0,0,0,0,"- ","- ",37.696678161621094,-122.47142791748047,"SAN MATEO","DALY CITY",-122.47122955322266,37.696727752685547
91694167,2022,2022-02-07,9335,2022-02-01,1600,021474,,2,2,6,4106,0,1,1,,2,021,"I-280 N/B FROM WASHINGTON ST.","WASHINGTON ST.",80.00,N,N,A,-,Y,,,,,,,,,,N,4,0,1,2,A,-,03,22350,,N,C,C,A,A,H,-,A,D,0,,,,,Y,,A,07,0,0,1,0,0,0,0,0,0,"- ","- ",37.688201904296875,-122.46996307373047,"SAN MATEO","DALY CITY",-122.46996307373047,37.688201904296875
91694199,2022,2022-02-07,9335,2022-01-17,1611,018688,,1,2,6,4106,0,1,1,,2,021,"I-280 N/B TO 19TH AVE.","JOHN DALY BLVD.",780.00,S,N,A,-,Y,SM,,280,,M,27.004,H,,R,N,3,0,1,2,A,-,07,21658,A,F,B,2,A,A,H,-,A,D,0,,,Y,,Y,,A,01,0,1,0,0,0,0,0,0,1,"- ","- ",37.702739715576172,-122.47133636474609,"SAN MATEO","DALY CITY",-122.47132110595703,37.702739715576172
91698986,2022,2022-02-11,9335,2022-02-03,1435,022032,,4,2,6,4106,0,1,1,,2,021,"I-280 N/B FROM SERRAMONTE BLVD","SOUTHGATE AVE",1310.00,S,N,A,-,Y,SM,,280,,R,24.797,H,,R,Y,3,0,2,2,A,-,03,22350,,N,C,C,A,A,H,-,A,A,0,,,,,Y,,A,01,0,1,1,0,0,0,0,0,0,"- ","- ",37.672050476074219,-122.46675872802734,"SAN MATEO","DALY CITY",-122.46688079833984,37.671989440917969
91699588,2022,2022-02-14,9335,2022-02-04,1510,021957,,5,2,6,4106,0,1,1,,2,021,"I-280 N/B","AVALON DR. UNDERCROSSING",697.00,N,N,A,-,Y,SM,,280,,R,22.200,H,,R,Y,3,0,1,2,A,-,07,21658,A,N,B,C,A,A,H,-,A,D,0,,,,,Y,,A,07,0,1,0,0,0,0,0,0,0,"- ","- ",37.641349792480469,-122.44338989257812,"SAN MATEO","DALY CITY",-122.44338989257812,37.641349792480469
91702143,2022,2022-02-16,9335,2022-02-04,1640,021916,,5,2,6,4106,0,1,1,,2,021,"I-280 N/B","JUNIPERO SERRA BLVD OVERCROSSING",6.00,N,N,A,-,Y,SM,,280,,R,26.509,H,,R,Y,3,0,1,2,D,-,00,,,N,C,C,A,A,H,-,A,D,0,,,Y,,Y,,-,"- ",0,1,0,0,0,0,0,0,1,"- ","- ",37.695789337158203,-122.47064208984375,"SAN MATEO","DALY CITY",-122.4705810546875,37.695804595947266
91703282,2022,2022-02-17,9335,2022-02-10,1320,022667,,4,1,6,4106,0,1,1,,2,021,"I-280 S/B","WASHINGTON ST",940.00,N,N,A,-,Y,SM,,280,,R,26.148,H,,L,Y,4,0,1,2,A,-,07,21658,A,N,B,2,A,A,H,-,A,D,0,,,,,Y,,A,07,0,0,1,0,0,0,0,0,0,"- ","- ",37.690528869628906,-122.47068023681641,"SAN MATEO","DALY CITY",-122.47052764892578,37.690528869628906
91704873,2022,2022-02-21,9335,2022-02-12,1400,022326,,6,2,6,4106,0,1,1,,2,021,"I-280 SB","SAN PEDRO RD",1160.00,S,N,A,-,Y,SM,,280,,R,25.534,H,,L,Y,4,0,1,2,A,-,03,22350,,N,C,C,A,A,H,-,A,D,0,,,,,Y,,A,01,0,0,1,0,0,0,0,0,0,"- ","- ",37.68157958984375,-122.47181701660156,"SAN MATEO","DALY CITY",-122.47169494628906,37.681575775146484
91710527,2022,2022-02-28,9335,2022-02-19,2258,022179,,6,3,6,4106,0,1,1,,2,021,"I-280 N/B","SERRAMONTE BLVD. U/C",33.00,S,N,A,-,Y,SM,,280,,R,24.628,H,,R,Y,2,0,1,1,A,-,08,22107,,N,E,I,A,A,H,-,C,D,0,,,,,Y,,A,01,1,0,0,0,0,0,0,0,0,"- ","- ",37.669700622558594,-122.46576690673828,"SAN MATEO","DALY CITY",-122.46580505371094,37.669692993164062
91713140,2022,2022-03-02,9335,2022-02-23,1532,018688,,3,2,6,4106,0,1,1,,2,021,"I-280 S/B","JUNIPERO SERRA BLVD. (NORTHERN OVERPASS)",1000.00,N,N,A,-,Y,SM,,280,,R,26.702,H,,L,Y,4,0,2,3,A,-,08,22107,,N,E,8,A,A,H,-,A,D,0,,,,,Y,,A,01,0,0,2,0,0,0,0,0,0,"- ","- ",37.698341369628906,-122.47147369384766,"SAN MATEO","DALY CITY",-122.47158050537109,37.698333740234375
91715941,2022,2022-03-07,9335,2022-02-26,1140,022667,,6,1,6,4106,0,1,1,,2,021,"I-280 S/B","SOUTHGATE AVE UNDERCROSSING",150.00,S,N,B,-,Y,SM,,280,,R,25.020,H,,L,Y,4,0,3,3,A,-,03,22350,,N,C,C,A,A,H,-,A,D,0,,,,,Y,,A,07,0,0,3,0,0,0,0,0,0,"- ","- ",37.674709320068359,-122.46939086914062,"SAN MATEO","DALY CITY",-122.46941375732422,37.674697875976562
91727252,2022,2022-03-21,9335,2022-03-09,1520,018688,,3,2,6,4106,0,1,1,,2,021,"I-280 N/B","SERRAMONTE BLVD",500.00,N,N,A,-,Y,SM,,280,,R,24.803,H,,R,N,4,0,4,3,A,-,03,22350,,N,C,C,A,A,H,-,A,D,0,,,,,Y,,A,01,0,0,4,0,0,0,0,0,0,"- ","- ",37.672088623046875,-122.46691131591797,"SAN MATEO","DALY CITY",-122.46694946289062,37.672069549560547
91730697,2022,2022-03-24,9335,2022-02-22,0625,019084,,2,1,6,4106,0,1,1,,2,021,"I-280 NORTHBOUND","JUNIPERO SERRA BLVD O/C",800.00,N,N,A,-,Y,SM,,280,,R,26.661,H,,R,N,4,0,1,2,A,-,03,22350,,M,C,C,A,A,H,-,A,D,0,,,,,Y,,A,01,0,0,1,0,0,0,0,0,0,"- ","- ",37.697879791259766,-122.47132873535156,"SAN MATEO","DALY CITY",-122.47128295898438,37.697883605957031
91734307,2022,2022-03-28,9335,2022-03-16,1615,022823,,3,2,6,4106,0,1,3,,2,035,"SR-35 NB TO SR-1 SB",SR-1,360.00,N,N,A,-,Y,SM,,35,,R,28.774,H,,R,Y,3,0,1,1,A,-,08,22107,,N,E,I,A,A,H,-,A,D,0,,,,,Y,Y,A,01,0,1,0,0,0,0,0,0,0,"- ","- ",37.669609069824219,-122.48583221435547,"SAN MATEO","DALY CITY",-122.48604583740234,37.669490814208984
91738373,2022,2022-03-31,9335,2022-03-21,1346,022823,,1,1,6,4106,0,1,1,,2,021,"I-280 SB","WASHINGTON ST OVERCROSSING",507.00,S,N,A,-,Y,SM,,280,,R,25.862,H,,L,Y,4,0,1,2,A,-,03,22350,,N,C,C,A,A,H,-,A,D,0,,,,,Y,,A,08,0,0,1,0,0,0,0,0,0,"- ","- ",37.686470031738281,-122.47154235839844,"SAN MATEO","DALY CITY",-122.47151184082031,37.686466217041016
91738413,2022,2022-04-01,9335,2022-02-13,1154,022188,,7,1,6,4106,0,1,3,,2,041,"SR-1 S/B","CLARINADA AVENUE UNDERCROSSING",186.00,S,N,A,-,Y,SM,,1,,R,47.251,H,,L,Y,2,0,3,2,A,-,03,22350,,N,C,C,A,A,H,-,A,D,0,,,,,Y,,A,01,2,1,0,0,0,0,0,0,0,"- ","- ",37.671268463134766,-122.47673034667969,"SAN MATEO","DALY CITY",-122.47678375244141,37.671329498291016
91756715,2022,2022-06-01,9335,2022-04-15,1735,022186,,5,2,6,4106,0,1,1,,2,021,"I-280 N/B","KING DRIVE U/C",2422.00,N,N,A,-,Y,SM,,280,,R,23.639,H,,R,Y,3,0,3,3,A,-,03,22350,,N,C,C,A,A,H,-,A,D,0,,,,,Y,,A,01,0,1,2,0,0,0,0,0,0,"- ","- ",37.657001495361328,-122.45989227294922,"SAN MATEO","DALY CITY",-122.45995330810547,37.656948089599609
91762682,2022,2022-05-03,9335,2022-04-25,1610,021474,,1,2,6,4106,0,1,3,,2,035,"SR-35 N/B","JOHN DALY BLVD.",1901.00,N,N,A,-,N,,,,,,,,,,Y,3,0,1,1,A,-,08,22107,,N,F,A,A,A,H,-,A,D,0,,,Y,,Y,,-,"- ",0,1,0,0,0,0,0,0,1,"- ","- ",37.703388214111328,-122.49716186523438,"SAN MATEO","DALY CITY",-122.49720764160156,37.703369140625
91763029,2022,2022-05-17,9335,2022-04-23,1335,021957,,6,1,6,4106,0,1,1,,2,021,"I-280 SB","WASHINGTON ST. O/C",260.00,N,N,A,-,Y,SM,,280,,R,26.018,H,,L,Y,4,0,6,4,A,-,03,22350,,N,C,C,A,A,H,-,A,D,0,,,,,Y,,A,01,0,0,6,0,0,0,0,0,0,"- ","- ",37.688690185546875,-122.47093200683594,"SAN MATEO","DALY CITY",-122.47086334228516,37.688674926757812
91764448,2022,2022-05-04,9335,2022-04-27,1529,021328,,3,2,6,4106,0,1,1,,2,021,"I-280 S/B","JOHN DALY BLVD. OVERCROSSING",1901.00,S,N,A,-,Y,SM,,280,,R,26.786,H,,L,Y,4,0,3,3,A,-,03,22350,,N,C,C,A,A,H,-,A,D,0,,,,,Y,,A,01,0,0,3,0,0,0,0,0,0,"- ","- ",37.699558258056641,-122.47174072265625,"SAN MATEO","DALY CITY",-122.47171783447266,37.699562072753906
91771170,2021,2022-05-13,9335,2021-08-01,0343,022271,,7,3,6,4106,0,1,1,,2,021,"I-280 N/B","SAN PEDRO AVENUE OVERCROSSING",85.00,N,N,A,-,Y,,,280,,,,,,N,Y,2,0,2,1,A,-,08,22107,,N,E,I,A,A,H,-,C,D,0,,,,,Y,,A,01,1,1,0,0,0,0,0,0,0,"- ","- ",37.685539245605469,-122.47142791748047,"SAN MATEO","DALY CITY",-122.47132873535156,37.685535430908203
91771173,2021,2022-05-13,9335,2021-08-01,0344,022271,,7,3,6,4106,0,1,1,,2,021,"I-280 N/B","SAN PEDRO ROAD OVERCROSSING",55.50,N,N,B,-,Y,,,280,,,,,,N,Y,1,1,2,3,A,-,01,23152,A,N,G,B,E,A,H,-,C,D,0,Y,,,,Y,Y,A,01,1,1,0,1,0,0,0,0,0,"- ","- ",37.685718536376953,-122.47123718261719,"SAN MATEO","DALY CITY",-122.4713134765625,37.685726165771484
91775078,2022,2022-05-18,9335,2022-04-27,1458,022860,,3,2,6,4106,0,1,1,,2,021,"I-280 S/B","SOUTHGATE AVENUE",500.00,N,N,A,-,Y,SM,,280,,R,25.139,H,,L,Y,3,0,2,3,A,-,07,21658,A,N,B,C,A,A,H,-,A,D,0,,,,,Y,,A,01,0,1,1,0,0,0,0,0,0,"- ","- ",37.676151275634766,-122.470458984375,"SAN MATEO","DALY CITY",-122.47045135498047,37.676155090332031
91775178,2022,2022-05-18,9335,2022-05-08,0430,022860,,7,3,6,4106,0,1,1,,2,020,"I-280 SB","WESTBOROUGH BLVD",1000.00,N,N,A,-,Y,SM,,280,,R,22.839,H,,L,N,3,0,1,1,A,-,01,23152,A,N,E,I,A,A,H,-,C,D,0,,,,,Y,Y,A,01,0,1,0,0,0,0,0,0,0,"- ","- ",37.647850036621094,-122.45120239257812,"SAN MATEO","DALY CITY",-122.4512939453125,37.647811889648438
91775955,2022,2022-05-19,9335,2022-05-11,1505,021328,,3,2,6,4106,0,1,3,,2,035,"SR-35 N/B TO SR-1 N/B","SR-1 UNDERCROSSING",1245.00,S,N,A,-,Y,SM,,35,,R,28.469,H,,R,N,3,0,1,2,A,-,07,21658,A,N,H,G,A,A,H,-,A,D,0,,Y,,,Y,,L,04,0,1,0,0,0,0,1,0,0,"- ","- ",37.666450500488281,-122.48146057128906,"SAN MATEO","DALY CITY",-122.48149871826172,37.666416168212891
91779371,2022,2022-05-24,9335,2022-05-17,1820,021474,,2,2,6,4106,0,3,5,,2,001,"GUADALUPE CANYON PKY W/B","RADIO RD. U/C",5069.00,W,N,A,-,N,,,,,,,,,,Y,4,0,1,1,A,-,01,23152,A,N,E,I,A,A,H,-,A,D,0,,,,,Y,Y,A,01,0,0,1,0,0,0,0,0,0,"- ","- ",37.701320648193359,-122.44944763183594,"SAN MATEO","DALY CITY",-122.44992828369141,37.700408935546875