CASE_ID,ACCIDENT_YEAR,PROC_DATE,JURIS,COLLISION_DATE,COLLISION_TIME,OFFICER_ID,REPORTING_DISTRICT,DAY_OF_WEEK,CHP_SHIFT,POPULATION,CNTY_CITY_LOC,SPECIAL_COND,BEAT_TYPE,CHP_BEAT_TYPE,CITY_DIVISION_LAPD,CHP_BEAT_CLASS,BEAT_NUMBER,PRIMARY_RD,SECONDARY_RD,DISTANCE,DIRECTION,INTERSECTION,WEATHER_1,WEATHER_2,STATE_HWY_IND,CALTRANS_COUNTY,CALTRANS_DISTRICT,STATE_ROUTE,ROUTE_SUFFIX,POSTMILE_PREFIX,POSTMILE,LOCATION_TYPE,RAMP_INTERSECTION,SIDE_OF_HWY,TOW_AWAY,COLLISION_SEVERITY,NUMBER_KILLED,NUMBER_INJURED,PARTY_COUNT,PRIMARY_COLL_FACTOR,PCF_CODE_OF_VIOL,PCF_VIOL_CATEGORY,PCF_VIOLATION,PCF_VIOL_SUBSECTION,HIT_AND_RUN,TYPE_OF_COLLISION,MVIW,PED_ACTION,ROAD_SURFACE,ROAD_COND_1,ROAD_COND_2,LIGHTING,CONTROL_DEVICE,CHP_ROAD_TYPE,PEDESTRIAN_ACCIDENT,BICYCLE_ACCIDENT,MOTORCYCLE_ACCIDENT,TRUCK_ACCIDENT,NOT_PRIVATE_PROPERTY,ALCOHOL_INVOLVED,STWD_VEHTYPE_AT_FAULT,CHP_VEHTYPE_AT_FAULT,COUNT_SEVERE_INJ,COUNT_VISIBLE_INJ,COUNT_COMPLAINT_PAIN,COUNT_PED_KILLED,COUNT_PED_INJURED,COUNT_BICYCLIST_KILLED,COUNT_BICYCLIST_INJURED,COUNT_MC_KILLED,COUNT_MC_INJURED,PRIMARY_RAMP,SECONDARY_RAMP,LATITUDE,LONGITUDE,COUNTY,CITY,POINT_X,POINT_Y
91783966,2021,2022-05-30,9335,2021-12-16,2210,019999,,4,3,6,4106,0,1,1,,2,021,"I-280 N/B","HICKEY BLVD",1753.00,N,N,C,-,Y,,,280,,,,,,N,Y,1,1,0,1,A,-,08,22107,,N,E,I,A,B,H,-,D,D,0,,,,,Y,,A,01,0,0,0,0,0,0,0,0,0,"- ","- ",37.668338775634766,-122.46572875976562,"SAN MATEO","DALY CITY",-122.46565246582031,37.668354034423828
91786126,2022,2022-06-01,9335,2022-05-07,1657,022186,,6,2,6,4106,0,1,1,,2,021,"I-280 N/B","SAN PEDRO ROAD O/C",1680.00,S,N,A,-,Y,SM,,280,,R,25.442,H,,R,Y,2,0,1,1,A,-,01,23152,A,N,E,I,A,A,H,-,A,D,0,,,,,Y,,A,01,1,0,0,0,0,0,0,0,0,"- ","- ",37.680408477783203,-122.47168731689453,"SAN MATEO","DALY CITY",-122.47151947021484,37.680404663085938
91796856,2022,2022-06-16,9335,2022-06-14,1410,021474,,2,2,6,4106,0,1,1,,2,021,"I-280 N/B","SOUTHGATE AVE. U/C",950.00,S,N,A,-,Y,SM,,280,,R,24.867,H,,R,Y,3,0,1,2,A,-,03,22350,,N,C,C,A,A,H,-,A,D,0,,,,,Y,,A,01,0,1,0,0,0,0,0,0,0,"- ","- ",37.672901153564453,-122.46748352050781,"SAN MATEO","DALY CITY",-122.46757507324219,37.6728515625
91799213,2022,2023-04-17,9335,2022-05-13,2355,022187,,5,3,6,4106,0,1,1,,2,021,"I-280 S/B","THE NORTH EDGE OF THE WASHINGTON ST OVER-CROSSING.",840.00,N,N,A,-,Y,SM,,280,,R,26.129,H,,L,Y,3,0,1,2,A,-,07,21658,A,F,B,2,A,A,H,-,D,D,0,,,,,Y,,-,99,0,1,0,0,0,0,0,0,0,"- ","- ",37.690269470214844,-122.47055816650391,"SAN MATEO","DALY CITY",-122.47054290771484,37.690269470214844
91801871,2022,2022-06-23,9335,2022-06-20,2253,021301,,1,3,6,4106,0,1,1,,2,021,"I-280 N/B FROM JOHN DAY BLVD","ST. CHARLES AVE OVER-CROSSING",22.00,S,N,A,-,Y,SM,,280,,M,27.401,H,,R,N,4,0,1,2,A,-,03,22350,,N,C,C,A,A,H,-,D,D,0,,,,,Y,,A,01,0,0,1,0,0,0,0,0,0,"- ","- ",37.707901000976562,-122.46880340576172,"SAN MATEO","DALY CITY",-122.46889495849609,37.707965850830078
91805293,2022,2022-06-28,9335,2022-06-23,1700,021474,,4,2,6,4106,0,1,1,,2,021,"I-280 S/B","WASHINGTON ST. O/C",340.00,N,N,A,-,Y,SM,,280,,R,26.031,H,,L,Y,4,0,1,2,A,-,07,21658,A,N,B,C,A,A,H,-,A,D,0,,,,,Y,,A,07,0,0,1,0,0,0,0,0,0,"- ","- ",37.688899993896484,-122.47088623046875,"SAN MATEO","DALY CITY",-122.47079467773438,37.688880920410156
91805333,2022,2022-06-28,9335,2022-06-23,1810,021474,,4,2,6,4106,0,1,1,,2,021,"I-280 N/B","HICKEY BLVD. U/C",920.00,N,N,A,-,Y,SM,,280,,R,24.395,H,,R,Y,4,0,2,3,A,-,03,22350,,N,C,C,A,A,H,-,A,D,0,,,,,Y,,A,01,0,0,2,0,0,0,0,0,0,"- ","- ",37.666271209716797,-122.46544647216797,"SAN MATEO","DALY CITY",-122.46558380126953,37.666259765625
91810600,2022,2022-07-05,9335,2022-06-27,1600,020991,,1,2,6,4106,0,1,1,,2,021,"I-280 S/B","SCHOOL ST. OVER CROSSING",663.00,N,N,A,-,Y,SM,,280,,R,26.479,H,,L,N,4,0,2,2,A,-,07,21658,A,N,B,C,A,A,H,-,A,D,0,,,,,Y,,A,01,0,0,2,0,0,0,0,0,0,"- ","- ",37.695140838623047,-122.47075653076172,"SAN MATEO","DALY CITY",-122.47072601318359,37.695144653320312
91811480,2022,2022-07-06,9335,2022-06-30,1505,022920,,4,2,6,4106,0,1,1,,2,021,"I-280 S/B","THE KING DR UNDERCROSSING",145.00,S,N,B,-,Y,SM,,280,,R,23.139,H,,L,Y,3,0,2,2,A,-,03,22350,,N,C,C,A,A,H,-,A,D,0,,,,,Y,,A,07,0,1,1,0,0,0,0,0,0,"- ","- ",37.651649475097656,-122.453857421875,"SAN MATEO","DALY CITY",-122.45381164550781,37.651679992675781
91816154,2022,2022-07-13,9335,2022-07-04,2315,022416,,1,3,6,4106,0,1,1,,2,021,"I-280 S/B","SOUTHGATE AVE",1478.00,N,N,B,-,Y,SM,,280,,R,25.342,H,,L,N,2,0,1,2,A,-,07,21658,A,F,B,C,A,A,H,-,C,D,0,,,Y,,Y,,-,99,1,0,0,0,0,0,0,0,1,"- ","- ",37.678840637207031,-122.47180938720703,"SAN MATEO","DALY CITY",-122.47175598144531,37.678844451904297
91819423,2022,2022-07-18,9335,2022-07-07,1650,021474,,4,2,6,4106,0,1,1,,2,021,"I-280 S/B","WASHINGTON ST. O/C",815.00,N,N,A,-,Y,SM,,280,,R,26.123,H,,L,Y,4,0,2,2,A,-,03,22350,,N,C,C,A,A,H,-,A,D,0,,,,,Y,,A,01,0,0,2,0,0,0,0,0,0,"- ","- ",37.690200805664062,-122.470703125,"SAN MATEO","DALY CITY",-122.47055053710938,37.690189361572266
91834957,2022,2022-08-17,9335,2022-07-28,2134,022188,,4,2,6,4106,0,1,1,,2,021,"I-280 N/B","SAN PEDRO ROAD OVERCROSSING",379.00,S,N,B,-,Y,SM,,280,,R,25.695,H,,R,Y,4,0,1,6,A,-,03,22350,,N,B,C,A,B,H,-,C,D,0,,,,,Y,,A,01,0,0,1,0,0,0,0,0,0,"- ","- ",37.684120178222656,-122.47136688232422,"SAN MATEO","DALY CITY",-122.47134399414062,37.684120178222656
91840591,2022,2022-08-15,9335,2022-08-06,0825,019581,,6,1,6,4106,0,1,1,,2,021,"I-280 S/B","SAN PEDRO RD.",26.00,S,N,A,-,Y,SM,,280,,R,25.784,H,,L,Y,2,0,1,2,A,-,03,22350,,N,C,C,A,A,H,-,A,D,0,,,,Y,Y,,A,01,1,0,0,0,0,0,0,0,0,"- ","- ",37.685169219970703,-122.47177886962891,"SAN MATEO","DALY CITY",-122.47158050537109,37.685169219970703
91841142,2022,2022-08-16,9335,2022-08-07,1530,022241,,7,2,6,4106,0,1,3,,2,035,"SR-35 S/B","WESTMOOR AVENUE",3253.00,N,N,A,-,Y,SM,,35,,,29.066,H,,L,Y,3,0,1,1,A,-,08,22107,,N,F,I,A,A,H,-,A,D,0,,,,,Y,,A,07,0,1,0,0,0,0,0,0,0,"- ","- ",37.674358367919922,-122.48925018310547,"SAN MATEO","DALY CITY",-122.48917388916016,37.674385070800781
91841889,2022,2022-12-15,9335,2022-08-10,1400,022186,,3,2,6,4106,0,1,1,,2,024,"SR-1 N/B","SR-35 N/B O/C",88.00,S,N,A,-,Y,SM,,1,,R,46.730,H,,R,Y,1,1,0,1,C,-,18,,,N,E,8,A,A,H,-,A,D,0,,,,,Y,,-,"- ",0,0,0,0,0,0,0,0,0,"- ","- ",37.668468475341797,-122.48504638671875,"SAN MATEO","DALY CITY",-122.48493957519531,37.668411254882812
91847563,2022,2022-10-27,9335,2022-08-15,0745,019949,,1,1,6,4106,0,1,1,,2,021,"I-280 S/B","SR-1 N/B",330.00,S,N,A,-,Y,SM,,280,,R,25.186,H,,L,Y,4,0,1,3,A,-,03,22350,,N,C,C,A,A,H,-,A,D,0,,,,,Y,,D,22,0,0,1,0,0,0,0,0,0,"- ","- ",37.676719665527344,-122.47091674804688,"SAN MATEO","DALY CITY",-122.47087860107422,37.676742553710938
91848837,2022,2022-08-25,9335,2022-08-20,0210,022416,,6,3,6,4106,0,1,1,,2,021,"I-280 S/B TO SULLIVAN AVENUE (TOWARDS WASHINGTON S","WASHINGTON STREET",347.00,S,N,A,-,Y,,,,,,,,,,Y,3,0,1,1,A,-,01,23152,A,N,E,I,A,A,H,-,C,D,0,,,,,Y,Y,A,01,0,1,0,0,0,0,0,0,0,"- ","- ",37.686920166015625,-122.47212219238281,"SAN MATEO","DALY CITY",-122.47212219238281,37.686920166015625
91851991,2022,2022-08-29,9335,2022-08-15,0240,022703,,1,3,6,4106,0,1,3,,2,041,"I-280 SOUTHBOUND TO CLARINADA AVENUE","THE SAINT FRANCIS BOULEVARD UNDERCROSSING",620.00,N,N,A,-,Y,SM,,1,,R,47.179,H,,L,Y,4,0,1,1,A,-,08,22107,,F,A,I,A,A,H,-,C,D,0,,,,,Y,,-,99,0,0,1,0,0,0,0,0,0,"- ","- ",37.671131134033203,-122.47798156738281,"SAN MATEO","DALY CITY",-122.47787475585938,37.670871734619141
91860010,2022,2022-09-08,9335,2022-08-30,1745,021588,,2,2,6,4106,0,1,1,,2,021,"I-280 NORTHBOUND","SCHOOL STREET",25.00,S,N,A,-,Y,SM,,280,,R,26.338,H,,R,Y,3,0,1,2,A,-,03,22350,,N,C,C,A,A,H,-,A,D,0,,,,,Y,,A,01,0,1,0,0,0,0,0,0,0,"- ","- ",37.693218231201172,-122.47032165527344,"SAN MATEO","DALY CITY",-122.47027587890625,37.693222045898438
91861642,2022,2022-09-12,9335,2022-09-06,1435,023063,,2,2,6,4106,0,1,1,,2,021,"I-280 N/B","SR-1 NB TO I-280 NB",142.00,N,N,A,-,Y,SM,,280,,R,25.313,H,,R,N,4,0,1,2,A,-,03,22350,,N,C,C,A,A,H,-,A,D,0,,,,,Y,,A,01,0,0,1,0,0,0,0,0,0,"- ","- ",37.678508758544922,-122.47147369384766,"SAN MATEO","DALY CITY",-122.47142028808594,37.678520202636719
91867236,2022,2022-09-19,9335,2022-09-13,1810,020991,,2,2,6,4106,0,1,1,,2,021,"I-280 N/B","SERRAMONTE BLVD",39.00,N,N,A,-,Y,SM,,280,,R,24.643,H,,R,N,4,0,1,2,A,-,03,22350,,N,C,C,A,A,H,-,A,D,0,,,,,Y,,A,01,0,0,1,0,0,0,0,0,0,"- ","- ",37.669898986816406,-122.46588897705078,"SAN MATEO","DALY CITY",-122.46586608886719,37.669906616210938
91867361,2022,2022-09-19,9335,2022-09-09,1820,023082,,5,2,6,4106,0,1,1,,2,021,"I-280 NORTHBOUND TO 19TH AVENUE","JOHN DALY BOULEVARD",783.00,N,N,A,-,Y,SM,,1,,R,48.498,H,,R,Y,3,0,1,3,A,-,03,22350,,N,C,C,A,A,H,-,A,D,0,,,,,Y,,A,01,0,1,0,0,0,0,0,0,0,"- ","- ",37.707298278808594,-122.47119903564453,"SAN MATEO","DALY CITY",-122.47114562988281,37.707294464111328
91867362,2022,2022-09-19,9335,2022-09-09,1600,023082,,5,2,6,4106,0,1,1,,2,021,"I-280 NORTHBOUND","SCHOOL STREET",140.00,N,N,A,-,Y,SM,,280,,R,26.376,H,,R,Y,3,0,1,4,A,-,03,22350,,N,C,C,A,A,H,-,A,D,0,,,,,Y,,A,07,0,1,0,0,0,0,0,0,0,"- ","- ",37.693801879882812,-122.47032928466797,"SAN MATEO","DALY CITY",-122.47029113769531,37.693801879882812
91867365,2022,2023-08-03,9335,2022-09-13,0925,021099,,2,1,6,4106,0,1,1,,2,021,"I-280 S/B","JUNIPERO SERRA BLVD OVER-CROSSING",650.00,N,N,B,-,Y,SM,,280,,R,26.180,H,,L,N,1,1,2,3,A,-,03,22350,,N,C,C,A,A,H,-,A,D,0,,,,,Y,,A,01,0,2,0,0,0,0,0,0,0,"- ","- ",37.69097900390625,-122.47061920166016,"SAN MATEO","DALY CITY",-122.47052764892578,37.69097900390625
91867708,2022,2022-09-19,9335,2022-07-08,1005,022802,,5,1,6,4106,0,1,1,,2,021,"I-280 S/B","THE SCHOOL AVE O/C",145.00,N,N,A,-,Y,SM,,280,,R,26.378,H,,L,N,4,0,2,3,A,-,03,22350,,N,G,B,E,A,H,-,A,D,0,Y,,,,Y,,A,08,0,0,2,0,2,0,0,0,0,"- ","- ",37.693759918212891,-122.47077941894531,"SAN MATEO","DALY CITY",-122.47056579589844,37.693759918212891
91874796,2022,2022-09-27,9335,2022-09-19,2047,022860,,1,2,6,4106,0,1,1,,2,021,"SR-1 S/B","ST FRANCES BLVD UNDERCROSSING",1430.00,N,N,A,-,Y,SM,,1,,R,47.332,H,,L,N,2,0,1,2,A,-,07,21658,A,N,C,C,A,A,H,-,C,D,0,,,Y,,Y,,A,01,1,0,0,0,0,0,0,0,1,"- ","- ",37.672019958496094,-122.47560882568359,"SAN MATEO","DALY CITY",-122.47568511962891,37.672073364257812
91882119,2022,2022-10-04,9335,2022-09-30,1455,021424,,5,2,6,4106,0,1,1,,2,021,"I-280 N/B","SCHOOL STREET",500.00,N,N,B,-,Y,SM,,280,,R,26.442,H,,R,Y,4,0,2,3,A,-,03,22350,,N,C,C,A,A,H,-,A,D,0,,,,,Y,,A,01,0,0,2,0,0,0,0,0,0,"- ","- ",37.694808959960938,-122.47036743164062,"SAN MATEO","DALY CITY",-122.47032928466797,37.694812774658203
91885159,2021,2022-10-07,9335,2021-11-14,2256,022416,,7,3,6,4106,0,1,1,,2,021,"I-280 S/B","SCHOOL STREET OVERCROSSING",278.00,N,N,A,-,Y,,,280,,,,,,S,Y,1,1,1,4,A,-,07,21658,A,M,G,B,E,A,H,-,D,D,0,Y,,,,Y,,N,60,0,1,0,1,0,0,0,0,0,"- ","- ",37.694068908691406,-122.47073364257812,"SAN MATEO","DALY CITY",-122.47057342529297,37.694072723388672
91894645,2022,2022-10-19,9335,2022-10-13,1725,023082,,4,2,6,4106,0,1,1,,2,021,"SR-1 NORTHBOUND","JOHN DALY BOULEVARD OVERCROSSING",1239.00,S,N,B,-,Y,SM,,280,,M,26.913,H,,R,N,4,0,2,3,A,-,03,22350,,N,C,C,A,A,H,-,A,D,0,,,,,Y,,A,07,0,0,2,0,0,0,0,0,0,"- ","- ",37.701461791992188,-122.47142028808594,"SAN MATEO","DALY CITY",-122.47135925292969,37.701457977294922
91899166,2022,2022-10-25,9335,2022-10-24,1330,021424,,1,1,6,4106,0,1,1,,2,021,"I-280 S/B","SERRAMONTE BLVD",500.00,S,N,A,-,Y,SM,,280,,R,24.533,H,,L,N,4,0,1,2,A,-,03,22350,,N,C,C,A,A,H,-,A,D,0,,,,,Y,,A,07,0,0,1,0,0,0,0,0,0,"- ","- ",37.668201446533203,-122.46602630615234,"SAN MATEO","DALY CITY",-122.46593475341797,37.668201446533203
91900332,2022,2022-10-26,9335,2022-10-22,2012,021474,,6,2,6,4106,0,1,1,,2,021,"I-280 N/B","JUNIPERO SERRA BLVD. O/C",580.00,N,N,A,-,Y,SM,,280,,R,26.620,H,,R,N,4,0,1,2,B,-,22,,,N,B,C,A,A,H,-,D,D,0,,,,,Y,,-,"- ",0,0,1,0,0,0,0,0,0,"- ","- ",37.697338104248047,-122.47104644775391,"SAN MATEO","DALY CITY",-122.47115325927734,37.697315216064453
91906461,2022,2022-11-01,9335,2022-10-28,1742,023044,,5,2,6,4106,0,1,1,,2,021,"I-280 NORTHBOUND","SCHOOL STREET",31.00,N,N,A,-,Y,SM,,280,,R,26.357,H,,R,N,4,0,1,4,A,-,03,22350,,N,C,C,A,A,H,-,A,D,0,,,,,Y,,A,07,0,0,1,0,0,0,0,0,0,"- ","- ",37.693508148193359,-122.47016143798828,"SAN MATEO","DALY CITY",-122.47028350830078,37.693508148193359
91906469,2022,2022-11-01,9335,2022-10-30,1610,021474,,7,2,6,4106,0,1,1,,2,021,"I-280 S/B","SAN PEDRO RD. O/C",515.00,S,N,A,-,Y,SM,,280,,R,25.658,H,,L,Y,4,0,2,1,A,-,08,22107,,N,E,I,A,A,H,-,A,D,0,,,,,Y,,A,01,0,0,2,0,0,0,0,0,0,"- ","- ",37.683361053466797,-122.47187805175781,"SAN MATEO","DALY CITY",-122.47168731689453,37.683353424072266
91907313,2022,2022-11-02,9335,2022-10-31,1530,021474,,1,2,6,4106,0,1,1,,2,021,"I-280 N/B","KING DR. U/C",2376.00,N,N,A,-,Y,SM,,280,,R,23.624,H,,R,Y,4,0,1,2,A,-,03,22350,,N,C,C,A,A,H,-,A,D,0,,,,,Y,,A,01,0,0,1,0,0,0,0,0,0,"- ","- ",37.656848907470703,-122.45970153808594,"SAN MATEO","DALY CITY",-122.45976257324219,37.65679931640625
91907314,2022,2022-11-02,9335,2022-10-31,1525,021474,,1,2,6,4106,0,1,1,,2,021,"I-280 N/B","HICKEY BLVD. U/C",1848.00,S,N,A,-,Y,SM,,280,,R,23.835,H,,R,N,4,0,1,2,A,-,03,22350,,N,C,C,A,A,H,-,A,D,0,,,,,Y,,A,07,0,0,1,0,0,0,0,0,0,"- ","- ",37.658981323242188,-122.46243286132812,"SAN MATEO","DALY CITY",-122.46249389648438,37.658931732177734
91907351,2022,2022-11-02,9335,2022-10-27,1548,023082,,4,2,6,4106,0,1,1,,2,021,"SR-1 NORTHBOUND","JOHN DALY BOULEVARD OVERCROSSING",1300.00,S,N,A,-,Y,SM,,280,,M,26.902,H,,R,N,4,0,1,2,A,-,03,22350,,N,C,C,A,A,H,-,A,D,0,,,,,Y,,D,22,0,0,1,0,0,0,0,0,0,"- ","- ",37.701301574707031,-122.47141265869141,"SAN MATEO","DALY CITY",-122.47135925292969,37.701297760009766
91909905,2022,2022-11-04,9335,2022-11-02,1140,021099,,3,1,6,4106,0,1,1,,2,021,"I-280 S/B","SAN PEDRO ROAD OVER-CROSSING",50.00,S,N,A,-,Y,SM,,280,,R,25.757,H,,L,Y,3,0,2,2,A,-,03,22350,,N,D,C,A,B,H,-,A,D,0,,,,,Y,,A,01,0,2,0,0,0,0,0,0,0,"- ","- ",37.684761047363281,-122.47161865234375,"SAN MATEO","DALY CITY",-122.47159576416016,37.684761047363281
91912643,2022,2022-11-08,9335,2022-11-02,1910,021474,,3,2,6,4106,0,1,1,,2,021,"I-280 S/B","SERRAMONTE BLVD U/C",850.00,S,N,A,-,Y,SM,,280,,R,24.472,H,,L,Y,4,0,2,2,A,-,03,22350,,N,C,C,A,A,H,-,D,D,0,,,,,Y,,A,07,0,0,2,0,0,0,0,0,0,"- ","- ",37.667339324951172,-122.46592712402344,"SAN MATEO","DALY CITY",-122.46591186523438,37.667339324951172
91915598,2022,2022-11-11,9335,2022-10-25,1850,022920,,2,2,6,4106,0,1,1,,2,021,"I-280 NB","THE D STREET OVERCROSSING",266.00,S,N,A,-,Y,SM,,280,,R,25.626,H,,R,N,4,0,1,2,A,-,03,22350,,M,C,C,A,A,H,-,D,D,0,,,,,Y,,-,99,0,0,1,0,0,0,0,0,0,"- ","- ",37.683101654052734,-122.47135925292969,"SAN MATEO","DALY CITY",-122.47139739990234,37.683101654052734
91915686,2022,2022-11-11,9335,2022-11-08,1935,022920,,2,2,6,4106,0,1,1,,2,021,"I-280 S/B","OF THE HICKEY BOULEVARD UNDERCROSSING",726.00,S,N,B,-,Y,SM,,280,,R,24.058,H,,L,Y,3,0,3,3,A,-,03,22350,,N,A,C,A,B,F,-,D,D,0,,,,,Y,,A,07,0,1,2,0,0,0,0,0,0,"- ","- ",37.661540985107422,-122.46528625488281,"SAN MATEO","DALY CITY",-122.46544647216797,37.661468505859375
91918088,2022,2022-11-15,9335,2022-11-09,0825,020610,,3,1,6,4106,0,1,1,,2,021,"I-280 S/B","HICKEY BOULEVARD",605.00,N,N,A,-,Y,SM,,280,,R,24.349,H,,L,Y,2,0,1,4,A,-,03,22350,,N,C,C,A,A,H,-,A,D,0,,,,,Y,,A,01,1,0,0,0,0,0,0,0,0,"- ","- ",37.66558837890625,-122.4658203125,"SAN MATEO","DALY CITY",-122.46585845947266,37.66558837890625
91920377,2022,2022-11-17,9335,2022-11-12,1525,023065,,6,2,6,4106,0,1,1,,2,021,"I-280 N/B FROM SERRAMONTE BLVD","SERRAMONTE BOULEVARD",860.00,N,N,A,-,Y,SM,,280,,R,24.783,H,,R,N,4,0,1,2,A,-,03,22350,,N,C,C,A,A,H,-,A,A,0,,,,,Y,,A,01,0,0,1,0,0,0,0,0,0,"- ","- ",37.671871185302734,-122.46662902832031,"SAN MATEO","DALY CITY",-122.46675872802734,37.671817779541016
91922844,2022,2022-11-21,9335,2022-11-08,1830,021474,,2,2,6,4106,0,1,1,,2,021,"I-280 N/B","JOHN DALY BLVD O/C",1584.00,S,N,C,-,Y,SM,,280,,R,26.844,H,,R,N,4,0,3,2,A,-,03,22350,,M,C,C,A,B,H,-,D,D,0,,,,,Y,,A,07,0,0,3,0,0,0,0,0,0,"- ","- ",37.700469970703125,-122.47136688232422,"SAN MATEO","DALY CITY",-122.47135925292969,37.700469970703125
91927858,2022,2022-11-28,9335,2022-07-31,1010,022802,,7,1,6,4106,0,1,1,,2,021,"I-280 S/B","THE SAN PEDRO RD O/C",125.00,S,N,A,-,Y,SM,,280,,R,25.742,H,,L,Y,4,0,1,4,C,-,18,,,F,E,J,A,A,H,-,A,D,0,,,,,Y,,-,"- ",0,0,1,0,0,0,0,0,0,"- ","- ",37.684551239013672,-122.47161865234375,"SAN MATEO","DALY CITY",-122.47161102294922,37.684551239013672
91927865,2022,2022-11-28,9335,2022-11-21,0030,021754,,1,3,6,4106,0,1,1,,2,021,"I-280 N/B","HICKEY BOULEVARD U/C",1056.00,S,N,A,-,Y,SM,,280,,R,24.036,H,,R,Y,4,0,1,1,A,-,08,22107,,N,F,J,A,A,H,-,D,D,0,,,,,Y,,A,07,0,0,1,0,0,0,0,0,0,"- ","- ",37.661098480224609,-122.46488952636719,"SAN MATEO","DALY CITY",-122.46478271484375,37.661151885986328
91929152,2022,2022-11-29,9335,2022-11-20,2030,023063,,7,2,6,4106,0,1,1,,2,021,"I-280 NB","SAN PEDRO ROAD",562.00,S,N,A,-,Y,SM,,280,,R,25.659,H,,R,Y,4,0,1,1,A,-,08,22107,,N,F,A,A,A,H,-,C,D,0,,,,,Y,,A,01,0,0,1,0,0,0,0,0,0,"- ","- ",37.683589935302734,-122.47136688232422,"SAN MATEO","DALY CITY",-122.47137451171875,37.683589935302734
91933748,2022,2022-12-05,9335,2022-11-22,1415,021474,,2,2,6,4106,0,1,1,,2,021,"I-280 N/B","SOUTHGATE AVE U/C",470.00,S,N,A,-,Y,SM,,280,,R,24.955,H,,R,Y,3,0,2,2,A,-,03,22350,,N,C,C,A,A,H,-,D,D,0,,,,,Y,,D,22,0,1,1,0,0,0,0,0,0,"- ","- ",37.673988342285156,-122.46835327148438,"SAN MATEO","DALY CITY",-122.46848297119141,37.673919677734375
91936056,2022,2022-12-07,9335,2022-11-30,1722,021424,,3,2,6,4106,0,1,1,,2,021,"SR-1 N/B","JOHN DALY BLVD",565.00,S,N,A,-,Y,SM,,280,,M,27.043,H,,R,N,4,0,2,2,A,-,03,22350,,N,C,C,A,A,H,-,C,D,0,,,,,Y,,A,01,0,0,2,0,0,0,0,0,0,"- ","- ",37.703300476074219,-122.47151184082031,"SAN MATEO","DALY CITY",-122.47129058837891,37.703292846679688
91936305,2022,2022-12-07,9335,2022-12-01,0643,022920,,4,1,6,4106,0,1,1,,2,020,"I-280 S/B","THE SNEATH LANE OVERCROSSING",1840.00,N,N,B,C,Y,SM,,280,,R,21.665,H,,L,N,4,0,1,2,A,-,03,22350,,N,C,C,A,B,F,-,B,D,0,,,,,Y,,A,01,0,0,1,0,0,0,0,0,0,"- ","- ",37.634510040283203,-122.43888854980469,"SAN MATEO","DALY CITY",-122.43885803222656,37.634521484375
91938266,2022,2022-12-09,9335,2022-12-06,2010,021474,,2,2,6,4106,0,1,1,,2,021,"I-280 N/B TO SR-1 S/B","SOUTHGATE AVE. U/C",145.00,N,N,A,-,Y,SM,,280,,R,25.112,H,,R,N,4,0,1,2,A,-,03,22350,,N,C,C,A,A,H,-,D,D,0,,,,,Y,,A,08,0,0,1,0,0,0,0,0,0,"- ","- ",37.675949096679688,-122.46974182128906,"SAN MATEO","DALY CITY",-122.46990203857422,37.675865173339844
91939385,2022,2022-12-12,9335,2022-12-01,1049,022920,,4,1,6,4106,0,1,1,,2,021,"I-280 S/B","THE SOUTHGATE AVENUE UNCERCROSING",71.00,N,N,B,C,Y,SM,,280,,R,25.078,H,,L,Y,4,0,1,2,A,-,03,22350,,N,C,C,A,B,H,-,A,D,0,,,,,Y,,A,01,0,0,1,0,0,0,0,0,0,"- ","- ",37.675411224365234,-122.46988677978516,"SAN MATEO","DALY CITY",-122.46990966796875,37.675399780273438
91940032,2022,2022-12-12,9335,2022-12-10,2057,023082,,6,2,6,4106,0,1,1,,2,021,"I-280 NORTHBOUND","SCHOOL STREET OVERCROSSING",800.00,S,N,C,-,Y,SM,,280,,R,26.195,H,,R,Y,4,0,2,1,A,-,08,22107,,N,E,I,A,B,H,-,C,D,0,,,,,Y,,A,07,0,0,2,0,0,0,0,0,0,"- ","- ",37.691070556640625,-122.47042846679688,"SAN MATEO","DALY CITY",-122.47024536132812,37.691070556640625