CASE_ID,ACCIDENT_YEAR,PROC_DATE,JURIS,COLLISION_DATE,COLLISION_TIME,OFFICER_ID,REPORTING_DISTRICT,DAY_OF_WEEK,CHP_SHIFT,POPULATION,CNTY_CITY_LOC,SPECIAL_COND,BEAT_TYPE,CHP_BEAT_TYPE,CITY_DIVISION_LAPD,CHP_BEAT_CLASS,BEAT_NUMBER,PRIMARY_RD,SECONDARY_RD,DISTANCE,DIRECTION,INTERSECTION,WEATHER_1,WEATHER_2,STATE_HWY_IND,CALTRANS_COUNTY,CALTRANS_DISTRICT,STATE_ROUTE,ROUTE_SUFFIX,POSTMILE_PREFIX,POSTMILE,LOCATION_TYPE,RAMP_INTERSECTION,SIDE_OF_HWY,TOW_AWAY,COLLISION_SEVERITY,NUMBER_KILLED,NUMBER_INJURED,PARTY_COUNT,PRIMARY_COLL_FACTOR,PCF_CODE_OF_VIOL,PCF_VIOL_CATEGORY,PCF_VIOLATION,PCF_VIOL_SUBSECTION,HIT_AND_RUN,TYPE_OF_COLLISION,MVIW,PED_ACTION,ROAD_SURFACE,ROAD_COND_1,ROAD_COND_2,LIGHTING,CONTROL_DEVICE,CHP_ROAD_TYPE,PEDESTRIAN_ACCIDENT,BICYCLE_ACCIDENT,MOTORCYCLE_ACCIDENT,TRUCK_ACCIDENT,NOT_PRIVATE_PROPERTY,ALCOHOL_INVOLVED,STWD_VEHTYPE_AT_FAULT,CHP_VEHTYPE_AT_FAULT,COUNT_SEVERE_INJ,COUNT_VISIBLE_INJ,COUNT_COMPLAINT_PAIN,COUNT_PED_KILLED,COUNT_PED_INJURED,COUNT_BICYCLIST_KILLED,COUNT_BICYCLIST_INJURED,COUNT_MC_KILLED,COUNT_MC_INJURED,PRIMARY_RAMP,SECONDARY_RAMP,LATITUDE,LONGITUDE,COUNTY,CITY,POINT_X,POINT_Y
91940742,2022,2022-12-13,9335,2022-11-17,1850,023044,,4,2,6,4106,0,1,1,,2,021,"I-280 NORTHBOUND","SERRAMONTE BOULEVARD",441.00,N,N,A,-,Y,SM,,280,,R,24.730,H,,R,N,4,0,3,3,A,-,03,22350,,N,C,C,A,A,H,-,C,D,0,,,,,Y,,A,01,0,0,3,0,0,0,0,0,0,"- ","- ",37.671108245849609,-122.46637725830078,"SAN MATEO","DALY CITY",-122.46635437011719,37.671119689941406
91942455,2022,2022-12-14,9335,2022-12-10,0920,022920,,6,1,6,4106,0,1,1,,2,021,"I-280 N/B","THE SOUTHGATE AVENUE UNDERCROSSING",438.00,S,N,B,C,Y,SM,,280,,R,24.963,H,,R,Y,4,0,1,1,A,-,03,22350,,N,E,I,A,B,H,-,A,D,0,,,,,Y,,A,07,0,0,1,0,0,0,0,0,0,"- ","- ",37.674030303955078,-122.46855926513672,"SAN MATEO","DALY CITY",-122.46856689453125,37.674026489257812
91943380,2022,2022-12-15,9335,2022-12-11,1501,023082,,7,2,6,4106,0,1,1,,2,021,"I-280 NORTHBOUND","SERRAMONTE BOULEVARD UNDERCROSSING",1200.00,S,N,C,-,Y,SM,,280,,R,24.542,H,,R,Y,4,0,1,1,A,-,08,22107,,N,E,I,A,B,H,-,A,D,0,,,,,Y,,A,07,0,0,1,0,0,0,0,0,0,"- ","- ",37.668430328369141,-122.46575164794922,"SAN MATEO","DALY CITY",-122.46559906005859,37.668434143066406
91945544,2022,2022-12-19,9335,2022-12-10,0915,022920,,6,1,6,4106,0,1,1,,2,021,"I-280 N/B","THE SERRAMONTE BOULEVARD UNDERCROSSING",380.00,N,N,B,C,Y,SM,,280,,R,24.726,H,,R,Y,3,0,1,1,A,-,03,22350,,N,F,0,A,B,H,-,A,D,0,,,,,Y,,D,22,0,1,0,0,0,0,0,0,0,"- ","- ",37.6710205078125,-122.46649169921875,"SAN MATEO","DALY CITY",-122.46633148193359,37.671066284179688
91951086,2022,2022-12-23,9335,2022-12-11,2057,023082,,7,2,6,4106,0,1,1,,2,021,"I-280 NORTHBOUND","SERRAMONTE BOULEVARD",530.00,S,N,C,-,Y,SM,,280,,R,24.526,H,,R,Y,3,0,1,1,A,-,03,22350,,N,F,I,A,B,H,-,C,D,0,,,,,Y,,A,01,0,1,0,0,0,0,0,0,0,"- ","- ",37.668201446533203,-122.46566772460938,"SAN MATEO","DALY CITY",-122.46559143066406,37.668201446533203
91955129,2022,2022-12-29,9335,2022-12-18,0203,022416,,7,3,6,4106,0,1,3,,2,041,"SR-1 S/B","ST FRANCIS BLVD",713.00,N,N,A,-,Y,SM,,1,,R,47.196,H,,L,Y,3,0,2,2,A,-,03,22350,,N,C,C,A,A,H,-,C,A,0,,,,,Y,,A,01,0,2,0,0,0,0,0,0,0,"- ","- ",37.670989990234375,-122.47762298583984,"SAN MATEO","DALY CITY",-122.47760009765625,37.670955657958984
91958191,2022,2023-01-03,9335,2022-09-09,0407,022416,,5,3,6,4106,0,1,1,,2,021,"I-280 S/B","SERRAMONTE BLVD",173.00,S,N,A,-,Y,SM,,280,,R,24.596,H,,L,Y,2,0,2,2,A,-,01,23152,A,N,A,C,A,A,H,-,D,D,0,,,,,Y,Y,A,01,1,0,1,0,0,0,0,0,0,"- ","- ",37.669078826904297,-122.46614837646484,"SAN MATEO","DALY CITY",-122.46602630615234,37.669094085693359
91958274,2022,2023-01-03,9335,2022-12-24,0300,022802,,6,3,6,4106,0,1,3,,2,041,"SR-1 S/B","THE GATEWAY DR U/C",60.00,S,N,A,-,Y,SM,,1,,R,46.511,H,,L,N,4,0,2,2,A,-,01,23152,A,N,B,C,A,A,H,-,C,D,0,,,,,Y,Y,A,01,0,0,2,0,0,0,0,0,0,"- ","- ",37.665481567382812,-122.48571014404297,"SAN MATEO","DALY CITY",-122.48569488525391,37.665477752685547
91960286,2022,2023-01-04,9335,2022-12-30,2200,022703,,5,3,6,4106,0,1,1,,2,021,"I-280 NORTHBOUND","THE SERRAMONTE BOULEVARD UNDERCROSSING",370.00,S,N,C,-,Y,SM,,280,,R,24.561,H,,R,N,4,0,1,1,A,-,03,22350,,N,E,I,A,B,F,-,C,D,0,,,,,Y,,A,01,0,0,1,0,0,0,0,0,0,"- ","- ",37.668708801269531,-122.46578216552734,"SAN MATEO","DALY CITY",-122.46560668945312,37.668716430664062
91962521,2022,2023-01-09,9335,2022-12-21,2300,021588,,3,3,6,4106,0,1,1,,2,021,"I-280 S/B","JOHN DALY BOULEVARD",410.00,S,N,A,-,Y,SM,,280,,M,27.056,H,,L,N,4,0,1,1,A,-,08,22107,,N,F,I,A,A,H,-,C,D,0,,,,,Y,,A,01,0,0,1,0,0,0,0,0,0,"- ","- ",37.703521728515625,-122.47205352783203,"SAN MATEO","DALY CITY",-122.47212219238281,37.703521728515625
91966491,2023,2023-01-12,9335,2023-01-04,1655,023121,,3,2,6,4106,0,1,1,,2,021,"I-280 S/B FROM HICKEY BLVD","HICKEY BLVD",90.00,S,N,C,-,Y,,,,,,,,,,N,2,0,1,1,C,-,18,,,N,E,J,A,B,H,-,D,D,0,,,,,Y,,-,"- ",1,0,0,0,0,0,0,0,0,"- ","- ",37.663379669189453,-122.46642303466797,"SAN MATEO","DALY CITY",-122.46642303466797,37.663379669189453
91968309,2023,2023-01-13,9335,2023-01-09,"958 ",020658,,1,1,6,4106,0,1,3,,2,041,"I-280 SB FROM SR-1 NB","THE NORTH ROADWAY EDGE OF SOUTHGATE AVENUE U/C",20.00,N,N,B,C,Y,,,,,,,,,,N,2,0,1,1,A,-,03,22350,,N,E,I,A,B,H,-,A,A,0,,,,,Y,,A,07,1,0,0,0,0,0,0,0,0,"- ","- ",37.676151275634766,-122.47184753417969,"SAN MATEO","DALY CITY",-122.47184753417969,37.676151275634766
91976156,2023,2023-01-24,9335,2023-01-13,"50  ",021301,,5,3,6,4106,0,1,3,,2,041,"SKLYLINE BLVD TO N/B SR-1","CASTILLEJO DR",521.00,S,N,C,-,Y,SM,,1," ",R,46.882,H,,R,Y,3,0,1,1,C,-,18,,,N,E,I,A,B,H,-,D,D,0,,,,,Y,Y,-,"- ",0,1,0,0,0,0,0,0,0,"- ","- ",37.669940948486328,-122.48291015625,"SAN MATEO","DALY CITY",-122.48302459716797,37.670097351074219
91981363,2023,2023-01-30,9335,2023-01-19,"837 ",023118,,4,1,6,4106,0,1,1,,2,021,"I-280 N/B","JOHN DALY BLVD",1584.00,S,N,A,-,Y,SM,,280," ",R,26.834,H,,R,Y,3,0,2,2,A,-,07,21658,A,N,C,C,A,A,H,-,A,D,0,,,,,Y,,A,08,0,1,1,0,0,0,0,0,0,"- ","- ",37.700328826904297,-122.47142028808594,"SAN MATEO","DALY CITY",-122.47135925292969,37.700328826904297
91983312,2022,2023-01-31,9335,2022-12-28,1215,023067,,3,1,6,4106,0,1,1,,2,021,"I-280 S/B TO SERRAMONTE BLVD.","SERRAMONTE BLVD",1166.00,N,N,A,-,Y,SM,,280,,R,24.449,H,,L,Y,4,0,1,2,A,-,07,21658,A,N,C,C,A,A,H,-,A,D,0,,,,,Y,,A,01,0,0,1,0,0,0,0,0,0,"- ","- ",37.667018890380859,-122.46601104736328,"SAN MATEO","DALY CITY",-122.46590423583984,37.667018890380859
91985024,2023,2023-02-02,9335,2023-01-18,"602 ",023044,,3,1,6,4106,0,1,1,,2,021,"I-280 NORTHBOUND","SOUTHGATE AVE",147.00,S,N,A,-,Y,SM,,280," ",R,25.020,H,,R,N,4,0,1,2,D,-,00,,,N,C,C,A,A,H,-,C,D,0,,,,,Y,,-,"- ",0,0,1,0,0,0,0,0,0,"- ","- ",37.674770355224609,-122.46901702880859,"SAN MATEO","DALY CITY",-122.46909332275391,37.674736022949219
91987006,2023,2023-02-06,9335,2023-01-26,1611,023167,,4,2,6,4106,0,1,1,,2,021,"I-280 S/B","JOHN DALY BLVD",1391.00,S,N,A,-,Y,SM,,280," ",R,26.873,H,,L,Y,4,0,1,2,A,-,03,22350,,N,C,C,A,A,H,-,A,D,0,,,,,Y,,A,01,0,0,1,0,0,0,0,0,0,"- ","- ",37.700851440429688,-122.47187805175781,"SAN MATEO","DALY CITY",-122.47198486328125,37.700836181640625
91991772,2023,2023-02-10,9335,2023-01-31,1828,019999,,2,2,6,4106,0,1,3,,2,041,"I-280 N/B TO SR-1 S/B","SOUTHGATE AVE UNDERCROSSING",27.00,N,N,A,-,Y,SM,,1," ",R,47.624,H,,L,N,4,0,1,3,A,-,03,22350,,N,C,C,A,A,H,-,C,D,0,,,,,Y,,A,07,0,0,1,0,0,0,0,0,0,"- ","- ",37.67572021484375,-122.47316741943359,"SAN MATEO","DALY CITY",-122.47310638427734,37.675689697265625
91995972,2023,2023-02-16,9335,2023-02-04,1904,021339,,6,2,6,4106,0,1,3,,2,041,"SR-1 N/B","SOUTHGATE AVE",338.00,S,N,C,-,Y,,,,,,,,,,Y,3,0,1,1,A,-,08,22107,,N,E,I,A,B,H,-,C,D,0,,,,,Y,,A,01,0,1,0,0,0,0,0,0,0,"- ","- ",37.675041198730469,-122.47293853759766,"SAN MATEO","DALY CITY",-122.47309112548828,37.675136566162109
91997788,2023,2023-02-20,9335,2023-02-14,"730 ",023118,,2,1,6,4106,0,1,1,,2,021,"I-280 N/B","JOHN DALY BLVD OVERCROSSING",270.00,S,N,A,-,Y,SM,,280," ",M,27.102,H,,R,Y,4,0,1,1,A,-,08,22107,,N,E,J,A,A,H,-,A,D,0,,,,,Y,,A,01,0,0,1,0,0,0,0,0,0,"- ","- ",37.704139709472656,-122.47135925292969,"SAN MATEO","DALY CITY",-122.47125244140625,37.704135894775391
92002368,2023,2023-02-24,9335,2023-02-12,"705 ",023044,,7,1,6,4106,0,1,1,,2,021,"I-280 SOUTHBOUND","SOUTHGATE AVE",77.00,N,N,A,-,Y,SM,,280," ",R,25.084,H,,L,N,3,0,1,1,C,-,18,,,N,F,I,A,A,H,-,A,D,0,,,,,Y,,-,"- ",0,1,0,0,0,0,0,0,0,"- ","- ",37.675411224365234,-122.47006988525391,"SAN MATEO","DALY CITY",-122.46995544433594,37.675464630126953
92003500,2023,2023-02-27,9335,2023-02-18,"340 ",022802,,6,3,6,4106,0,1,3,,2,035,"SR-35 N/B","WESTMOOR AVE",1320.00,S,N,A,-,Y,SM,,35," "," ",29.439,H,,R,Y,3,0,2,1,A,-,08,22107,,N,E,I,A,A,H,-,C,D,0,,,,,Y,,A,01,0,1,1,0,0,0,0,0,0,"- ","- ",37.679679870605469,-122.48998260498047,"SAN MATEO","DALY CITY",-122.48992156982422,37.679672241210938
92009260,2021,2023-03-03,9335,2021-11-21,2300,022468,,7,3,6,4106,0,1,1,,2,021,"I-280 S/B",SR-1,8.00,N,N,A,-,Y,,,280,,,,,,S,Y,1,1,0,1,A,-,08,22107,,N,E,I,A,A,H,-,D,D,0,,,,,Y,,A,01,0,0,0,0,0,0,0,0,0,"- ","- ",37.677730560302734,-122.47165679931641,"SAN MATEO","DALY CITY",-122.47145843505859,37.677806854248047
92009410,2023,2023-03-03,9335,2023-02-24,"930 ",022007,,5,1,6,4106,0,1,1,,2,021,"I-280 N/B","JUNIPERO SERRA BOULEVARD",213.00,N,N,B,C,Y,SM,,280," ",R,26.551,H,,R,N,4,0,2,2,A,-,03,22350,,N,C,C,A,B,H,-,A,D,0,,,,,Y,,A,01,0,0,2,0,0,0,0,0,0,"- ","- ",37.696388244628906,-122.47078704833984,"SAN MATEO","DALY CITY",-122.47079467773438,37.696388244628906
92010709,2023,2023-03-06,9335,2023-02-26,1650,021339,,7,2,6,4106,0,1,1,,2,021,"I-280 N/B","JOHN DALY BOULEVARD",344.00,S,N,C,-,Y,,,,,,,,,,Y,3,0,1,1,A,-,08,22107,,N,E,I,A,B,H,-,A,D,0,,,,,Y,,A,01,0,1,0,0,0,0,0,0,0,"- ","- ",37.703960418701172,-122.47164916992188,"SAN MATEO","DALY CITY",-122.47132110595703,37.703948974609375
92015064,2023,2023-03-10,9335,2023-03-03,1900,021339,,5,2,6,4106,0,1,1,,2,021,"I-280 N/B","JUNIPERO SERRA BLVD OVERCROSSING",1152.00,N,N,A,-,Y,SM,,280," ",R,26.726,H,,R,Y,3,0,1,3,A,-,03,22350,,N,C,C,A,A,H,-,D,D,0,,,,,Y,,D,22,0,1,0,0,0,0,0,0,0,"- ","- ",37.698810577392578,-122.47120666503906,"SAN MATEO","DALY CITY",-122.47135162353516,37.698806762695312
92015609,2023,2023-03-13,9335,2023-02-27,1245,023118,,1,1,6,4106,0,1,1,,2,021,"I-280 N/B","SCHOOL ST",1320.00,N,N,B,C,Y,SM,,280," ",R,26.611,H,,R,Y,3,0,1,2,A,-,08,22107,,N,C,C,A,B,H,-,A,D,0,,,,,Y,,D,22,0,1,0,0,0,0,0,0,0,"- ","- ",37.697219848632812,-122.47100067138672,"SAN MATEO","DALY CITY",-122.47110748291016,37.697196960449219
92015620,2023,2023-03-13,9335,2023-03-12,"630 ",019631,,7,1,6,4106,0,1,1,,2,021,"I-280 N/B","SERRAMONTE BLVD",275.00,S,N,C,-,Y,SM,,280," ",R,24.574,H,,R,N,2,0,1,1,A,-,08,22107,,N,E,I,A,B,H,-,D,D,0,,,,,Y,,A,01,1,0,0,0,0,0,0,0,0,"- ","- ",37.668899536132812,-122.46578979492188,"SAN MATEO","DALY CITY",-122.46564483642578,37.668914794921875
92021846,2023,2023-03-20,9335,2023-03-14,"640 ",020610,,2,1,6,4106,0,1,1,,2,021,"I-280 N/B","SERRAMONTE BLVD U/C",210.00,S,N,C,-,Y,SM,,280," ",R,24.588,H,,R,Y,4,0,1,1,A,-,08,22107,,N,E,I,A,B,H,-,C,D,0,,,,,Y,,D,22,0,0,1,0,0,0,0,0,0,"- ","- ",37.669101715087891,-122.46587371826172,"SAN MATEO","DALY CITY",-122.46567535400391,37.669120788574219
92032832,2023,2023-03-30,9335,2023-03-21,"750 ",020610,,2,1,6,4106,0,1,1,,2,021,"I-280 N/B","SERRAMONTE BLVD U/C",210.00,S,N,C,-,Y,SM,,280," ",R,24.588,H,,R,Y,3,0,1,1,A,-,08,22107,,N,E,I,A,B,H,-,D,D,0,,,,,Y,,A,01,0,1,0,0,0,0,0,0,0,"- ","- ",37.669101715087891,-122.46587371826172,"SAN MATEO","DALY CITY",-122.46567535400391,37.669120788574219
92032901,2023,2023-03-30,9335,2023-03-21,2340,023167,,2,3,6,4106,0,1,1,,2,021,"I-280 N/B","SERRAMONTE BLVD",500.00,S,N,C,-,Y,SM,,280," ",R,24.542,H,,R,Y,3,0,1,1,A,-,08,22107,,N,E,I,A,B,H,-,C,D,0,,,,,Y,,A,01,0,1,0,0,0,0,0,0,0,"- ","- ",37.668430328369141,-122.46573638916016,"SAN MATEO","DALY CITY",-122.46559906005859,37.668434143066406
92035684,2023,2023-08-25,9335,2023-03-21,2140,023082,,2,2,6,4106,0,1,1,,2,021,"I-280 N/B","SERRAMONTE BOULEVARD",200.00,S,N,C,-,Y,SM,,280," ",R,24.563,H,,R,Y,4,0,1,2,A,-,08,22107,,N,E,I,A,B,H,-,C,D,0,,,,,Y,,A,01,0,0,1,0,0,0,0,0,0,"- ","- ",37.668731689453125,-122.46575164794922,"SAN MATEO","DALY CITY",-122.46561431884766,37.668746948242188
92035689,2023,2023-04-03,9335,2023-03-21,2141,022860,,2,2,6,4106,0,1,1,,2,021,"I-280 N/B","SERRAMONTE BLVD UNDERCROSSING",350.00,S,N,C,-,Y,SM,,280," ",R,24.590,H,,R,Y,3,0,1,1,A,-,08,22107,,N,E,I,A,B,H,-,D,D,0,,,,,Y,,A,01,0,1,0,0,0,0,0,0,0,"- ","- ",37.66912841796875,-122.46582794189453,"SAN MATEO","DALY CITY",-122.46568298339844,37.669143676757812
92037840,2023,2023-04-05,9335,2023-03-29,1225,020610,,3,1,6,4106,0,1,1,,2,021,"I-280 N/B","SERRAMONTE BLVD U/C",210.00,S,N,C,-,Y,SM,,280," ",R,24.588,H,,R,Y,4,0,1,1,A,-,08,22107,,N,E,I,A,B,H,-,A,D,0,,,,,Y,,A,01,0,0,1,0,0,0,0,0,0,"- ","- ",37.669101715087891,-122.46587371826172,"SAN MATEO","DALY CITY",-122.46567535400391,37.669120788574219
92037893,2023,2023-04-05,9335,2023-03-29,"930 ",023121,,3,1,6,4106,0,1,1,,2,021,"I-280 N/B","SERRAMONTE BOULEVARD",358.00,S,N,B,C,Y,SM,,280," ",R,24.562,H,,R,Y,3,0,1,1,A,-,08,22107,,N,E,I,A,B,H,-,A,D,0,,,,,Y,,A,01,0,1,0,0,0,0,0,0,0,"- ","- ",37.668731689453125,-122.46558380126953,"SAN MATEO","DALY CITY",-122.46560668945312,37.668727874755859
92039010,2023,2023-04-06,9335,2023-03-28,1345,023119,,2,1,6,4106,0,1,1,,2,021,"I-280 N/B","SERRAMONTE BLVD",588.00,S,N,C,-,Y,SM,,280," ",R,24.516,H,,R,Y,3,0,1,1,A,-,08,22107,,N,E,I,A,B,H,-,A,D,0,,,,,Y,,A,01,0,1,0,0,0,0,0,0,0,"- ","- ",37.668060302734375,-122.4656982421875,"SAN MATEO","DALY CITY",-122.46558380126953,37.668060302734375
92042038,2022,2023-04-11,9335,2022-08-23,0714,021099,,2,1,6,4106,0,1,3,,2,041,"SR-1 NB TO I-280 SB","SOUTHGATE AVE",363.00,N,N,B,E,Y,SM,,280,,R,25.134,H,,L,Y,3,0,2,2,A,-,03,22350,,N,D,C,A,B,H,-,A,A,0,,,,,Y,,A,01,0,1,1,0,0,0,0,0,0,"- ","- ",37.675979614257812,-122.47065734863281,"SAN MATEO","DALY CITY",-122.47040557861328,37.676090240478516
92042039,2022,2023-04-12,9335,2022-08-23,0715,021099,,2,1,6,4106,0,1,3,,2,041,"SR-1 NORTHBOUND TO I-280 SOUTHBOUND","SOUTHGATE AVENUE",315.00,N,N,B,E,Y,SM,,280,,R,25.129,H,,L,Y,1,1,1,3,A,-,03,22350,,N,C,2,E,B,H,-,A,A,0,Y,,,,Y,,A,01,0,1,0,1,0,0,0,0,0,"- ","- ",37.675930023193359,-122.4705810546875,"SAN MATEO","DALY CITY",-122.47035980224609,37.676021575927734
92044375,2023,2023-04-13,9335,2023-02-10,1535,021339,,5,2,6,4106,0,1,1,,2,021,"I-280 S/B","SAN PEDRO RD.",2306.00,S,N,A,-,Y,SM,,280," ",R,25.340,H,,L,N,4,0,2,2,A,-,03,22350,,N,C,C,A,A,H,-,A,D,0,,,,,Y,,A,01,0,0,2,0,0,0,0,0,0,"- ","- ",37.678798675537109,-122.47180938720703,"SAN MATEO","DALY CITY",-122.47174835205078,37.678806304931641
92047669,2023,2023-04-18,9335,2023-04-12,1812,017667,,3,2,6,4106,0,1,1,,2,021,"I-280 N/B","HICKEY BLVD",780.00,N,N,A,-,Y,SM,,280," ",R,24.364,H,,R,Y,3,0,1,3,A,-,03,22350,,N,C,C,A,A,H,-,A,D,0,,,,,Y,,D,22,0,1,0,0,0,0,0,0,0,"- ","- ",37.665821075439453,-122.46544647216797,"SAN MATEO","DALY CITY",-122.46553802490234,37.665813446044922
92048703,2023,2023-04-19,9335,2023-04-07,1615,017667,,5,2,6,4106,0,1,1,,2,021,"I-280 S/B TO SULLIVAN AVE.","SULLIVAN AVE",172.00,N,N,A,-,Y,SM,,280," ",R,25.855,H,,L,N,4,0,1,2,A,-,13,22515,A,N,C,2,A,A,H,-,A,D,0,,,,,Y,,A,01,0,0,1,0,0,0,0,0,0,"- ","- ",37.686378479003906,-122.4718017578125,"SAN MATEO","DALY CITY",-122.47152709960938,37.686355590820312
92057882,2023,2023-05-01,9335,2023-04-21,1720,022186,,5,2,6,4106,0,1,1,,2,021,"I-280 N/B","SCHOOL STREET O/C",390.00,S,N,A,-,Y,SM,,280," ",R,26.271,H,,R,Y,4,0,1,2,A,-,03,22350,,N,C,C,A,A,H,-,A,D,0,,,,,Y,,A,08,0,0,1,0,0,0,0,0,0,"- ","- ",37.692218780517578,-122.47013092041016,"SAN MATEO","DALY CITY",-122.47026062011719,37.692218780517578
92059430,2023,2023-05-02,9335,2023-04-28,1157,019581,,5,1,6,4106,0,1,1,,2,021,"I-280 N/B","WASHINGTON ST.",250.00,N,N,A,-,Y,SM,,280," ",R,26.028,H,,R,Y,3,0,1,1,A,-,08,22107,,N,E,I,A,A,H,-,A,D,0,,,,,Y,,A,01,0,1,0,0,0,0,0,0,0,"- ","- ",37.688621520996094,-122.47057342529297,"SAN MATEO","DALY CITY",-122.47053527832031,37.688613891601562
92059495,2023,2023-05-23,9335,2023-04-28,1159,019581,,5,1,6,4106,0,1,1,,2,021,"I-280 N/B","WASHINGTON ST.",300.00,N,N,A,-,Y,SM,,280," ",R,26.027,H,,R,N,3,0,2,2,A,-,03,22350,,N,D,C,A,A,H,-,A,D,0,,,,,Y,,A,01,0,2,0,0,0,0,0,0,0,"- ","- ",37.688621520996094,-122.47058868408203,"SAN MATEO","DALY CITY",-122.47053527832031,37.688610076904297
92059515,2023,2023-10-16,9335,2023-04-21,1534,021339,,5,2,6,4106,0,1,1,,2,021,"I-280 N/B","JOHN DALY BLVD OVERCROSSING",1690.00,S,N,A,-,Y,SM,,280," ",R,26.826,H,,R,Y,2,0,1,3,A,-,07,21658,A,N,B,C,A,A,H,-,A,D,0,,,Y,,Y,,A,01,1,0,0,0,0,0,0,0,1,"- ","- ",37.700218200683594,-122.47138214111328,"SAN MATEO","DALY CITY",-122.47135925292969,37.700218200683594
92061509,2023,2023-05-04,9335,2023-04-27,1745,023119,,4,2,6,4106,0,1,3,,2,035,"SR-35 N/B","WESTMOOR AVE",4013.00,S,N,A,-,Y,SM,,35," "," ",28.908,H,,R,Y,3,0,1,1,B,-,22,,,N,F,A,A,A,H,-,A,D,0,,,Y,,Y,,C,02,0,1,0,0,0,0,0,0,1,"- ","- ",37.672409057617188,-122.48776245117188,"SAN MATEO","DALY CITY",-122.48783111572266,37.672386169433594
92070728,2023,2023-05-17,9335,2023-05-07,"104 ",023044,,7,3,6,4106,0,1,1,,2,021,"I-280 SOUTHBOUND","HICKEY BLVD",75.00,S,N,A,-,Y,SM,,280," ",R,24.280,H,,L,Y,3,0,1,2,A,-,01,23152,A,M,C,2,A,A,H,-,C,D,0,,,,,Y,Y,A,01,0,1,0,0,0,0,0,0,0,"- ","- ",37.664619445800781,-122.46589660644531,"SAN MATEO","DALY CITY",-122.46581268310547,37.664619445800781
92070801,2023,2023-05-17,9335,2023-05-09,2059,017667,,2,2,6,4106,0,1,1,,2,021,"SR-1 S/B TO JOHN DALY BLVD.","JOHN DALY BVD.",4.00,S,N,A,-,Y,,,,,,,,,,N,3,0,1,2,A,-,10,21950,A,N,G,B,B,A,H,-,C,A,0,Y,,,,Y,,A,08,0,1,0,0,1,0,0,0,0,"- ","- ",37.704399108886719,-122.47354125976562,"SAN MATEO","DALY CITY",-122.47354125976562,37.704399108886719
92071217,2023,2023-05-17,9335,2023-05-12,1529,021339,,5,2,6,4106,0,1,1,,2,021,"I-280 S/B","SCHOOL ST O/C",60.00,N,N,A,-,Y,SM,,280," ",R,26.362,H,,L,N,4,0,1,2,A,-,03,22350,,F,C,C,A,A,H,-,A,D,0,,,,,Y,,A,01,0,0,1,0,0,0,0,0,0,"- ","- ",37.693531036376953,-122.47073364257812,"SAN MATEO","DALY CITY",-122.47056579589844,37.693534851074219
92080423,2023,2023-05-29,9335,2023-05-20,1125,020384,,6,1,6,4106,0,1,1,,2,021,"I-280 N/B","SERRAMONTE BLVD",1400.00,N,N,B,-,Y,SM,,280," ",R,24.915,H,,R,Y,4,0,1,2,A,-,03,22350,,N,C,C,A,B,H,-,A,D,0,,,,,Y,,A,07,0,0,1,0,0,0,0,0,0,"- ","- ",37.673488616943359,-122.46795654296875,"SAN MATEO","DALY CITY",-122.46807098388672,37.673431396484375
92080557,2023,2023-05-29,9335,2023-05-24,1910,017667,,3,2,6,4106,0,1,1,,2,021,"I-280 S/B",SR-1,1100.00,N,N,A,-,Y,SM,,280," ",R,25.469,H,,L,N,3,0,1,3,A,-,07,21658,A,N,B,C,A,A,H,-,A,D,0,,,,,Y,,D,22,0,1,0,0,0,0,0,0,0,"- ","- ",37.680648803710938,-122.47187042236328,"SAN MATEO","DALY CITY",-122.47174072265625,37.680644989013672
92091681,2023,2023-06-12,9335,2023-05-21,"145 ",023067,,7,3,6,4106,0,1,3,,2,035,"SR-1 N/B TO SR-53 NORTHBOUND","SKYLINE BLVD",140.00,E,N,B,-,Y,,,,,,,,,,Y,4,0,1,1,A,-,03,22350,,N,E,I,A,B,H,-,B,D,0,,,,,Y,,D,22,0,0,1,0,0,0,0,0,0,"- ","- ",37.668430328369141,-122.48374938964844,"SAN MATEO","DALY CITY",-122.48374938964844,37.668430328369141