CASE_ID,ACCIDENT_YEAR,PROC_DATE,JURIS,COLLISION_DATE,COLLISION_TIME,OFFICER_ID,REPORTING_DISTRICT,DAY_OF_WEEK,CHP_SHIFT,POPULATION,CNTY_CITY_LOC,SPECIAL_COND,BEAT_TYPE,CHP_BEAT_TYPE,CITY_DIVISION_LAPD,CHP_BEAT_CLASS,BEAT_NUMBER,PRIMARY_RD,SECONDARY_RD,DISTANCE,DIRECTION,INTERSECTION,WEATHER_1,WEATHER_2,STATE_HWY_IND,CALTRANS_COUNTY,CALTRANS_DISTRICT,STATE_ROUTE,ROUTE_SUFFIX,POSTMILE_PREFIX,POSTMILE,LOCATION_TYPE,RAMP_INTERSECTION,SIDE_OF_HWY,TOW_AWAY,COLLISION_SEVERITY,NUMBER_KILLED,NUMBER_INJURED,PARTY_COUNT,PRIMARY_COLL_FACTOR,PCF_CODE_OF_VIOL,PCF_VIOL_CATEGORY,PCF_VIOLATION,PCF_VIOL_SUBSECTION,HIT_AND_RUN,TYPE_OF_COLLISION,MVIW,PED_ACTION,ROAD_SURFACE,ROAD_COND_1,ROAD_COND_2,LIGHTING,CONTROL_DEVICE,CHP_ROAD_TYPE,PEDESTRIAN_ACCIDENT,BICYCLE_ACCIDENT,MOTORCYCLE_ACCIDENT,TRUCK_ACCIDENT,NOT_PRIVATE_PROPERTY,ALCOHOL_INVOLVED,STWD_VEHTYPE_AT_FAULT,CHP_VEHTYPE_AT_FAULT,COUNT_SEVERE_INJ,COUNT_VISIBLE_INJ,COUNT_COMPLAINT_PAIN,COUNT_PED_KILLED,COUNT_PED_INJURED,COUNT_BICYCLIST_KILLED,COUNT_BICYCLIST_INJURED,COUNT_MC_KILLED,COUNT_MC_INJURED,PRIMARY_RAMP,SECONDARY_RAMP,LATITUDE,LONGITUDE,COUNTY,CITY,POINT_X,POINT_Y
92098040,2023,2023-06-20,9335,2023-06-15,1744,022703,,4,2,6,4106,0,1,1,,2,021,"I-280 NORTHBOUND","THE JOHN DALY BOULEVARD OVERCROSSING",630.00,S,N,A,-,Y,SM,,280," ",M,27.032,H,,R,Y,4,0,1,4,A,-,07,21658,A,N,B,C,A,A,H,-,A,D,0,,,,,Y,,A,01,0,0,1,0,0,0,0,0,0,"- ","- ",37.703140258789062,-122.47154235839844,"SAN MATEO","DALY CITY",-122.47130584716797,37.703132629394531
92110948,2022,2023-07-06,9335,2022-07-11,0515,022187,,1,3,6,4106,0,1,3,,2,041,"SR-1 N/B","THE NORTH EDGE OF THE I-280 N/B TO SR-1 S/B OVER-C",340.00,N,N,E,-,Y,SM,,1,,R,47.862,H,,R,Y,1,1,0,3,A,-,03,22350,,N,C,C,E,B,H,-,D,D,0,Y,,,,Y,,A,01,0,0,0,1,0,0,0,0,0,"- ","- ",37.678718566894531,-122.47120666503906,"SAN MATEO","DALY CITY",-122.47119140625,37.678718566894531
92114729,2023,2023-07-12,9335,2023-07-05,1713,017667,,3,2,6,4106,0,1,1,,2,021,"I-280 N/B","SERRAMONTE BLVD",1260.00,N,N,B,-,Y,SM,,280," ",R,24.888,H,,R,Y,3,0,1,2,A,-,03,22350,,N,C,C,A,A,H,-,A,D,0,,,,,Y,,A,01,0,1,0,0,0,0,0,0,0,"- ","- ",37.673191070556641,-122.46764373779297,"SAN MATEO","DALY CITY",-122.46779632568359,37.673107147216797
92122381,2023,2023-07-20,9335,2023-07-14,1819,023191,,5,2,6,4106,0,1,1,,2,021,"I-280 N/B TO HICKEY BLVD.","HICKEY BLVD.",138.00,S,N,A,-,Y,,,,,,,,,,N,4,0,1,3,A,-,03,22350,,N,C,C,A,A,H,-,A,A,0,,,,,Y,,A,01,0,0,1,0,0,0,0,0,0,"- ","- ",37.662670135498047,-122.46408843994141,"SAN MATEO","DALY CITY",-122.46408843994141,37.662670135498047
9212580,2021,2021-01-27,4106,2021-01-05,1130,1180,11,2,5,6,4106,0,0,0,,0,005,"SKYLINE BL","JOHN DALY BL",510.00,S,N,A,-,Y,SM,4,35,-,-,30.730,H,-,N,N,3,0,1,1,A,-,03,22350,,N,H,J,A,A,H,-,A,D,0,,Y,,,Y,,L,04,0,1,0,0,0,0,1,0,0,"- ","- ",,,"SAN MATEO","DALY CITY",-122.49462890625,37.697341918945312
92132122,2023,2023-07-31,9335,2023-07-22,1620,023191,,6,2,6,4106,0,1,1,,2,021,"SR-1 N/B","JOHN DALY BOULEVARD",404.00,N,N,A,-,Y,SM,,1," ",R,48.435,H,,R,Y,3,0,2,4,A,-,03,22350,,N,C,C,A,A,H,-,A,D,0,,,,,Y,,A,07,0,2,0,0,0,0,0,0,0,"- ","- ",37.706249237060547,-122.47125244140625,"SAN MATEO","DALY CITY",-122.47128295898438,37.706253051757812
92135670,2023,2023-08-03,9335,2023-07-07,"927 ",021339,,5,1,6,4106,0,1,3,,2,041,"SR-35 SB","SR-1 N/B",528.00,S,N,A,-,Y,,,,,,,,,,N,3,0,1,1,A,-,08,22107,,N,E,I,A,A,H,-,A,D,0,,,,,Y,,A,01,0,1,0,0,0,0,0,0,0,"- ","- ",37.666728973388672,-122.48329925537109,"SAN MATEO","DALY CITY",-122.48305511474609,37.667133331298828
92135677,2023,2023-08-03,9335,2023-07-15,1155,021339,,6,1,6,4106,0,1,1,,2,021,"I-280 N/B","HICKEY BOULEVARD UNDERCROSSING",470.00,N,N,A,-,Y,SM,,280," ",R,24.310,H,,R,N,4,0,1,2,A,-,03,22350,,N,C,C,A,A,H,-,A,D,0,,,,,Y,,A,01,0,0,1,0,0,0,0,0,0,"- ","- ",37.665008544921875,-122.46543121337891,"SAN MATEO","DALY CITY",-122.46549224853516,37.665008544921875
92145484,2023,2023-08-16,9335,2023-08-10,"5   ",019999,,4,3,6,4106,0,1,1,,2,021,"GUADALUPE CANYON PARKWAY W/B","PRICE ST",3326.00,E,N,A,-,N,,,,,,,,,,N,4,0,1,1,A,-,08,22107,,N,H,J,A,A,H,-,D,D,0,,,Y,,Y,,C,02,0,0,1,0,0,0,0,0,1,"- ","- ",37.70166015625,-122.44825744628906,"SAN MATEO","DALY CITY",-122.44911193847656,37.701366424560547
9217136,2021,2021-03-15,4106,2021-01-05,1746,2122,4,2,5,6,4106,0,0,0,,0,003,"JOHN DALY BL","NIANTIC AV",136.00,W,N,A,-,N,,,,,,,,,,N,4,0,1,2,A,-,03,22350,,N,C,C,A,A,H,-,C,D,0,,,,,Y,,A,01,0,0,1,0,0,0,0,0,0,"- ","- ",,,"SAN MATEO","DALY CITY",-122.47004699707031,37.705005645751953
92197694,2023,2023-10-12,9335,2023-09-30,2300,023158,,6,3,6,4106,0,1,1,,2,021,"I-280 S/B","JUNIPERO SERRA BLVD",300.00,N,N,A,-,Y,SM,,280," ",R,26.125,H,,L,N,3,0,1,2,A,-,07,21658,A,N,B,C,A,A,H,-,C,D,0,,,,,Y,,A,01,0,1,0,0,0,0,0,0,0,"- ","- ",37.690219879150391,-122.47068023681641,"SAN MATEO","DALY CITY",-122.47055053710938,37.690212249755859
92199507,2023,2023-10-16,9335,2023-10-05,1618,023254,,4,2,6,4106,0,1,1,,2,021,"SR-1 S/B",SR-35,528.00,N,N,A,-,Y,SM,,1," ",R,47.054,H,,L,N,4,0,1,2,A,-,07,21658,A,N,C,C,A,A,H,-,A,D,0,,,,,Y,,A,07,0,0,1,0,0,0,0,0,0,"- ","- ",37.670619964599609,-122.48002624511719,"SAN MATEO","DALY CITY",-122.48002624511719,37.670589447021484
92204790,2023,2023-10-20,9335,2023-09-01,1120,023254,,5,1,6,4106,0,1,1,,2,021,"I-280 S/B","SERRAMONTE BLVD",1584.00,N,N,B,C,Y,SM,,280," ",R,25.045,H,,L,Y,2,0,2,4,A,-,08,22107,,N,D,C,A,B,H,-,A,D,0,,,,,Y,,D,22,1,1,0,0,0,0,0,0,0,"- ","- ",37.675041198730469,-122.46955108642578,"SAN MATEO","DALY CITY",-122.46963500976562,37.675003051757812
9221078,2021,2021-03-11,4106,2021-01-11,1402,2146,4,1,5,6,4106,0,0,0,,0,003,"WESTLAKE AV","JUNIPERO SERRA BL",0.00,,Y,A,-,N,,,,,,,,,,N,4,0,1,2,A,-,03,22350,,M,C,C,A,A,H,-,A,A,0,,,,,Y,,A,01,0,0,1,0,0,0,0,0,0,"- ","- ",,,"SAN MATEO","DALY CITY",-122.47083282470703,37.699489593505859
92210885,2023,2023-10-27,4106,2023-02-24,1423,2201,6,5,5,6,4106,0,0,0,,0,002,"PRICE ST","LAUSANNE AV",0.00,,Y,C,-,N,,,,,,,,,,N,3,0,1,2,A,-,21,22106,,N,G,B,F,B,H,-,A,D,0,Y,,,,Y,,-,"- ",0,1,0,0,1,0,0,0,0,"- ","- ",,,"SAN MATEO","DALY CITY",-122.45909881591797,37.693096160888672
9221718,2021,2021-02-25,4106,2021-01-06,0853,2154,10,3,5,6,4106,0,0,0,,0,004,"WESTMOOR AV","SKYLINE DR",0.00,,Y,B,-,N,,,,,,,,,,Y,4,0,1,2,A,-,12,21453,A,N,A,C,A,A,H,-,A,A,0,,,,,Y,,A,01,0,0,1,0,0,0,0,0,0,"- ","- ",,,"SAN MATEO","DALY CITY",-122.49012756347656,37.683467864990234
9222200,2021,2021-03-18,4106,2021-02-05,1108,2081,10,5,5,6,4106,0,0,0,,0,004,"WESTMOOR AV","SKYLINE DR",0.00,,Y,A,-,N,,,,,,,,,,Y,3,0,1,2,A,-,08,22101,D,N,D,D,A,A,H,-,A,A,0,,,,,Y,,A,01,0,1,0,0,0,0,0,0,0,"- ","- ",,,"SAN MATEO","DALY CITY",-122.49012756347656,37.683467864990234
92244549,2023,2023-11-27,9335,2023-10-26,1930,023366,,4,2,6,4106,0,1,1,,2,021,"I-280 S/B","SERRAMONTE BLVD",1320.00,N,N,A,-,Y,SM,,280," ",R,24.895,H,,L,N,4,0,2,2,A,-,03,22350,,N,C,C,A,A,H,-,C,D,0,,,,,Y,,A,01,0,0,2,0,0,0,0,0,0,"- ","- ",37.673118591308594,-122.46819305419922,"SAN MATEO","DALY CITY",-122.46815490722656,37.673137664794922
92262347,2023,2023-12-14,9335,2023-11-10,1850,023133,,5,2,6,4106,0,1,1,,2,021,"I-280 S/B","SR-1 PHYSICAL GORE POINT",900.00,N,N,A,-,Y,SM,,280," ",R,25.583,H,,L,N,4,0,1,2,A,-,03,22350,,N,C,C,A,A,H,-,D,D,0,,,,,Y,,A,01,0,0,1,0,0,0,0,0,0,"- ","- ",37.682281494140625,-122.47177124023438,"SAN MATEO","DALY CITY",-122.47172546386719,37.682281494140625
92263638,2023,2023-12-18,9335,2023-10-03,1749,019432,,2,2,6,4106,0,1,1,,2,022,"I-280 S/B","ST. CHARLES AVE.",1584.00,N,N,A,-,Y,SF,,280," ",R,0.304,H,,L,Y,4,0,1,4,A,-,08,22107,,M,C,C,A,A,H,-,A,D,0,,,,,Y,,-,99,0,0,1,0,0,0,0,0,0,"- ","- ",37.710590362548828,-122.46434020996094,"SAN MATEO","DALY CITY",-122.46433258056641,37.710540771484375
92263976,2023,2023-12-18,9335,2023-12-08,1730,023373,,5,2,6,4106,0,1,1,,2,021,"I-280 N/B","JOHN DALY BLVD",1624.00,S,N,A,-,Y,SM,,280," ",R,26.827,H,,R,Y,3,0,1,3,A,-,03,22350,,N,C,C,A,A,H,-,C,D,0,,,,,Y,,A,01,0,1,0,0,0,0,0,0,0,"- ","- ",37.700241088867188,-122.47126770019531,"SAN MATEO","DALY CITY",-122.47135925292969,37.700241088867188
92268472,2023,2023-12-21,9335,2023-12-12,1715,019432,,2,2,6,4106,0,1,1,,2,021,"I-280 N/B","SCHOOL ST.",30.00,S,N,A,-,Y,SM,,280," ",R,26.337,H,,R,Y,4,0,1,2,A,-,03,22350,,N,C,C,A,A,H,-,D,D,0,,,,Y,Y,,A,07,0,0,1,0,0,0,0,0,0,"- ","- ",37.693210601806641,-122.47013854980469,"SAN MATEO","DALY CITY",-122.47027587890625,37.693206787109375
92275371,2023,2023-12-29,9335,2023-11-04,1820,022860,,6,2,6,4106,0,1,1,,2,020,"I-280 S/B","SNEATH LANE OVERCROSSING",2500.00,N,N,B,-,Y,SM,,280," ",R,21.788,H,,L,N,4,0,2,2,A,-,03,22350,,N,C,C,A,A,H,-,C,D,0,,,,,Y,,A,01,0,0,2,0,0,0,0,0,0,"- ","- ",37.636161804199219,-122.439697265625,"SAN MATEO","DALY CITY",-122.43962097167969,37.636188507080078
92275653,2023,2024-01-01,9335,2023-12-22,1815,023464,,5,2,6,4106,0,1,1,,2,021,"I-280 N/B","SCHOOL STREET OVERCROSSING",200.00,S,N,A,-,Y,SM,,280," ",R,26.307,H,,R,Y,4,0,2,3,A,-,03,22350,,N,C,C,A,A,H,-,C,D,0,,,,,Y,,-,"- ",0,0,2,0,0,0,0,0,0,"- ","- ",37.6927490234375,-122.47029876708984,"SAN MATEO","DALY CITY",-122.47026824951172,37.6927490234375
92275656,2023,2024-01-01,9335,2023-12-14,"430 ",023367,,4,3,6,4106,0,1,1,,2,021,"SR-1 N/B TO I-280 N/B","SOUTHGATE AVENUE UNDERCROSSING",1531.00,N,N,A,-,Y,SM,,1," ",R,47.892,H,,R,Y,3,0,1,1,A,-,08,22107,,N,F,J,A,A,H,-,C,D,0,,,,,Y,,A,01,0,1,0,0,0,0,0,0,0,"- ","- ",37.679168701171875,-122.47106170654297,"SAN MATEO","DALY CITY",-122.47113800048828,37.679172515869141
92282927,2023,2024-01-09,9335,2023-12-31,"435 ",023119,,7,3,6,4106,0,1,1,,2,021,"I-280 N/B","D STREET OVERCROSSING",1759.00,S,N,A,-,Y,SM,,280," ",R,25.343,H,,R,Y,4,0,1,2,A,-,07,21658,A,M,B,C,A,A,H,-,C,D,0,,,,,Y,,-,99,0,0,1,0,0,0,0,0,0,"- ","- ",37.678951263427734,-122.47162628173828,"SAN MATEO","DALY CITY",-122.47151947021484,37.678958892822266
92319158,2023,2024-02-21,9335,2023-10-24,"940 ",023489,,2,1,6,4106,0,1,1,,2,021,"I-280 S/B","WESTBOROUGH BLVD",2112.00,N,N,A,-,Y,SM,,280," ",R,23.030,H,,L,Y,3,0,1,2,A,-,07,21658,A,N,C,C,A,A,H,-,A,D,0,,,Y,,Y,,C,02,0,1,0,0,0,0,0,0,1,"- ","- ",37.650341033935547,-122.4527587890625,"SAN MATEO","DALY CITY",-122.45280456542969,37.650321960449219
92319205,2023,2024-02-21,9335,2023-10-27,1033,023253,,5,1,6,4106,0,1,3,,2,041,"SR-1 N/B TO SR-35 N/B",SR-35,465.00,S,N,A,-,Y,,,,,,,,,,Y,4,0,2,1,A,-,03,22350,,N,E,I,A,A,H,-,A,C,0,,,,,Y,,A,01,0,0,2,0,0,0,0,0,0,"- ","- ",37.669879913330078,-122.48465728759766,"SAN MATEO","DALY CITY",-122.48465728759766,37.669879913330078
9232538,2021,2021-03-29,4106,2021-02-02,1924,2146,5,2,5,6,4106,0,0,0,,0,003,"JUNIPERO SERRA BL","90TH ST",0.00,,Y,A,-,N,,,,,,,,,,N,2,0,1,2,A,-,10,21950,A,N,G,B,B,A,H,-,C,D,0,Y,,,,Y,,I,11,1,0,0,0,1,0,0,0,0,"- ","- ",,,"SAN MATEO","DALY CITY",-122.47100067138672,37.691108703613281
9232542,2021,2021-04-13,4106,2021-01-10,1657,2173,1A,7,5,6,4106,0,0,0,,0,001,"CALGARY ST","GENEVA AV",0.00,,Y,A,-,N,,,,,,,,,,N,3,0,1,2,A,-,12,22450,A,N,D,C,A,A,H,-,B,D,0,,,Y,,Y,,C,02,0,1,0,0,0,0,0,0,1,"- ","- ",,,"SAN MATEO","DALY CITY",-122.41664123535156,37.707328796386719
9232597,2021,2021-04-08,4106,2021-02-01,0837,25109,,1,5,6,4106,0,0,0,,0,,"JOHN DALY BL","NIANTIC AV",0.00,,Y,A,-,N,,,,,,,,,,Y,3,0,1,2,A,-,12,21453,A,N,D,C,A,A,H,-,A,A,0,,,,,Y,,A,08,0,1,0,0,0,0,0,0,0,"- ","- ",37.705268859863281,-122.46916198730469,"SAN MATEO","DALY CITY",-122.46958160400391,37.705013275146484
92332469,2023,2024-03-07,9335,2023-11-10,1850,022860,,5,2,6,4106,0,1,1,,2,021,"I-280 S/B","SAN PEDRO ROAD OVERCROSSING",700.00,S,N,A,-,Y,SM,,280," ",R,25.628,H,,L,N,4,0,1,2,A,-,03,22350,,N,C,C,A,A,H,-,C,D,0,,,,,Y,,A,01,0,0,1,0,0,0,0,0,0,"- ","- ",37.682929992675781,-122.47174835205078,"SAN MATEO","DALY CITY",-122.47171020507812,37.682929992675781
9233406,2021,2021-04-10,4106,2021-02-06,0430,2154,3,6,5,6,4106,0,0,0,,0,002,"TEMPLETON AV","HANOVER ST",118.00,S,N,A,-,N,,,,,,,,,,Y,4,0,1,2,A,-,"- ",,,M,B,E,A,A,H,-,C,D,0,,,,,Y,,A,01,0,0,1,0,0,0,0,0,0,"- ","- ",,,"SAN MATEO","DALY CITY",-122.45221710205078,37.705677032470703
9233407,2021,2021-04-10,4106,2021-02-13,1959,2131,14,6,5,6,4106,0,0,0,,0,006,"GELLERT BL","DERBY ST",0.00,,Y,A,-,N,,,,,,,,,,Y,3,0,2,2,A,-,04,21703,,N,C,C,A,A,H,-,C,A,0,,,,,Y,,A,01,0,1,1,0,0,0,0,0,0,"- ","- ",,,"SAN MATEO","DALY CITY",-122.46562194824219,37.657169342041016
9233688,2021,2021-04-12,4106,2021-02-06,1550,2154,14,6,5,6,4106,0,0,0,,0,006,"KING DR","VERDUCCI DR",21.00,W,N,A,-,N,,,,,,,,,,Y,4,0,1,2,A,-,08,22107,,N,C,E,A,A,H,-,A,D,0,,,,,Y,,A,07,0,0,1,0,0,0,0,0,0,"- ","- ",,,"SAN MATEO","DALY CITY",-122.46300506591797,37.650222778320312
9235741,2021,2021-03-25,4106,2021-02-03,0730,1180,14,3,5,6,4106,0,0,0,,0,006,"KING DR","CAMELOT CT",116.00,W,N,A,-,N,,,,,,,,,,N,3,0,1,2,A,-,21,22106,,N,D,C,A,A,H,-,A,D,0,,,,,Y,,-,,0,1,0,0,0,0,0,0,0,"- ","- ",,,"SAN MATEO","DALY CITY",-122.46018981933594,37.649890899658203
9236084,2021,2021-04-06,4106,2021-02-14,1610,2173,4,7,5,6,4106,0,0,0,,0,003,"JOHN DALY BL","NIANTIC AV",150.00,E,N,A,-,N,,,,,,,,,,Y,2,0,2,3,A,-,12,21453,,N,D,C,A,A,H,-,A,A,0,,,,,Y,Y,A,01,1,0,1,0,0,0,0,0,0,"- ","- ",,,"SAN MATEO","DALY CITY",-122.46906280517578,37.705009460449219
9237348,2021,2021-03-26,4106,2021-01-17,2311,2174,3,7,5,6,4106,0,0,0,,0,002,"BELLEVUE AV","EVERGREEN AV",165.00,E,N,A,-,N,,,,,,,,,,N,4,0,1,2,A,-,03,22350,,N,C,E,A,A,H,-,C,D,0,,,,,Y,,A,01,0,0,1,0,0,0,0,0,0,"- ","- ",,,"SAN MATEO","DALY CITY",-122.45408630371094,37.703678131103516
9237398,2021,2021-03-23,4106,2021-01-12,0042,2151,3,2,5,6,4106,0,0,0,,0,002,"BELLEVUE AV","ACTON ST",0.00,,Y,A,-,N,,,,,,,,,,N,4,0,1,2,A,-,12,22450,A,F,D,D,A,A,H,-,C,A,0,,,,,Y,,-,,0,0,1,0,0,0,0,0,0,"- ","- ",,,"SAN MATEO","DALY CITY",-122.45069122314453,37.705112457275391
9237399,2021,2021-03-23,4106,2021-01-11,1708,2146,3,1,5,6,4106,0,0,0,,0,002,"BRUNSWICK ST","TEMPLETON AV",0.00,,Y,A,-,N,,,,,,,,,,N,3,0,1,3,A,-,03,22350,,N,C,E,A,A,H,-,B,D,0,,,,,Y,,A,01,0,1,0,0,0,0,0,0,0,"- ","- ",,,"SAN MATEO","DALY CITY",-122.45378112792969,37.706958770751953
92386878,2023,2024-08-14,9335,2023-07-10,"208 ",023082,,1,3,6,4106,0,1,1,,2,021,"I-280 S/B","JUNIPERO SERRA BLVD",630.00,N,N,A,-,Y,SM,,280," ",R,26.622,H,,L,N,1,1,0,2,A,-,11,21954,A,N,G,B,E,A,H,-,D,D,0,Y,,,,Y,Y,N,60,0,0,0,1,0,0,0,0,0,"- ","- ",37.697151184082031,-122.47154235839844,"SAN MATEO","DALY CITY",-122.47137451171875,37.697174072265625
9240377,2021,2021-04-08,4106,2021-03-07,1403,1222,13A,7,5,6,4106,0,0,0,,0,006,"SERRAMONTE BL","GELLERT BL",650.00,,N,A,-,N,,,,,,,,,,N,4,0,1,2,A,-,10,21950,A,N,G,B,B,A,H,-,A,A,0,Y,,,,Y,,A,01,0,0,1,0,1,0,0,0,0,"- ","- ",,,"SAN MATEO","DALY CITY",-122.46897125244141,37.669059753417969
9241969,2021,2021-04-29,4106,2021-03-25,1800,2070,12,4,5,6,4106,0,0,0,,0,005,"ST FRANCIS",SOUTHGATE,0.00,,Y,A,-,N,,,,,,,,,,N,3,0,2,3,A,-,10,21950,A,N,G,B,B,A,H,-,A,A,0,Y,,,,Y,Y,A,01,0,2,0,0,2,0,0,0,0,"- ","- ",,,"SAN MATEO","DALY CITY",-122.47957611083984,37.675853729248047
9241970,2021,2021-04-29,4106,2021-03-02,1141,2092,4,2,5,6,4106,0,0,0,,0,003,"JUNIPERO SERRO","SCHOOL ST",630.00,N,N,A,-,N,,,,,,,,,,N,3,0,1,2,A,-,10,21950,A,N,G,B,B,A,H,-,E,D,0,Y,,,,Y,,A,01,0,1,0,0,1,0,0,0,0,"- ","- ",37.696090698242188,-122.47232818603516,"SAN MATEO","DALY CITY",-122.47103118896484,37.694999694824219
9241971,2021,2021-04-30,4106,2021-03-14,2227,2139,6,7,5,6,4106,0,0,0,,0,002,"MISSION ST","E MOLKE ST",0.00,,Y,C,-,N,,,,,,,,,,Y,3,0,1,2,A,-,01,23152,A,F,H,C,A,B,H,-,C,D,0,,,,,Y,Y,A,08,0,1,0,0,0,0,0,0,0,"- ","- ",,,"SAN MATEO","DALY CITY",-122.46479034423828,37.694412231445312
9242653,2021,2021-04-19,4106,2021-03-04,2012,2148,3,4,5,6,4106,0,0,0,,0,002,"SAN JOSE AVE","BEPLER ST",90.00,N,N,A,-,N,,,,,,,,,,Y,3,0,1,6,A,-,03,22350,,N,C,E,A,A,H,-,C,D,0,,,,,Y,,D,73,0,1,0,0,0,0,0,0,0,"- ","- ",,,"SAN MATEO","DALY CITY",-122.4609375,37.706443786621094
9242661,2021,2021-04-13,4106,2021-02-10,2025,2146,13,3,5,6,4106,0,0,0,,0,006,"CALLAN BL","SERRAMONT CTR",0.00,,Y,A,-,N,,,,,,,,,,N,3,0,1,2,A,-,09,21801,A,N,D,C,A,A,H,-,C,D,0,,,,,Y,,D,22,0,1,0,0,0,0,0,0,0,"- ","- ",,,"SAN MATEO","DALY CITY",-122.47547,37.669400000000003
9242710,2021,2021-04-13,4106,2021-03-19,1135,21154,13,5,5,6,4106,0,0,0,,0,006,"HICKEY BL","CALLAN BL",115.00,E,N,B,-,N,,,,,,,,,,N,4,0,1,2,A,-,03,22350,,N,C,C,A,A,H,-,A,A,0,,,,,Y,,D,72,0,0,1,0,0,0,0,0,0,"- ","- ",,,"SAN MATEO","DALY CITY",-122.47439575195312,37.665451049804688
9243021,2021,2022-12-07,4106,2021-04-01,1626,1130,4,4,5,6,4106,0,0,0,,0,003,"JUNIPERO SERRA BL","GARDEN GATEWAY",75.00,N,N,A,-,N,,,,,,,,,,N,3,0,1,2,A,-,08,22107,,N,F,A,A,A,H,-,A,D,0,,,Y,,Y,,A,01,0,1,0,0,0,0,0,0,1,"- ","- ",,,"SAN MATEO","DALY CITY",-122.47103118896484,37.694267272949219
9251740,2021,2021-04-22,4106,2021-03-02,2045,2129,5,2,5,6,4106,0,0,0,,0,003,"VALE ST","MATEO AV",0.00,,Y,A,-,N,,,,,,,,,,N,3,0,1,2,A,-,12,22450,A,F,H,H,B,A,H,-,C,A,0,Y,,,,Y,,B,01,0,1,0,0,1,0,0,0,0,"- ","- ",,,"SAN MATEO","DALY CITY",-122.4669189453125,37.691551208496094
9253708,2021,2021-04-28,4106,2021-03-27,1820,2139,14,6,5,6,4106,0,0,0,,0,006,"HICKEY BL","IMPERIAL WY",40.00,E,N,A,F,N,,,,,,,,,,Y,4,0,3,2,A,-,12,21453,A,N,A,C,A,A,H,-,A,A,0,,,,,Y,,A,01,0,0,3,0,0,0,0,0,0,"- ","- ",,,"SAN MATEO","DALY CITY",-122.46391296386719,37.663295745849609
9253712,2021,2021-04-28,4106,2021-03-30,0848,1158,7,2,5,6,4106,0,0,0,,0,002,"CHESTER ST","ABBOT AV",0.00,,Y,A,-,N,,,,,,,,,,N,3,0,1,2,A,-,10,21950,A,N,G,B,B,A,H,-,A,A,0,Y,,,,Y,,A,01,0,1,0,0,1,0,0,0,0,"- ","- ",,,"SAN MATEO","DALY CITY",-122.45770263671875,37.688518524169922
9253716,2021,2021-04-28,4106,2021-03-28,0000,2142,8,7,5,6,4106,0,0,0,,0,004,"LAKE MERCED BL","GLENWOOD AV",0.00,,Y,A,-,N,,,,,,,,,,N,3,0,1,2,A,-,03,22350,,N,H,A,A,A,H,-,C,D,0,,,Y,,Y,,C,02,0,1,0,0,0,0,0,0,1,"- ","- ",37.701629638671875,-122.48548126220703,"SAN MATEO","DALY CITY",-122.48545074462891,37.702232360839844
9254036,2021,2021-05-03,4106,2021-04-14,1630,2178,1,3,5,6,4106,0,0,0,,0,001,"GENEVA AV","RIO VERDE ST",157.00,E,N,A,-,N,,,,,,,,,,N,4,0,1,2,A,-,03,22350,A,N,C,C,A,A,H,-,A,D,0,,,Y,,Y,,A,01,0,0,1,0,0,0,0,0,1,"- ","- ",,,"SAN MATEO","DALY CITY",-122.41531372070312,37.706924438476562
9254157,2021,2021-04-30,4106,2021-04-03,2245,2178,9,6,5,6,4106,0,0,0,,0,004,"SOUTH MAYFAIR AV","MONTROSE AV",645.00,N,N,A,-,N,,,,,,,,,,Y,3,0,1,4,A,-,00,21352,,M,B,E,A,A,H,-,C,D,0,,,,,Y,Y,A,01,0,1,0,0,0,0,0,0,0,"- ","- ",,,"SAN MATEO","DALY CITY",-122.49110412597656,37.690006256103516
9254392,2021,2021-05-05,4106,2021-04-18,0943,2176,5,7,5,6,4106,0,0,0,,0,003,"MISSION ST","BISMARK ST",158.00,N,N,A,-,N,,,,,,,,,,Y,3,0,1,2,A,-,08,22107,,N,A,C,A,A,H,-,A,D,0,,,,,Y,,A,01,0,1,0,0,0,0,0,0,0,"- ","- ",,,"SAN MATEO","DALY CITY",-122.46465301513672,37.696201324462891
9254467,2021,2021-05-17,4106,2021-04-03,2000,2178,13B,6,5,6,4106,0,0,0,,0,006,"GELLERT BL","SERRAMONTE BL",475.00,S,N,A,-,N,,,,,,,,,,N,4,0,1,2,A,-,08,22107,,M,C,C,A,A,H,-,C,D,0,,,,,Y,,A,01,0,0,1,0,0,0,0,0,0,"- ","- ",,,"SAN MATEO","DALY CITY",-122.46882629394531,37.667758941650391
9254468,2021,2021-05-17,4106,2021-04-17,0200,2164,7,6,5,6,4106,0,0,0,,0,002,"3RD AV","VALLEY ST",0.00,,Y,A,-,N,,,,,,,,,,Y,4,0,1,2,A,-,01,23152,A,N,A,E,A,A,H,-,C,A,0,,,,,Y,Y,-,,0,0,1,0,0,0,0,0,0,"- ","- ",,,"SAN MATEO","DALY CITY",-122.46212005615234,37.687915802001953
9256261,2021,2021-11-30,4106,2021-03-04,2000,1180,10,4,5,6,4106,0,0,0,,0,004,"RT 35","WESTRIDGE AV",0.00,,Y,A,-,Y,SM,4,35,-,-,30.270,I,5,S,Y,1,1,0,2,A,-,11,21456,C,N,G,B,B,A,H,-,C,A,0,Y,,,,Y,,N,60,0,0,0,1,0,0,0,0,0,"- ","- ",,,"SAN MATEO","DALY CITY",-122.49281311035156,37.690475463867188