CASE_ID,ACCIDENT_YEAR,PROC_DATE,JURIS,COLLISION_DATE,COLLISION_TIME,OFFICER_ID,REPORTING_DISTRICT,DAY_OF_WEEK,CHP_SHIFT,POPULATION,CNTY_CITY_LOC,SPECIAL_COND,BEAT_TYPE,CHP_BEAT_TYPE,CITY_DIVISION_LAPD,CHP_BEAT_CLASS,BEAT_NUMBER,PRIMARY_RD,SECONDARY_RD,DISTANCE,DIRECTION,INTERSECTION,WEATHER_1,WEATHER_2,STATE_HWY_IND,CALTRANS_COUNTY,CALTRANS_DISTRICT,STATE_ROUTE,ROUTE_SUFFIX,POSTMILE_PREFIX,POSTMILE,LOCATION_TYPE,RAMP_INTERSECTION,SIDE_OF_HWY,TOW_AWAY,COLLISION_SEVERITY,NUMBER_KILLED,NUMBER_INJURED,PARTY_COUNT,PRIMARY_COLL_FACTOR,PCF_CODE_OF_VIOL,PCF_VIOL_CATEGORY,PCF_VIOLATION,PCF_VIOL_SUBSECTION,HIT_AND_RUN,TYPE_OF_COLLISION,MVIW,PED_ACTION,ROAD_SURFACE,ROAD_COND_1,ROAD_COND_2,LIGHTING,CONTROL_DEVICE,CHP_ROAD_TYPE,PEDESTRIAN_ACCIDENT,BICYCLE_ACCIDENT,MOTORCYCLE_ACCIDENT,TRUCK_ACCIDENT,NOT_PRIVATE_PROPERTY,ALCOHOL_INVOLVED,STWD_VEHTYPE_AT_FAULT,CHP_VEHTYPE_AT_FAULT,COUNT_SEVERE_INJ,COUNT_VISIBLE_INJ,COUNT_COMPLAINT_PAIN,COUNT_PED_KILLED,COUNT_PED_INJURED,COUNT_BICYCLIST_KILLED,COUNT_BICYCLIST_INJURED,COUNT_MC_KILLED,COUNT_MC_INJURED,PRIMARY_RAMP,SECONDARY_RAMP,LATITUDE,LONGITUDE,COUNTY,CITY,POINT_X,POINT_Y
9261873,2021,2021-05-06,4106,2021-04-12,0742,1137,3,1,5,6,4106,0,0,0,,0,002,"MISSION ST","EVERGREEN AVE",0.00,,Y,B,-,N,,,,,,,,,,Y,4,0,1,3,A,-,07,21658,A,N,C,E,A,A,H,-,A,D,0,,,,,Y,Y,A,01,0,0,1,0,0,0,0,0,0,"- ","- ",,,"SAN MATEO","DALY CITY",-122.45673370361328,37.707416534423828
9261874,2021,2021-06-04,4106,2021-04-04,1523,2177,12,7,5,6,4106,0,0,0,,0,005,"EASTMOOR AV","SULLIVAN AV",13.00,W,N,A,-,N,,,,,,,,,,Y,2,0,6,2,A,-,01,23153,A,N,A,C,A,A,H,-,A,A,0,,,,,Y,Y,A,08,2,4,0,0,0,0,0,0,0,"- ","- ",,,"SAN MATEO","DALY CITY",-122.47228240966797,37.684490203857422
9261875,2021,2021-06-09,4106,2021-04-13,1848,2173,5,2,5,6,4106,0,0,0,,0,003,"MISSION ST","E CAVOUR ST",0.00,,Y,A,-,N,,,,,,,,,,N,3,0,7,2,A,-,01,23153,A,N,C,C,A,A,H,-,A,D,0,,,,,Y,Y,A,01,0,7,0,0,0,0,0,0,0,"- ","- ",,,"SAN MATEO","DALY CITY",-122.46480560302734,37.695087432861328
9265911,2021,2021-06-08,4106,2021-04-23,1510,1241,5,5,5,6,4106,0,0,0,,0,003,"MISSION ST","CASTLE ST",0.00,,Y,A,-,Y,SM,4,82,-,-,23.870,H,-,N,N,4,0,1,2,A,-,08,22107,,M,B,E,A,A,H,-,A,D,0,,,,,Y,,A,01,0,0,1,0,0,0,0,0,0,"- ","- ",,,"SAN MATEO","DALY CITY",-122.46559906005859,37.690914154052734
9265966,2021,2021-05-27,4106,2021-04-21,1528,2173,3,3,5,6,4106,0,0,0,,0,002,"BELLEVUE AV","ROOSEVELT ST",0.00,,Y,B,-,N,,,,,,,,,,N,3,0,1,2,A,-,07,21658,A,N,B,C,A,A,H,-,A,D,0,,,,,Y,,A,01,0,1,0,0,0,0,0,0,0,"- ","- ",,,"SAN MATEO","DALY CITY",-122.45291900634766,37.704086303710938
9265967,2021,2021-05-27,4106,2021-04-20,0206,2137,3,2,5,6,4106,0,0,0,,0,002,"BRUNSWICK ST","WELLINGTON AV",110.00,N,N,A,-,N,,,,,,,,,,Y,3,0,2,4,A,-,08,22107,,N,H,C,A,A,H,-,C,D,0,,,,,Y,,A,01,0,2,0,0,0,0,0,0,0,"- ","- ",,,"SAN MATEO","DALY CITY",-122.45954132080078,37.704963684082031
9266245,2021,2021-05-27,4106,2021-04-26,2020,2178,8A,1,5,6,4106,0,0,0,,0,004,"PARK PLAZA DR","JOHN DALY BL",147.00,N,N,A,-,N,,,,,,,,,,N,3,0,1,2,-,-,"- ",,,N,G,B,D,A,H,-,C,D,0,Y,,,,Y,,-,"- ",0,1,0,0,1,0,0,0,0,"- ","- ",,,"SAN MATEO","DALY CITY",-122.48223114013672,37.702098846435547
9266247,2021,2021-05-27,4106,2021-04-05,1445,2176,2,1,5,6,4106,0,0,0,,0,001,"CROCKER AV","SOUTHHILL BL",0.00,,Y,A,-,N,,,,,,,,,,N,3,0,1,2,A,-,12,22450,A,F,G,B,D,A,H,-,A,D,0,Y,,,,Y,,A,01,0,1,0,0,1,0,0,0,0,"- ","- ",,,"SAN MATEO","DALY CITY",-122.4422,37.701740000000001
9266283,2021,2021-05-27,4106,2021-04-23,2257,2093,4,5,5,6,4106,0,0,0,,0,003,"JOHN DALY BL","JUNIPERO SERRA BL",0.00,,Y,E,-,N,,,,,,,,,,N,4,0,2,2,A,-,09,21453,C,N,D,C,A,B,H,-,C,A,0,,,,,Y,,A,01,0,0,2,0,0,0,0,0,0,"- ","- ",,,"SAN MATEO","DALY CITY",-122.47087097167969,37.704978942871094
9266316,2021,2021-05-27,4106,2021-04-15,2107,2177,2,4,5,6,4106,0,0,0,,0,001,"CROCKER AV","SOUTH HILL BL",246.00,W,N,A,-,N,,,,,,,,,,Y,3,0,1,2,A,-,01,23152,A,N,B,E,A,A,H,-,C,D,0,,,,,Y,Y,A,01,0,1,0,0,0,0,0,0,0,"- ","- ",,,"SAN MATEO","DALY CITY",-122.44303131103516,37.701622009277344
9267816,2021,2021-06-16,4106,2021-05-20,0914,2154,5,4,5,6,4106,0,0,0,,0,003,"87TH ST","SULLIVAN AV",0.00,,Y,A,-,N,,,,,,,,,,N,3,0,1,2,A,-,10,21950,A,N,G,B,B,A,H,-,A,D,0,Y,,,,Y,,D,22,0,1,0,0,1,0,0,0,0,"- ","- ",,,"SAN MATEO","DALY CITY",-122.47222900390625,37.693260192871094
9268233,2021,2021-06-02,4106,2021-05-13,1419,2131,4,4,5,6,4106,0,0,0,,0,003,"SANTA BARBARA AV","HILLCREST DR",0.00,,Y,A,-,N,,,,,,,,,,N,3,0,1,2,A,-,10,21950,A,N,G,B,B,A,H,-,A,D,0,Y,,,,Y,,A,01,0,1,0,0,1,0,0,0,0,"- ","- ",,,"SAN MATEO","DALY CITY",-122.46371459960938,37.706230163574219
9269775,2021,2021-06-08,4106,2021-03-24,0749,2154,,3,5,6,4106,0,0,0,,0,,"SERRAMONTE BL","RT 280",0.00,,Y,A,-,Y,SM,4,280,-,R,24.821,R,4,S,N,4,0,1,2,A,-,12,21453,A,N,D,C,A,A,H,-,A,A,0,,,Y,,Y,,C,03,0,0,1,0,0,0,0,0,1,"- ",SF,,,"SAN MATEO","DALY CITY",-122.46751403808594,37.672298431396484
9270981,2021,2021-06-16,4106,2021-05-20,2100,2173,11,4,5,6,4106,0,0,0,,0,005,"SKYLINE BL","GATEWAY DR",0.00,,Y,A,-,N,,,,,,,,,,N,3,0,1,2,A,-,12,22450,A,N,G,B,B,A,H,-,D,D,0,Y,,,,Y,,A,01,0,1,0,0,1,0,0,0,0,"- ","- ",,,"SAN MATEO","DALY CITY",-122.48658752441406,37.66571044921875
9270982,2021,2021-06-16,4106,2021-05-02,1030,2063,8,7,5,6,4106,0,0,0,,0,004,"LAKE MERCED BL","JOHN DALY BL",0.00,,Y,A,-,N,,,,,,,,,,Y,3,0,1,2,A,-,08,22107,,N,B,C,A,A,H,-,A,A,0,,,,,Y,,A,01,0,1,0,0,0,0,0,0,0,"- ","- ",,,"SAN MATEO","DALY CITY",-122.48490905761719,37.701442718505859
9270983,2021,2021-06-16,4106,2021-05-19,2200,2137,13,3,5,6,4106,0,0,0,,0,006,"SERRAMONTE BL","CALLAN BL",726.00,E,N,G,-,N,,,,,,,,,,Y,3,0,1,1,A,-,03,22350,,N,E,J,A,A,H,-,C,D,0,,,,,Y,,A,01,0,1,0,0,0,0,0,0,0,"- ","- ",,,"SAN MATEO","DALY CITY",-122.47297668457031,37.669326782226562
9270984,2021,2021-06-16,4106,2021-05-18,1618,2177,6,2,5,6,4106,0,0,0,,0,002,"CASTLE ST","HILLSIDE BL",0.00,,Y,A,-,N,,,,,,,,,,Y,3,0,1,3,A,-,12,22450,A,F,A,C,A,A,H,-,A,D,0,,,,,Y,,A,01,0,1,0,0,0,0,0,0,0,"- ","- ",,,"SAN MATEO","DALY CITY",-122.46150970458984,37.691738128662109
9270985,2021,2021-06-18,4106,2021-05-20,0914,2146,11,4,5,6,4106,0,0,0,,0,005,"SKYLINE DR","BELCREST AV",0.00,,Y,A,-,N,,,,,,,,,,Y,3,0,1,2,C,-,18,,,N,B,C,A,A,H,-,A,A,0,,,,,Y,,-,"- ",0,1,0,0,0,0,0,0,0,"- ","- ",,,"SAN MATEO","DALY CITY",-122.48664093017578,37.664333343505859
9270986,2021,2021-06-16,4106,2021-05-01,1052,2154,14,6,5,6,4106,0,0,0,,0,006,"HICKEY BL","IMPERIAL WY",0.00,,Y,B,-,N,,,,,,,,,,Y,4,0,1,2,A,-,09,21453,C,N,A,C,A,A,H,-,A,A,0,,,,,Y,,A,01,0,0,1,0,0,0,0,0,0,"- ","- ",,,"SAN MATEO","DALY CITY",-122.46405029296875,37.663299560546875
9270987,2021,2021-06-16,4106,2021-05-18,1527,2154,4,2,5,6,4106,0,0,0,,0,003,"JUNIPER SERRA BL","JOHN DALY BL",762.00,S,N,A,-,N,,,,,,,,,,N,3,0,6,2,A,-,09,21801,A,N,A,C,A,A,H,-,A,A,0,,,,,Y,,A,01,0,5,1,0,0,0,0,0,0,"- ","- ",37.702770233154297,-122.47044372558594,"SAN MATEO","DALY CITY",-122.47090148925781,37.702892303466797
9270988,2021,2021-06-16,4106,2021-05-15,0637,2142,10,6,5,6,4106,0,0,0,,0,004,"SKYLINE BL","WESTRIDGE AV",840.00,N,N,A,-,N,,,,,,,,,,Y,4,0,1,1,A,-,03,22350,,N,E,I,A,B,H,-,B,D,0,,,,,Y,,A,08,0,0,1,0,0,0,0,0,0,"- ","- ",,,"SAN MATEO","DALY CITY",-122.494140625,37.692546844482422
9270989,2021,2021-06-16,4106,2021-05-06,1628,2154,1,4,5,6,4106,0,0,0,,0,001,"BAYSHORE BL","MACDONALD AV",326.00,N,N,B,-,N,,,,,,,,,,Y,4,0,3,4,A,-,03,22350,,N,C,C,A,A,H,-,A,D,0,,,,Y,Y,,A,01,0,0,3,0,0,0,0,0,0,"- ","- ",37.707141876220703,-122.4072265625,"SAN MATEO","DALY CITY",-122.40641784667969,37.706169128417969
9270990,2021,2021-06-16,4106,2021-05-03,1900,2174,9A,1,5,6,4106,0,0,0,,0,004,"SOUTHGATE AV","LAKE MERCED BL",0.00,,Y,A,-,N,,,,,,,,,,N,3,0,1,2,A,-,03,22350,,F,G,B,B,A,H,-,A,A,0,Y,,,,Y,,A,01,0,1,0,0,1,0,0,0,0,"- ","- ",,,"SAN MATEO","DALY CITY",-122.48307800292969,37.697650909423828
9270991,2021,2021-06-16,4106,2021-05-01,0406,2093,13A,6,5,6,4106,0,0,0,,0,006,"SERRAMONTE BL","GELLERT BL",0.00,,Y,A,-,N,,,,,,,,,,N,4,0,2,2,A,-,03,22350,,N,D,C,A,B,H,-,C,A,0,,,,,Y,,A,01,0,0,2,0,0,0,0,0,0,"- ","- ",,,"SAN MATEO","DALY CITY",-122.46897125244141,37.669059753417969
9271079,2021,2021-06-14,4106,2021-05-24,1515,2146,14,1,5,6,4106,0,0,0,,0,006,"PLYMOUTH CIR","GELLERT BL",0.00,,Y,A,-,N,,,,,,,,,,N,3,0,1,2,A,-,21,22106,,N,H,G,A,A,H,-,A,D,0,,Y,,,Y,,A,01,0,1,0,0,0,0,1,0,0,"- ","- ",,,"SAN MATEO","DALY CITY",-122.45658111572266,37.651050567626953
9272400,2021,2021-06-09,4106,2021-04-23,0942,2176,4,5,5,6,4106,0,0,0,,0,003,"MISSION ST","VISTA GRANDE AV",0.00,,Y,A,-,N,,,,,,,,,,Y,3,0,1,2,A,-,12,21453,,N,D,C,A,A,H,-,A,A,0,,,,,Y,,A,01,0,1,0,0,0,0,0,0,0,"- ","- ",,,"SAN MATEO","DALY CITY",-122.46298980712891,37.70318603515625
9273701,2021,2021-06-29,4106,2021-05-31,1321,2146,,1,5,6,4106,0,0,0,,0,,"SAN PEDRO","DUNKS ST",0.00,,Y,A,-,N,,,,,,,,,,N,3,0,3,2,A,-,09,21801,A,N,D,C,A,A,H,-,A,D,0,,,,,Y,,A,01,0,3,0,0,0,0,0,0,0,"- ","- ",,,"SAN MATEO","DALY CITY",-122.46985626220703,37.686454772949219
9273702,2021,2021-06-29,4106,2021-05-21,2102,2151,1,5,5,6,4106,0,0,0,,0,001,"BAYSHORE BL","MACDONALD ST",17.00,E,N,A,-,N,,,,,,,,,,Y,2,0,1,2,A,-,05,21650,,N,D,C,A,A,H,-,C,D,0,,,Y,,Y,,C,02,1,0,0,0,0,0,0,0,1,"- ","- ",,,"SAN MATEO","DALY CITY",-122.40675354003906,37.705364227294922
9276518,2021,2021-09-29,4106,2021-09-10,0016,2137,10,5,5,6,4106,0,0,0,,0,004,"WESTMOOR AV","SKYLINE BL",0.00,,Y,E,-,Y,SM,4,35,-,-,29.700,I,6,N,Y,4,0,1,1,A,-,01,23152,A,M,E,I,A,A,H,-,C,A,0,,,,,Y,Y,A,01,0,0,1,0,0,0,0,0,0,"- ","- ",,,"SAN MATEO","DALY CITY",-122.48912811279297,37.683319091796875
9276545,2021,2021-09-30,4106,2021-09-04,1614,2083,5,6,5,6,4106,0,0,0,,0,003,"SAN PEDRO RD","ALLEMANY ST",0.00,,Y,A,-,N,,,,,,,,,,N,2,0,1,2,A,-,10,21950,,F,G,B,B,A,H,-,A,D,0,Y,,,,Y,,A,01,1,0,0,0,1,0,0,0,0,"- ","- ",,,"SAN MATEO","DALY CITY",-122.46762084960938,37.688346862792969
9279016,2021,2021-07-09,4106,2021-06-12,2039,2142,6,6,5,6,4106,0,0,0,,0,002,"HILLSIDE BL","GAMBETTA ST",0.00,,Y,A,-,N,,,,,,,,,,Y,4,0,2,2,A,-,09,21800,A,N,D,C,A,A,H,-,C,D,0,,,,,Y,,A,01,0,0,2,0,0,0,0,0,0,"- ","- ",,,"SAN MATEO","DALY CITY",-122.46209716796875,37.698829650878906
9279017,2021,2021-07-09,4106,2021-06-08,2020,2131,3,2,5,6,4106,0,0,0,,0,002,"FRANKFORT ST","FRANKFORT ST 100",0.00,,-,A,-,N,,,,,,,,,,N,4,0,1,2,A,-,09,21804,A,N,H,G,A,A,H,-,B,D,0,,Y,,,Y,,L,04,0,0,1,0,0,0,1,0,0,"- ","- ",,,"SAN MATEO","DALY CITY",-122.44386900000001,37.706485000000001
9279113,2021,2021-07-09,4106,2021-06-16,1015,1124,13A,3,5,6,4106,0,0,0,,0,006,"CALLAN BL","SOUTHGATE AV",12.00,E,N,A,-,N,,,,,,,,,,N,4,0,1,2,A,-,03,22350,,M,B,C,A,A,H,-,A,A,0,,,,,Y,Y,A,01,0,0,1,0,0,0,0,0,0,"- ","- ",,,"SAN MATEO","DALY CITY",-122.47184753417969,37.675739288330078
9279116,2021,2021-07-09,4106,2021-06-09,1500,2173,4,3,5,6,4106,0,0,0,,0,003,"MISSION ST","WESTLAKE AV",0.00,,Y,A,-,N,,,,,,,,,,N,4,0,1,2,A,-,07,21658,A,M,B,C,A,A,H,-,B,D,0,,,,,Y,,-,,0,0,1,0,0,0,0,0,0,"- ","- ",,,"SAN MATEO","DALY CITY",-122.4639892578125,37.699470520019531
9279949,2021,2021-07-01,4106,2021-05-25,1642,2178,9A,2,5,6,4106,0,0,0,,0,004,"PARK PLAZA DR","JOHN DALY BL",467.00,S,N,A,-,N,,,,,,,,,,N,3,0,1,2,A,-,09,21804,B,N,G,B,C,A,H,-,A,D,0,Y,,,,Y,,N,60,0,1,0,0,1,0,0,0,0,"- ","- ",37.700908660888672,-122.48181915283203,"SAN MATEO","DALY CITY",-122.48162841796875,37.700912475585938
9281630,2021,2021-07-02,4106,2021-06-03,0824,2154,1,4,5,6,4106,0,0,0,,0,001,"BAY RIDGE DR","NANCY LN",35.00,W,N,A,-,N,,,,,,,,,,N,4,0,1,2,A,-,03,22350,,M,C,C,A,A,H,-,A,D,0,,,,,Y,,-,,0,0,1,0,0,0,0,0,0,"- ","- ",,,"SAN MATEO","DALY CITY",-122.42279815673828,37.701736450195312
9284150,2021,2021-07-23,4106,2021-06-08,1930,2146,5,2,5,6,4106,0,0,0,,0,003,"WASHINGTON ST","JUNIPERO SERRA BL",0.00,,Y,A,-,N,,,,,,,,,,N,3,0,2,2,A,-,03,22350,,N,C,C,A,A,H,-,A,A,0,,,,,Y,,A,07,0,2,0,0,0,0,0,0,0,"- ","- ",,,"SAN MATEO","DALY CITY",-122.47030639648438,37.687896728515625
9284151,2021,2021-07-23,4106,2021-06-20,0955,2146,9A,7,5,6,4106,0,0,0,,0,004,"PARK PLAZA DR","SOUTHGATE AV",0.00,,Y,A,-,N,,,,,,,,,,N,3,0,1,2,A,-,10,21950,A,N,G,B,B,A,H,-,B,A,0,Y,,,,Y,,A,01,0,1,0,0,1,0,0,0,0,"- ","- ",37.699199676513672,-122.48235321044922,"SAN MATEO","DALY CITY",-122.48050689697266,37.698444366455078
9284446,2021,2021-08-31,4106,2021-06-22,1105,2146,1,2,5,6,4106,0,0,0,,0,001,"ACCACIA ST","GENEVA AV",0.00,,Y,A,-,N,,,,,,,,,,N,3,0,1,2,A,-,11,21954,A,M,G,B,E,A,H,-,A,D,0,Y,,,,Y,,N,60,0,1,0,0,1,0,0,0,0,"- ","- ",,,"SAN MATEO","DALY CITY",-122.41494750976562,37.706832885742188
9285504,2021,2021-07-28,4106,2021-06-13,0939,2177,13B,7,5,6,4106,0,0,0,,0,006,"HICKEY BL","RT 280",0.00,,Y,A,-,Y,SM,4,280,-,R,24.421,R,4,S,Y,3,0,1,2,A,-,12,21453,A,N,D,D,A,A,H,-,A,A,0,,,,,Y,,D,82,0,1,0,0,0,0,0,0,0,"- ","- ",,,"SAN MATEO","DALY CITY",-122.46590423583984,37.666717529296875
9285505,2021,2021-07-21,4106,2021-06-07,1548,2154,13,1,5,6,4106,0,0,0,,0,006,"CALLAN BL","SERRAMONTE BL",0.00,,Y,A,-,N,,,,,,,,,,Y,4,0,1,3,A,-,12,21453,A,N,D,C,A,A,H,-,A,A,0,,,,Y,Y,,A,01,0,0,1,0,0,0,0,0,0,"- ","- ",,,"SAN MATEO","DALY CITY",-122.47547149658203,37.669399261474609
9285811,2021,2021-07-15,4106,2021-06-18,0826,2154,14,5,5,6,4106,0,0,0,,0,006,"RT 280","HICKEY BL",0.00,,Y,A,-,Y,SM,4,280,-,R,24.421,R,4,S,N,4,0,1,2,A,-,12,21453,A,N,D,C,A,A,H,-,A,A,0,,,,,Y,,A,07,0,0,1,0,0,0,0,0,0,SF,"- ",,,"SAN MATEO","DALY CITY",-122.46590423583984,37.666717529296875
9285812,2021,2021-07-06,4106,2021-06-01,0955,2146,1,2,5,6,4106,0,0,0,,0,001,"CALGARY ST","GENEVA AV",0.00,,Y,A,-,N,,,,,,,,,,N,3,0,2,3,A,-,11,21954,A,N,A,C,D,A,H,-,A,D,0,Y,,,,Y,,N,60,0,2,0,0,0,0,0,0,0,"- ","- ",,,"SAN MATEO","DALY CITY",-122.41664123535156,37.707328796386719
9285813,2021,2021-07-06,4106,2021-06-04,1734,2139,14,5,5,6,4106,0,0,0,,0,006,"KING DR","CALLAN BL",295.00,W,N,A,-,N,,,,,,,,,,Y,4,0,1,2,A,-,08,22107,,N,H,C,A,A,H,-,A,D,0,,,,,Y,,A,01,0,0,1,0,0,0,0,0,0,"- ","- ",,,"SAN MATEO","DALY CITY",-122.46990966796875,37.649978637695312
9285814,2021,2021-07-06,4106,2021-06-17,1459,2154,8,4,5,6,4106,0,0,0,,0,004,"JOHN DALY BL","PONCETTA DR",425.00,E,N,A,-,N,,,,,,,,,,Y,4,0,1,2,A,-,03,22350,,N,C,C,A,A,H,-,A,A,0,,,,,Y,,A,07,0,0,1,0,0,0,0,0,0,"- ","- ",,,"SAN MATEO","DALY CITY",-122.47414398193359,37.704410552978516
9285815,2021,2021-07-06,4106,2021-06-14,2015,2069,14,1,5,6,4106,0,0,0,,0,006,"BROSNAN CT","PLYMOUTH CIR",0.00,,Y,B,-,N,,,,,,,,,,N,3,0,1,2,A,-,09,21804,,N,D,G,A,A,H,-,C,D,0,,Y,,,Y,,A,01,0,1,0,0,0,0,1,0,0,"- ","- ",,,"SAN MATEO","DALY CITY",-122.45603942871094,37.651660919189453
9286132,2021,2021-07-12,4106,2021-06-22,1304,2154,4,2,5,6,4106,0,0,0,,0,003,"MISSION ST","COMO AV",0.00,,Y,A,-,Y,SM,4,82,-,-,24.510,I,5,N,N,3,0,1,2,A,-,06,21951,,N,G,B,A,A,H,-,A,D,0,,,Y,,Y,,A,07,0,1,0,0,0,0,0,0,1,"- ","- ",,,"SAN MATEO","DALY CITY",-122.46371459960938,37.700206756591797
9286525,2021,2021-08-28,4106,2021-07-02,1807,2054,3,5,5,6,4106,0,0,0,,0,002,"BRUNSWICK ST","WELLINGTON AV",24.00,S,N,A,-,N,,,,,,,,,,Y,3,0,2,4,A,-,09,21804,A,N,D,C,A,A,H,-,A,D,0,,,,,Y,,A,01,0,2,0,0,0,0,0,0,0,"- ","- ",,,"SAN MATEO","DALY CITY",-122.45995330810547,37.704795837402344
9287089,2021,2021-09-03,4106,2021-07-08,1348,2139,13,4,5,6,4106,0,0,0,,0,006,"CALLAN BL","POLE A1552",66.00,S,N,A,-,N,,,,,,,,,,Y,4,0,3,3,A,-,08,22107,,N,D,C,A,A,H,-,A,A,0,,,,,Y,,A,01,0,0,3,0,0,0,0,0,0,"- ","- ",,,"SAN MATEO","DALY CITY",,
9287090,2021,2021-09-01,4106,2021-07-12,2137,2170,4,1,5,6,4106,0,0,0,,0,003,"JOHN DALY BL","DELONG ST",0.00,S,N,E,-,N,,,,,,,,,,N,3,0,1,2,A,-,10,21950,A,N,G,B,B,A,H,-,C,A,0,Y,,,,Y,,A,01,0,1,0,0,1,0,0,0,0,"- ","- ",,,"SAN MATEO","DALY CITY",-122.46782684326172,37.705284118652344
9287091,2021,2021-09-01,4106,2021-07-08,1115,1124,,4,5,6,4106,0,0,0,,0,,"1ST AV","E MARKET",175.00,N,N,A,-,N,,,,,,,,,,Y,3,0,1,4,A,-,09,21804,,N,D,C,A,A,H,-,A,D,0,,,,,Y,,-,,0,1,0,0,0,0,0,0,0,"- ","- ",,,"SAN MATEO","DALY CITY",-122.46430969238281,37.690212249755859
9287092,2021,2021-09-03,4106,2021-07-15,1334,2146,10,4,5,6,4106,0,0,0,,0,004,"SKYLINE BL","JOHN DALY BL",0.00,,Y,A,-,N,,,,,,,,,,N,3,0,2,2,A,-,03,22350,,N,D,C,A,A,H,-,A,A,0,,,,,Y,,A,01,0,2,0,0,0,0,0,0,0,"- ","- ",,,"SAN MATEO","DALY CITY",-122.49485778808594,37.698444366455078
9292666,2021,2021-08-11,4106,2021-06-24,1657,2069,1,4,5,6,4106,0,0,0,,0,001,"GENEVA AV","SCHWERIN ST",0.00,,Y,A,-,N,,,,,,,,,,Y,3,0,2,3,A,-,00,23103,,F,D,C,A,A,H,-,A,A,0,,,,,Y,,A,01,0,2,0,0,0,0,0,0,0,"- ","- ",,,"SAN MATEO","DALY CITY",-122.41324615478516,37.706329345703125
9292681,2021,2021-09-09,4106,2021-07-08,0720,1137,4,4,5,6,4106,0,0,0,,0,003,"WOODROW ST","WESTLAKE AV",197.00,N,N,B,-,N,,,,,,,,,,Y,4,0,1,3,A,-,07,21658,,N,B,E,A,A,H,-,A,D,0,,,,,Y,,A,01,0,0,1,0,0,0,0,0,0,"- ","- ",,,"SAN MATEO","DALY CITY",-122.46698760986328,37.700019836425781
9292682,2021,2021-09-09,4106,2021-07-03,1314,2139,5,6,5,6,4106,0,0,0,,0,003,"JUNIPERO SERRA BL","92ND ST",12.00,N,N,A,-,N,,,,,,,,,,Y,3,0,2,2,A,-,08,22107,,N,A,C,A,A,H,-,A,A,0,,,,,Y,,A,01,0,1,1,0,0,0,0,0,0,"- ","- ",,,"SAN MATEO","DALY CITY",-122.47099304199219,37.689762115478516
9292748,2021,2021-09-17,4106,2021-07-12,1615,2131,5,1,5,6,4106,0,0,0,,0,003,"MISSION ST","E CAVOUR ST",0.00,,Y,B,-,N,,,,,,,,,,N,3,0,1,3,A,-,03,22350,,N,C,D,A,A,H,-,A,A,0,,,,,Y,,A,01,0,1,0,0,0,0,0,0,0,"- ","- ",,,"SAN MATEO","DALY CITY",-122.46480560302734,37.695087432861328
9293725,2021,2021-08-18,4106,2021-07-12,1341,2146,3,1,5,6,4106,0,0,0,,0,002,"EVERGREEN AV","WINCHESTER ST",0.00,,Y,A,-,N,,,,,,,,,,N,3,0,2,4,A,-,09,21802,A,N,D,C,A,A,H,-,A,A,0,,,,,Y,,A,01,0,1,1,0,0,0,0,0,0,"- ","- ",,,"SAN MATEO","DALY CITY",-122.45565795898438,37.705463409423828
9293920,2021,2021-08-18,4106,2021-07-22,0503,1150,6,4,5,6,4106,0,0,0,,0,002,"WYANDOTTE AV","THIERS ST",170.00,N,N,A,-,N,,,,,,,,,,Y,3,0,1,2,A,-,01,23152,,N,B,E,A,A,H,-,C,D,0,,,,,Y,Y,A,01,0,1,0,0,0,0,0,0,0,"- ","- ",,,"SAN MATEO","DALY CITY",-122.46026611328125,37.697906494140625
9299701,2021,2021-09-13,4106,2021-07-07,1840,2104,13A,3,5,6,4106,0,0,0,,0,006,"SOUTHGATE AV","SERRAMONTE MALL NORTH ENTRANCE",0.00,,Y,A,-,N,,,,,,,,,,Y,3,0,2,2,A,-,12,22450,A,N,A,C,A,A,H,-,A,A,0,,,,,Y,,A,01,0,2,0,0,0,0,0,0,0,"- ","- ",,,"SAN MATEO","DALY CITY",-122.47069399999999,37.675294999999998
9299702,2021,2021-09-13,4106,2021-07-22,1326,2146,5,4,5,6,4106,0,0,0,,0,003,"JUNIPERO BL","D ST",0.00,,Y,A,-,N,,,,,,,,,,N,3,0,1,2,D,-,00,,,N,D,C,A,A,H,-,A,A,0,,,,,Y,,-,"- ",0,1,0,0,0,0,0,0,0,"- ","- ",,,"SAN MATEO","DALY CITY",-122.47072,37.683880000000002
9299873,2021,2021-10-08,4106,2021-08-03,2002,2174,6,2,5,6,4106,0,0,0,,0,002,"HILLSIDE BL","BRUNSWICK ST",0.00,,Y,A,-,N,,,,,,,,,,N,3,0,1,3,A,-,01,23152,A,F,A,C,A,A,H,-,B,A,0,,,,,Y,Y,D,22,0,1,0,0,0,0,0,0,0,"- ","- ",,,"SAN MATEO","DALY CITY",-122.46205902099609,37.704124450683594
9303068,2021,2021-10-16,4106,2021-07-15,0900,2146,4,4,5,6,4106,0,0,0,,0,003,"JUNIPERO SERRA BL","JOHN DALY BL",0.00,,Y,E,-,N,,,,,,,,,,N,3,0,1,2,A,-,10,21950,A,N,G,B,B,B,H,-,A,A,0,Y,,,,Y,Y,A,01,0,1,0,0,1,0,0,0,0,"- ","- ",,,"SAN MATEO","DALY CITY",-122.47087097167969,37.704978942871094
9316273,2021,2021-09-17,4106,2021-07-21,2140,2170,4,3,5,6,4106,0,0,0,,0,003,"MISSION ST","PARKVIEW AV",0.00,,Y,A,-,N,,,,,,,,,,N,4,0,1,2,A,-,11,21954,A,F,G,B,D,A,H,-,C,A,0,Y,,,,Y,Y,N,60,0,0,1,0,1,0,0,0,0,"- ","- ",,,"SAN MATEO","DALY CITY",-122.4635009765625,37.701271057128906
9316840,2021,2021-09-22,4106,2021-08-11,0800,2146,3,3,5,6,4106,0,0,0,,0,002,"CROCKER AV","MISSION ST",0.00,,Y,A,-,N,,,,,,,,,,N,3,0,2,2,A,-,03,22350,A,N,C,C,A,A,H,-,A,A,0,,,,Y,Y,,F,26,0,1,1,0,0,0,0,0,0,"- ","- ",,,"SAN MATEO","DALY CITY",-122.4588623046875,37.706680297851562