CASE_ID,ACCIDENT_YEAR,PROC_DATE,JURIS,COLLISION_DATE,COLLISION_TIME,OFFICER_ID,REPORTING_DISTRICT,DAY_OF_WEEK,CHP_SHIFT,POPULATION,CNTY_CITY_LOC,SPECIAL_COND,BEAT_TYPE,CHP_BEAT_TYPE,CITY_DIVISION_LAPD,CHP_BEAT_CLASS,BEAT_NUMBER,PRIMARY_RD,SECONDARY_RD,DISTANCE,DIRECTION,INTERSECTION,WEATHER_1,WEATHER_2,STATE_HWY_IND,CALTRANS_COUNTY,CALTRANS_DISTRICT,STATE_ROUTE,ROUTE_SUFFIX,POSTMILE_PREFIX,POSTMILE,LOCATION_TYPE,RAMP_INTERSECTION,SIDE_OF_HWY,TOW_AWAY,COLLISION_SEVERITY,NUMBER_KILLED,NUMBER_INJURED,PARTY_COUNT,PRIMARY_COLL_FACTOR,PCF_CODE_OF_VIOL,PCF_VIOL_CATEGORY,PCF_VIOLATION,PCF_VIOL_SUBSECTION,HIT_AND_RUN,TYPE_OF_COLLISION,MVIW,PED_ACTION,ROAD_SURFACE,ROAD_COND_1,ROAD_COND_2,LIGHTING,CONTROL_DEVICE,CHP_ROAD_TYPE,PEDESTRIAN_ACCIDENT,BICYCLE_ACCIDENT,MOTORCYCLE_ACCIDENT,TRUCK_ACCIDENT,NOT_PRIVATE_PROPERTY,ALCOHOL_INVOLVED,STWD_VEHTYPE_AT_FAULT,CHP_VEHTYPE_AT_FAULT,COUNT_SEVERE_INJ,COUNT_VISIBLE_INJ,COUNT_COMPLAINT_PAIN,COUNT_PED_KILLED,COUNT_PED_INJURED,COUNT_BICYCLIST_KILLED,COUNT_BICYCLIST_INJURED,COUNT_MC_KILLED,COUNT_MC_INJURED,PRIMARY_RAMP,SECONDARY_RAMP,LATITUDE,LONGITUDE,COUNTY,CITY,POINT_X,POINT_Y
9321533,2021,2021-10-13,4106,2021-08-19,1530,2146,10,4,5,6,4106,0,0,0,,0,004,"WESTMOOR AV","SKYLINE DR",0.00,,Y,A,G,N,,,,,,,,,,N,3,0,1,3,-,-,"- ",,,N,G,B,E,A,H,-,A,D,0,Y,,,,Y,,N,60,0,1,0,0,1,0,0,0,0,"- ","- ",,,"SAN MATEO","DALY CITY",-122.49012756347656,37.683467864990234
9321534,2021,2021-10-05,4106,2021-08-10,1600,2146,11,2,5,6,4106,0,0,0,,0,005,"SKYLINE DR","MENLO AV",488.00,S,N,A,-,N,,,,,,,,,,N,3,0,2,3,A,-,09,21801,A,N,D,C,A,A,H,-,A,D,0,,,,,Y,,A,01,0,1,1,0,0,0,0,0,0,"- ","- ",,,"SAN MATEO","DALY CITY",-122.49012756347656,37.674736022949219
9321535,2021,2021-10-05,4106,2021-08-23,1251,1180,,1,5,6,4106,0,0,0,,0,,"CASTLE ST","MISSION ST",0.00,,Y,A,-,N,,,,,,,,,,N,4,0,2,3,A,-,09,21803,A,N,D,C,A,A,H,-,A,D,0,,,,,Y,,A,07,0,0,2,0,0,0,0,0,0,"- ","- ",,,"SAN MATEO","DALY CITY",-122.46532440185547,37.691623687744141
9323373,2021,2021-10-04,4106,2021-08-31,1651,2070,9,2,5,6,4106,0,0,0,,0,004,"S MAAYFAIR AV","CRESTON AV",410.00,N,N,A,-,N,,,,,,,,,,Y,2,0,1,1,A,-,03,22350,,N,E,J,A,A,H,-,A,D,0,,,Y,,Y,,C,02,1,0,0,0,0,0,0,0,1,"- ","- ",,,"SAN MATEO","DALY CITY",-122.49388122558594,37.693889617919922
9339449,2021,2021-10-15,4106,2021-08-23,1314,1222,13,1,5,6,4106,0,0,0,,0,006,"HICKEY BL","SAINT FRANCIS BL",233.00,W,N,A,-,N,,,,,,,,,,Y,4,0,1,3,A,-,08,22107,,N,B,E,A,A,H,-,A,D,0,,,,,Y,,A,01,0,0,1,0,0,0,0,0,0,"- ","- ",,,"SAN MATEO","DALY CITY",-122.47586059570312,37.663967132568359
9341337,2021,2021-11-06,4106,2021-09-03,2116,2161,14,5,5,6,4106,0,0,0,,0,006,"KING DR","VERDUCCI DR",0.00,,Y,A,-,N,,,,,,,,,,N,2,0,2,4,A,-,01,23152,,N,A,C,A,A,H,-,C,A,0,,,,,Y,,A,01,1,1,0,0,0,0,0,0,0,"- ","- ",,,"SAN MATEO","DALY CITY",-122.46292877197266,37.650222778320312
9341338,2021,2021-11-06,4106,2021-09-02,2103,2177,6,4,5,6,4106,0,0,0,,0,002,"HILLSIDE BL","GAMBETTA AV",0.00,,Y,A,-,N,,,,,,,,,,N,4,0,3,3,A,-,01,23152,A,M,C,C,A,A,H,-,C,D,0,,,,,Y,,A,07,0,0,3,0,0,0,0,0,0,"- ","- ",,,"SAN MATEO","DALY CITY",-122.46209716796875,37.698829650878906
9349683,2021,2021-11-18,4106,2021-10-04,1130,2146,14,1,5,6,4106,0,0,0,,0,006,"CALLAN BL","HICKEY BL",0.00,,Y,A,-,N,,,,,,,,,,Y,2,0,3,3,A,-,17,21451,A,N,D,C,A,A,H,-,A,A,0,,,,,Y,,A,01,1,1,1,0,0,0,0,0,0,"- ","- ",,,"SAN MATEO","DALY CITY",-122.47473907470703,37.665298461914062
9349782,2021,2021-10-25,4106,2021-08-28,2122,2158,1,6,5,6,4106,0,0,0,,0,001,"MARTIN ST","SCHWERIN ST",0.00,,Y,A,-,N,,,,,,,,,,N,3,0,1,2,A,-,08,22107,,M,B,C,A,A,H,-,C,D,0,,,,,Y,,-,,0,1,0,0,0,0,0,0,0,"- ","- ",,,"SAN MATEO","DALY CITY",-122.41560363769531,37.701091766357422
9349866,2021,2021-10-26,4106,2021-08-29,1412,2177,14,7,5,6,4106,0,0,0,,0,006,"HICKEY BL","IMPERIAL WY",0.00,,Y,A,-,N,,,,,,,,,,N,4,0,1,3,A,-,09,21802,A,N,D,C,A,A,H,-,A,B,0,,,,,Y,,A,07,0,0,1,0,0,0,0,0,0,"- ","- ",,,"SAN MATEO","DALY CITY",-122.46405029296875,37.663299560546875
9353918,2021,2021-11-17,4106,2021-10-17,1511,2154,3,7,5,6,4106,0,0,0,,0,002,"SAN JOSE AV","FLOURNOY ST",0.00,,Y,B,-,N,,,,,,,,,,Y,4,0,2,2,A,-,12,21453,A,N,D,C,A,A,H,-,A,A,0,,,,,Y,,A,08,0,0,2,0,0,0,0,0,0,"- ","- ",37.707328796386719,-122.45993804931641,"SAN MATEO","DALY CITY",-122.45999908447266,37.707370758056641
9353919,2021,2021-11-17,4106,2021-10-15,1902,2151,11,5,5,6,4106,0,0,0,,0,005,"LONGVIEW DR","BELCREST AV",94.00,S,N,A,-,N,,,,,,,,,,Y,4,0,1,3,A,-,08,22107,,N,B,E,A,A,H,-,C,D,0,,,,,Y,,A,01,0,0,1,0,0,0,0,0,0,"- ","- ",,,"SAN MATEO","DALY CITY",-122.48945617675781,37.66412353515625
9353920,2021,2021-11-17,4106,2021-10-04,2141,2146,13B,1,5,6,4106,0,0,0,,0,006,"GELLERT BL","PETSMART SHOPPING CENTER",0.00,,Y,A,-,N,,,,,,,,,,N,3,0,1,2,A,-,10,21950,A,N,G,B,B,A,H,-,C,A,0,Y,,,,Y,,A,01,0,1,0,0,1,0,0,0,0,"- ","- ",,,"SAN MATEO","DALY CITY",-122.46871,37.667008000000003
9354436,2021,2021-11-13,4106,2021-09-19,1044,1262,5,7,5,6,4106,0,0,0,,0,003,"MISSION ST","CASTLE ST",78.00,S,N,A,-,N,,,82,,,,,,,N,3,0,2,2,A,-,03,22350,,N,C,C,A,A,H,-,A,D,0,,,,,Y,Y,D,22,0,1,1,0,0,0,0,0,0,"- ","- ",37.691650390625,-122.46530151367188,"SAN MATEO","DALY CITY",-122.46537780761719,37.691673278808594
9354476,2021,2021-12-02,4106,2021-10-08,1500,1262,7,5,5,6,4106,0,0,0,,0,002,"A ST","3RD AV",13.00,S,N,A,-,N,,,,,,,,,,N,3,0,1,4,A,-,09,21800,B,N,D,C,A,A,H,-,A,A,0,,,,,Y,Y,D,22,0,1,0,0,0,0,0,0,0,"- ","- ",37.686069488525391,-122.46208953857422,"SAN MATEO","DALY CITY",-122.46212005615234,37.686100006103516
9354778,2021,2021-11-02,4106,2021-09-16,1443,2146,12,4,5,6,4106,0,0,0,,0,005,"EASTMOOR AV","SULLIVAN AV",0.00,,Y,A,-,N,,,,,,,,,,N,3,0,2,2,A,-,08,22107,,N,D,C,A,A,H,-,A,D,0,,,,,Y,,A,07,0,2,0,0,0,0,0,0,0,"- ","- ",37.68463134765625,-122.47487640380859,"SAN MATEO","DALY CITY",-122.47223663330078,37.684494018554688
9354883,2021,2021-11-04,4106,2021-09-13,1254,2154,5,1,5,6,4106,0,0,0,,0,003,"JUNIPERO SERRA BL","88TH ST",0.00,,Y,A,-,N,,,280,,,,,,,N,4,0,1,2,A,-,09,21802,A,N,A,C,A,A,H,-,A,D,0,,,,,Y,,A,01,0,0,1,0,0,0,0,0,0,"- ","- ",37.692539215087891,-122.47102355957031,"SAN MATEO","DALY CITY",-122.47053527832031,37.692554473876953
9354884,2021,2021-11-04,4106,2021-09-15,2233,2035,9A,3,5,6,4106,0,0,0,,0,004,"LAKE MERCED BL","BEL MAR AV",17.00,N,N,A,-,N,,,,,,,,,,N,3,0,1,2,A,-,05,21650,,N,A,J,A,A,H,-,C,D,0,,,,,Y,,-,,0,1,0,0,0,0,0,0,0,"- ","- ",,,"SAN MATEO","DALY CITY",-122.48397064208984,37.699413299560547
9355311,2021,2021-11-06,4106,2021-09-12,1327,2081,,7,5,6,4106,0,0,0,,0,,"GELLERT BL","HICKEY BL",0.00,,Y,A,-,N,,,,,,,,,,N,3,0,1,2,A,-,12,21453,A,N,B,G,A,A,H,-,A,A,0,,Y,,,Y,,L,04,0,1,0,0,0,0,1,0,0,"- ","- ",,,"SAN MATEO","DALY CITY",-122.46923065185547,37.664459228515625
9355312,2021,2021-11-06,4106,2021-09-24,1600,2151,9,5,5,6,4106,0,0,0,,0,004,"WESTFIELD AV","STONEYFORD DR",0.00,,Y,A,-,N,,,,,,,,,,Y,3,0,1,3,A,-,08,22107,,N,E,J,A,A,H,-,A,D,0,,,,,Y,,A,01,0,1,0,0,0,0,0,0,0,"- ","- ",,,"SAN MATEO","DALY CITY",-122.48584747314453,37.687255859375
9355313,2021,2021-11-06,4106,2021-09-27,1038,2154,14,1,5,6,4106,0,0,0,,0,006,"CALLAN BL","HICKEY BL",93.00,S,N,B,-,N,,,,,,,,,,N,4,0,1,2,A,-,21,22106,,N,D,C,A,B,H,-,A,D,0,,,,,Y,,A,01,0,0,1,0,0,0,0,0,0,"- ","- ",37.664859771728516,-122.47431945800781,"SAN MATEO","DALY CITY",-122.47455596923828,37.665088653564453
9355314,2021,2021-11-06,4106,2021-09-30,0915,2154,13,4,5,6,4106,0,0,0,,0,006,"CAMPUS DR","HICKEY BL",35.00,N,N,A,-,N,,,,,,,,,,N,3,0,1,2,A,-,03,22350,,N,C,C,A,A,H,-,A,A,0,,,Y,,Y,,C,02,0,1,0,0,0,0,0,0,1,"- ","- ",37.664569854736328,-122.47561645507812,"SAN MATEO","DALY CITY",-122.47569274902344,37.664642333984375
9355315,2021,2021-11-06,4106,2021-09-14,2103,2177,3,2,5,6,4106,0,0,0,,0,002,"BRUNSWICK ST","HILLSIDE BL",0.00,,Y,A,-,N,,,,,,,,,,N,4,0,1,2,A,-,10,21950,,N,G,B,B,A,H,-,D,D,0,Y,,,,Y,,A,07,0,0,1,0,1,0,0,0,0,"- ","- ",,,"SAN MATEO","DALY CITY",-122.46205902099609,37.704124450683594
9355498,2021,2021-11-15,4106,2021-10-13,1255,2146,10,3,5,6,4106,0,0,0,,0,004,"N SKYLINE BL","WESTMOOR AV",0.00,,Y,B,E,N,,,,,,,,,,N,3,0,1,3,A,-,03,22350,,N,C,C,A,A,H,-,A,A,0,,,,,Y,,D,22,0,1,0,0,0,0,0,0,0,"- ","- ",37.683338165283203,-122.48911285400391,"SAN MATEO","DALY CITY",-122.48910522460938,37.683341979980469
9355761,2021,2021-11-08,4106,2021-09-17,2208,2151,8,5,5,6,4106,0,0,0,,0,004,"RT 35","JOHN DALY BL",38.00,S,N,A,-,Y,SM,4,35,-,-,30.834,I,6,N,Y,2,0,1,1,A,-,01,23152,A,N,E,J,A,A,H,-,C,A,0,,,,,Y,Y,A,01,1,0,0,0,0,0,0,0,0,"- ","- ",37.698459625244141,-122.49484252929688,"SAN MATEO","DALY CITY",-122.49501037597656,37.698951721191406
9355851,2021,2021-11-10,4106,2021-09-22,0832,1222,5,3,5,6,4106,0,0,0,,0,003,"SAN PEDRO RD","DUNKS ST",29.00,E,N,A,-,Y,SM,4,280,-,R,26.114,R,4,N,N,4,0,2,2,A,-,08,22107,,N,D,C,A,A,H,-,A,A,0,,,,,Y,,A,07,0,0,2,0,0,0,0,0,0,"- ","- ",37.687919616699219,-122.47020721435547,"SAN MATEO","DALY CITY",-122.47030639648438,37.689949035644531
9355855,2021,2021-11-10,4106,2021-09-27,1532,2154,10,1,5,6,4106,0,0,0,,0,004,"SKYLINE BL","JOHN DALY BL",0.00,,Y,B,E,Y,SM,4,35,-,-,30.834,I,5,S,Y,3,0,1,2,A,-,09,21453,C,N,D,C,A,B,H,-,A,A,0,,,,,Y,,A,01,0,1,0,0,0,0,0,0,0,"- ","- ",37.698459625244141,-122.49484252929688,"SAN MATEO","DALY CITY",-122.49521636962891,37.6988525390625
9359044,2021,2021-11-09,4106,2021-10-02,1155,2154,13A,6,5,6,4106,0,0,0,,0,006,"SERRAMONTE BL","GELLERT BL",20.00,E,N,A,-,N,,,,,,,,,,N,4,0,1,2,A,-,03,22350,,N,C,C,A,A,H,-,A,A,0,,,,,Y,,A,01,0,0,1,0,0,0,0,0,0,"- ","- ",37.669109344482422,-122.46880340576172,"SAN MATEO","DALY CITY",-122.46890258789062,37.669063568115234
9368380,2021,2021-12-04,4106,2021-10-10,2015,2032,4,7,5,6,4106,0,0,0,,0,003,"HILLCREST DR","VENDOME AV",60.00,W,N,A,-,N,,,,,,,,,,N,3,0,1,2,A,-,11,21954,A,N,G,B,E,A,H,-,C,D,0,Y,,,,Y,,N,60,0,1,0,0,1,0,0,0,0,"- ","- ",,,"SAN MATEO","DALY CITY",-122.46269226074219,37.706058502197266
9368695,2021,2021-12-15,4106,2021-11-07,1540,2083,4,7,5,6,4106,0,0,0,,0,003,"SAN JOSE AV","FLOURNOY ST",0.00,,Y,A,-,N,,,,,,,,,,Y,3,0,3,2,A,-,21,22106,,N,B,C,A,A,H,-,A,A,0,,,,,Y,,A,01,0,2,1,0,0,0,0,0,0,"- ","- ",37.707328796386719,-122.45993804931641,"SAN MATEO","DALY CITY",-122.45999908447266,37.707370758056641
9368697,2021,2021-12-21,4106,2021-11-07,0756,1262,14,7,5,6,4106,0,0,0,,0,006,"HICKEY BL","RT 280",0.00,,Y,A,-,Y,SM,4,280,-,R,24.421,R,4,S,N,4,0,2,2,A,-,12,21453,A,N,D,C,A,A,H,-,A,A,0,,,,,Y,,A,01,0,0,2,0,0,0,0,0,0,"- ",SF,,,"SAN MATEO","DALY CITY",-122.46590423583984,37.666717529296875
9370989,2021,2021-11-24,4106,2021-10-31,1520,2083,6,7,5,6,4106,0,0,0,,0,002,"HILLSIDE BL",GAMBETTA,24.00,N,N,A,-,N,,,,,,,,,,Y,4,0,1,2,A,-,08,22107,,N,B,C,A,A,H,-,A,D,0,,,,,Y,,A,07,0,0,1,0,0,0,0,0,0,"- ","- ",37.698841094970703,-122.46209716796875,"SAN MATEO","DALY CITY",-122.46210479736328,37.698894500732422
9371403,2021,2022-01-21,4106,2021-12-31,0018,2178,10,5,5,6,4106,0,0,0,,0,004,"SKYLINE BL","JOHN DALY BL",1260.00,S,N,A,-,Y,SM,4,35,-,-,30.590,H,-,N,N,4,0,2,2,A,-,01,23153,A,N,A,C,A,A,H,-,D,D,0,,,,,Y,Y,A,01,0,0,2,0,0,0,0,0,0,"- ","- ",37.698459625244141,-122.49484252929688,"SAN MATEO","DALY CITY",-122.49452972412109,37.695144653320312
9375039,2021,2021-12-14,4106,2021-11-12,1306,2154,8,5,5,6,4106,0,0,0,,0,004,"JOHN DALY BL","DORCHESTER DR",0.00,,Y,A,-,N,,,,,,,,,,N,3,0,2,2,A,-,12,21453,A,N,D,C,A,A,H,-,A,D,0,,,,,Y,,A,07,0,1,1,0,0,0,0,0,0,"- ","- ",37.699958801269531,-122.49002075195312,"SAN MATEO","DALY CITY",-122.48996734619141,37.699840545654297
9375040,2021,2021-12-14,4106,2021-11-13,1806,2154,13,6,5,6,4106,0,0,0,,0,006,"SERRAMONTE BL","HWY 1 RAMP",0.00,,Y,A,-,N,,,,,,,,,,N,4,0,1,2,A,-,12,22450,A,N,A,C,A,A,H,-,C,D,0,,,,,Y,,A,01,0,0,1,0,0,0,0,0,0,"- ","- ",37.687919616699219,-122.47020721435547,"SAN MATEO","DALY CITY",-122.470286,37.687904000000003
9375062,2021,2021-12-21,4106,2021-11-15,1754,2154,9,1,5,6,4106,0,0,0,,0,004,"WESTMOOR AV","RT 35",0.00,,Y,B,-,N,,,,,,,,,,N,4,0,1,2,A,-,10,21950,A,N,G,B,B,A,H,-,C,A,0,Y,,,,Y,,A,07,0,0,1,0,1,0,0,0,0,"- ","- ",37.683338165283203,-122.48911285400391,"SAN MATEO","DALY CITY",-122.489113,37.683337999999999
9375063,2021,2021-12-16,4106,2021-11-12,1255,2154,5,5,5,6,4106,0,0,0,,0,003,"MISSION ST","BISMARK ST",125.00,S,N,A,-,N,,,,,,,,,,N,4,0,4,2,A,-,03,22350,,N,C,C,A,A,H,-,A,D,0,,,,,Y,,A,01,0,0,4,0,0,0,0,0,0,"- ","- ",,,"SAN MATEO","DALY CITY",-122.46475982666016,37.695430755615234
9375064,2021,2021-12-16,4106,2021-11-12,1808,2154,5,5,5,6,4106,0,0,0,,0,003,"HILL ST","D ST",0.00,,Y,A,-,N,,,,,,,,,,Y,3,0,5,2,A,-,12,21453,A,N,A,C,A,A,H,-,C,A,0,,,,,Y,,A,01,0,2,3,0,0,0,0,0,0,"- ","- ",37.683929443359375,-122.46865844726562,"SAN MATEO","DALY CITY",-122.46865081787109,37.68389892578125
9378696,2021,2021-12-22,4106,2021-11-02,1750,2148,10,2,5,6,4106,0,0,0,,0,004,"SKYLINE BL","JOHN DALY BL",0.00,,Y,A,-,Y,SM,4,35,-,-,30.900,H,-,N,Y,3,0,1,3,A,-,03,22350,,N,C,C,A,A,H,-,A,A,0,,,,,Y,,A,01,0,1,0,0,0,0,0,0,0,"- ","- ",37.698459625244141,-122.49484252929688,"SAN MATEO","DALY CITY",-122.49544525146484,37.699897766113281
9380690,2021,2022-02-08,4106,2021-12-21,0729,2146,7,2,5,6,4106,0,0,0,,0,002,"LISBON ST","CHESTER ST",0.00,,Y,A,-,N,,,,,,,,,,Y,3,0,1,2,A,-,12,22450,A,N,D,C,A,A,H,-,B,D,0,,,,,Y,,A,07,0,1,0,0,0,0,0,0,0,"- ","- ",37.687961578369141,-122.45821380615234,"SAN MATEO","DALY CITY",-122.45821380615234,37.687950134277344
9380691,2021,2022-02-08,4106,2021-12-02,0809,2146,14,4,5,6,4106,0,0,0,,0,006,"CALLAN BL","WEMBLEY DR",0.00,,Y,A,-,N,,,,,,,,,,N,3,0,1,2,A,-,10,21950,A,N,G,B,B,A,H,-,A,D,0,Y,,,,Y,,A,01,0,1,0,0,1,0,0,0,0,"- ","- ",37.662010192871094,-122.4715576171875,"SAN MATEO","DALY CITY",-122.4715576171875,37.661975860595703
9380692,2021,2022-02-10,4106,2021-12-06,1503,2122,10,1,5,6,4106,0,0,0,,0,004,"SKYLINE BL","WESTMOOR AV",85.00,N,N,A,-,N,,,35,,,,,,,N,3,0,1,2,A,-,03,22350,,N,C,C,A,A,H,-,A,D,0,,,,,Y,,A,01,0,1,0,0,0,0,0,0,0,"- ","- ",37.683338165283203,-122.48911285400391,"SAN MATEO","DALY CITY",-122.48912048339844,37.683341979980469
9381480,2021,2022-01-27,4106,2021-12-24,1248,2154,13B,5,5,6,4106,0,0,0,,0,006,"GELLERT BL","SERRAMONTE BL",0.00,,Y,B,-,N,,,,,,,,,,Y,4,0,1,2,A,-,03,22350,,N,C,C,A,A,H,-,A,A,0,,,,,Y,,A,07,0,0,1,0,0,0,0,0,0,"- ","- ",37.669109344482422,-122.46880340576172,"SAN MATEO","DALY CITY",-122.46897125244141,37.669059753417969
9381535,2022,2022-01-31,4106,2022-01-18,2315,2141,5,2,5,6,4106,0,0,0,,0,003,"MISSION ST","EAST MARKET ST",0.00,,Y,A,-,N,,,,,,,,,,Y,3,0,1,2,A,-,09,21453,C,F,A,C,A,A,H,-,C,A,0,,,,,Y,,A,01,0,1,0,0,0,0,0,0,0,"- ","- ",37.689540863037109,-122.4659423828125,"SAN MATEO","DALY CITY",-122.46591949462891,37.689571380615234
9381893,2021,2022-02-18,4106,2021-12-29,1800,2183,14,3,5,6,4106,0,0,0,,0,006,"HICKEY BL","RT 280",0.00,,Y,C,-,N,,,,,,,,,,N,3,0,1,2,A,-,12,21453,,N,D,D,A,B,G,-,C,A,0,,,,,Y,,D,22,0,1,0,0,0,0,0,0,0,"- ",SO,37.664138793945312,-122.46810913085938,"SAN MATEO","DALY CITY",-122.46585845947266,37.663532257080078
9382068,2021,2022-02-03,4106,2021-10-24,1807,1262,13A,7,5,6,4106,0,0,0,,0,006,"CALLAN BL","CLARINADA AV",501.00,N,N,C,-,N,,,,,,,,,,N,3,0,1,2,A,-,09,21801,A,N,D,C,A,B,H,-,C,D,0,,,,,Y,,A,01,0,1,0,0,0,0,0,0,0,"- ","- ",37.671211242675781,-122.47524261474609,"SAN MATEO","DALY CITY",-122.47412109375,37.672183990478516
9382624,2021,2021-12-23,4106,2021-10-14,0830,2093,4,4,5,6,4106,0,0,0,,0,003,"MISSION ST","BISMARK ST",0.00,,Y,A,-,N,,,,,,,,,,N,3,0,1,2,A,-,17,22517,,N,H,G,A,A,H,-,A,D,0,,Y,,,Y,,A,01,0,1,0,0,0,0,1,0,0,"- ","- ",,,"SAN MATEO","DALY CITY",-122.46469879150391,37.695770263671875
9389971,2021,2022-01-20,4106,2021-12-18,1608,2154,1,6,5,6,4106,0,0,0,,0,001,"GENEVA AV","SCHWERIN ST",48.00,W,N,A,-,N,,,,,,,,,,Y,3,0,1,3,A,-,12,21453,A,N,C,C,A,A,H,-,B,A,0,,,,,Y,,A,01,0,1,0,0,0,0,0,0,0,"- ","- ",37.706451416015625,-122.41319274902344,"SAN MATEO","DALY CITY",-122.41340637207031,37.706371307373047
9390249,2021,2022-01-14,4106,2021-11-30,0733,1137,1,2,5,6,4106,0,0,0,,0,001,"ORIENTE ST","GENEVA AV",10.00,S,N,A,-,N,,,,,,,,,,N,4,0,1,2,A,-,10,21950,A,M,G,B,B,A,H,-,A,D,0,Y,,,,Y,,A,01,0,0,1,0,1,0,0,0,0,"- ","- ",37.706588745117188,-122.41410064697266,"SAN MATEO","DALY CITY",-122.41412353515625,37.706535339355469
9390250,2021,2022-01-14,4106,2021-11-19,1846,2154,13A,5,5,6,4106,0,0,0,,0,006,"SERRAMONTE CTR","GELLERT BL",568.00,W,N,B,-,N,,,,,,,,,,Y,4,0,1,2,A,-,09,21801,A,N,D,C,A,B,H,-,C,A,0,,,,,Y,,A,01,0,0,1,0,0,0,0,0,0,"- ","- ",,,"SAN MATEO","DALY CITY",-122.46894836425781,37.669124603271484
9390319,2021,2022-02-03,4106,2021-12-14,1433,2146,12,2,5,6,4106,0,0,0,,0,005,"EDGEMONT DR","WESTMOOR AV",0.00,,Y,A,-,N,,,,,,,,,,N,3,0,1,2,A,-,10,21950,A,N,G,B,B,A,H,-,A,D,0,Y,,,,Y,,A,01,0,1,0,0,1,0,0,0,0,"- ","- ",,,"SAN MATEO","DALY CITY",-122.48483276367188,37.683467864990234
9390320,2021,2022-02-03,4106,2021-12-21,1235,2146,6,2,5,6,4106,0,0,0,,0,002,"MISSION ST","BISMARK ST",0.00,,Y,A,-,N,,,82,,,,,,,N,3,0,2,2,A,-,09,21800,A,N,D,C,A,A,H,-,A,A,0,,,,,Y,,A,01,0,1,1,0,0,0,0,0,0,"- ","- ",37.695781707763672,-122.46470642089844,"SAN MATEO","DALY CITY",-122.46463775634766,37.695770263671875
9390322,2021,2022-01-24,4106,2021-12-27,1150,2146,12,1,5,6,4106,0,0,0,,0,005,"SULLIVAN AV","SOUTHGATE AV",0.00,,Y,B,C,N,,,,,,,,,,Y,2,0,3,2,A,-,01,23152,A,N,A,C,A,B,H,-,A,A,0,,,,,Y,Y,A,01,2,1,0,0,0,0,0,0,0,"- ","- ",37.675838470458984,-122.47335052490234,"SAN MATEO","DALY CITY",-122.47335815429688,37.675827026367188
9390404,2021,2022-02-24,4106,2021-11-29,0940,2146,4,1,5,6,4106,0,0,0,,0,003,"JOHN DALY BL","JUNIPERO SERRA BL",0.00,,Y,A,-,N,,,,,,,,,,N,4,0,1,2,A,-,08,22101,D,M,B,C,A,A,H,-,A,A,0,,,,,Y,,-,"- ",0,0,1,0,0,0,0,0,0,"- ","- ",37.705020904541016,-122.46901702880859,"SAN MATEO","DALY CITY",-122.47087097167969,37.704978942871094
9390656,2021,2022-01-20,4106,2021-10-21,0025,2092,13,4,5,6,4106,0,0,0,,0,006,"HICKEY BL","CALLAN BL",30.00,N,N,B,-,N,,,,,,,,,,Y,3,0,2,2,A,-,12,21453,A,N,A,C,A,B,H,-,C,A,0,,,,,Y,,A,01,0,2,0,0,0,0,0,0,0,"- ","- ",37.665340423583984,-122.47473907470703,"SAN MATEO","DALY CITY",-122.47464752197266,37.665340423583984
9390657,2021,2022-01-20,4106,2021-10-14,0850,2146,7,4,5,6,4106,0,0,0,,0,002,"ORANGE ST","EAST MARKET ST",0.00,,Y,A,-,N,,,,,,,,,,N,3,0,1,2,A,-,11,21954,A,M,G,B,E,A,H,-,A,D,0,Y,,,,Y,,N,60,0,1,0,0,1,0,0,0,0,"- ","- ",,,"SAN MATEO","DALY CITY",-122.45716094970703,37.691738128662109
9390658,2021,2022-01-20,4106,2021-10-26,1040,1124,10,2,5,6,4106,0,0,0,,0,004,"SKYLINE BL","WESTMOOR AV",0.00,,Y,A,-,N,,,35,,,,,,,Y,3,0,3,2,A,-,03,22350,,N,D,C,A,A,H,-,A,A,0,,,,,Y,,A,07,0,3,0,0,0,0,0,0,0,"- ","- ",37.683338165283203,-122.48911285400391,"SAN MATEO","DALY CITY",-122.48912048339844,37.683341979980469
9393312,2021,2022-02-08,4106,2021-12-16,1921,2152,4,4,5,6,4106,0,0,0,,0,003,"JOHN DALY BL","SANTA BARBARA AV",0.00,,Y,A,-,N,,,,,,,,,,Y,4,0,2,2,A,-,04,21703,,N,C,C,A,B,H,-,C,A,0,,,,,Y,,A,01,0,0,2,0,0,0,0,0,0,"- ","- ",37.705101013183594,-122.46412658691406,"SAN MATEO","DALY CITY",-122.46411895751953,37.705104827880859
9393313,2021,2022-03-04,4106,2021-12-24,1959,2173,12,5,5,6,4106,0,0,0,,0,005,"CLARINADA AV","RT 1",0.00,,Y,A,-,Y,SM,4,1,-,R,47.271,R,4,S,Y,4,0,1,2,A,-,01,23152,B,N,E,I,A,A,H,-,C,D,0,,,,,Y,Y,A,01,0,0,1,0,0,0,0,0,0,"- ","- ",37.671241760253906,-122.47525024414062,"SAN MATEO","DALY CITY",-122.47635650634766,37.671504974365234