CASE_ID,ACCIDENT_YEAR,PROC_DATE,JURIS,COLLISION_DATE,COLLISION_TIME,OFFICER_ID,REPORTING_DISTRICT,DAY_OF_WEEK,CHP_SHIFT,POPULATION,CNTY_CITY_LOC,SPECIAL_COND,BEAT_TYPE,CHP_BEAT_TYPE,CITY_DIVISION_LAPD,CHP_BEAT_CLASS,BEAT_NUMBER,PRIMARY_RD,SECONDARY_RD,DISTANCE,DIRECTION,INTERSECTION,WEATHER_1,WEATHER_2,STATE_HWY_IND,CALTRANS_COUNTY,CALTRANS_DISTRICT,STATE_ROUTE,ROUTE_SUFFIX,POSTMILE_PREFIX,POSTMILE,LOCATION_TYPE,RAMP_INTERSECTION,SIDE_OF_HWY,TOW_AWAY,COLLISION_SEVERITY,NUMBER_KILLED,NUMBER_INJURED,PARTY_COUNT,PRIMARY_COLL_FACTOR,PCF_CODE_OF_VIOL,PCF_VIOL_CATEGORY,PCF_VIOLATION,PCF_VIOL_SUBSECTION,HIT_AND_RUN,TYPE_OF_COLLISION,MVIW,PED_ACTION,ROAD_SURFACE,ROAD_COND_1,ROAD_COND_2,LIGHTING,CONTROL_DEVICE,CHP_ROAD_TYPE,PEDESTRIAN_ACCIDENT,BICYCLE_ACCIDENT,MOTORCYCLE_ACCIDENT,TRUCK_ACCIDENT,NOT_PRIVATE_PROPERTY,ALCOHOL_INVOLVED,STWD_VEHTYPE_AT_FAULT,CHP_VEHTYPE_AT_FAULT,COUNT_SEVERE_INJ,COUNT_VISIBLE_INJ,COUNT_COMPLAINT_PAIN,COUNT_PED_KILLED,COUNT_PED_INJURED,COUNT_BICYCLIST_KILLED,COUNT_BICYCLIST_INJURED,COUNT_MC_KILLED,COUNT_MC_INJURED,PRIMARY_RAMP,SECONDARY_RAMP,LATITUDE,LONGITUDE,COUNTY,CITY,POINT_X,POINT_Y
9400140,2022,2022-02-09,4106,2022-01-06,1757,2176,9A,4,5,6,4106,0,0,0,,0,004,"S PARK PLAZA DR","PALMCREST DR",12.00,N,N,A,-,N,,,,,,,,,,N,3,0,1,2,A,-,08,22107,,N,B,C,A,A,H,-,C,D,0,,,,,Y,,A,01,0,1,0,0,0,0,0,0,0,"- ","- ",37.697021484375,-122.48069000244141,"SAN MATEO","DALY CITY",-122.48017120361328,37.695831298828125
9400382,2021,2022-02-07,4106,2021-10-31,1121,2081,4,7,5,6,4106,0,0,0,,0,003,"LOS BANOS AV","SAN DIEGO AV",0.00,,Y,B,-,N,,,,,,,,,,N,4,0,3,4,A,-,21,22106,,N,B,C,A,A,H,-,A,D,0,,,,,Y,,-,,0,0,3,0,0,0,0,0,0,"- ","- ",37.705471038818359,-122.46436309814453,"SAN MATEO","DALY CITY",-122.46665954589844,37.70538330078125
9404682,2022,2022-02-09,4106,2022-01-14,1540,2154,13,5,5,6,4106,0,0,0,,0,006,"SKYLINE BL","HICKEY BL",0.00,,Y,A,-,Y,SM,4,35,-,-,27.930,I,5,N,Y,4,0,2,2,A,-,12,21453,A,N,A,C,A,A,H,-,A,A,0,,,,,Y,,A,01,0,0,2,0,0,0,0,0,0,"- ","- ",37.660568237304688,-122.47592163085938,"SAN MATEO","DALY CITY",-122.47586822509766,37.660587310791016
9405444,2022,2022-02-16,4106,2022-01-20,1627,2152,5,4,5,6,4106,0,0,0,,0,003,"RT 280","EASTMOORE AV",0.00,,Y,A,-,Y,SM,4,280,-,R,25.176,R,1,N,N,4,0,1,2,A,-,04,21703,,N,C,C,A,A,H,-,A,D,0,,,,,Y,,A,01,0,0,1,0,0,0,0,0,0,"- ","- ",37.683929443359375,-122.46865844726562,"SAN MATEO","DALY CITY",-122.47053527832031,37.676658630371094
9405476,2022,2022-02-10,4106,2022-01-14,1800,2154,4,5,5,6,4106,0,0,0,,0,003,"DELONG ST","LOS OLIVOS AV",0.00,,Y,A,-,N,,,,,,,,,,N,4,0,1,2,A,-,10,21950,A,N,G,B,B,A,H,-,C,D,0,Y,,,,Y,,A,01,0,0,1,0,1,0,0,0,0,"- ","- ",37.706108093261719,-122.46784973144531,"SAN MATEO","DALY CITY",-122.46781158447266,37.706111907958984
9405477,2022,2022-02-17,4106,2022-01-05,0424,2069,1,3,5,6,4106,0,0,0,,0,001,"SCHWERIN ST","GENEVA AV",6.00,E,N,A,-,N,,,,,,,,,,N,4,0,1,2,A,-,03,22350,,M,A,I,A,A,H,-,C,A,0,,,,,Y,,A,01,0,0,1,0,0,0,0,0,0,"- ","- ",37.706451416015625,-122.41319274902344,"SAN MATEO","DALY CITY",-122.41324615478516,37.706344604492188
9405509,2022,2022-02-10,4106,2022-01-24,1613,2154,14,1,5,6,4106,0,0,0,,0,006,"HICKEY BL","IMPERIAL WY",0.00,,Y,A,-,N,,,,,,,,,,Y,3,0,2,2,D,-,00,,,N,D,C,A,A,H,-,A,A,0,,,,,Y,,-,"- ",0,2,0,0,0,0,0,0,0,"- ","- ",37.663318634033203,-122.4639892578125,"SAN MATEO","DALY CITY",-122.46405029296875,37.663299560546875
9406097,2022,2022-02-16,4106,2022-01-29,1256,2154,,6,5,6,4106,0,0,0,,0,,"GENEVA AV","PUEBLO ST",19.00,W,N,A,-,N,,,,,,,,,,Y,4,0,1,4,A,-,08,22107,,M,C,E,A,A,H,-,A,D,0,,,,,Y,,A,01,0,0,1,0,0,0,0,0,0,"- ","- ",,,"SAN MATEO","DALY CITY",-122.41759490966797,37.707618713378906
9406098,2022,2022-02-16,4106,2022-01-07,1545,2151,4,5,5,6,4106,0,0,0,,0,003,"JUNIPERO SERRA BL","WESTLAKE AV",782.00,N,N,A,-,N,,,,,,,,,,N,4,0,1,2,A,-,21,22106,,N,H,C,A,A,H,-,A,D,0,,,,,Y,,-,,0,0,1,0,0,0,0,0,0,"- ","- ",37.703269958496094,-122.47096252441406,"SAN MATEO","DALY CITY",-122.47132110595703,37.703266143798828
9406101,2022,2022-02-17,4106,2022-01-28,0938,2175,5,5,5,6,4106,0,0,0,,0,003,"STATION AV","W MOLTKE ST",22.00,N,N,A,-,N,,,,,,,,,,N,4,0,1,3,A,-,08,22107,,N,A,E,A,A,H,-,A,D,0,,,,,Y,,D,22,0,0,1,0,0,0,0,0,0,"- ","- ",,,"SAN MATEO","DALY CITY",-122.46902465820312,37.694149017333984
9406170,2022,2022-02-16,4106,2022-01-31,1715,2184,6,1,5,6,4106,0,0,0,,0,002,"SAN PEDRO RD","REINER ST",0.00,,Y,A,-,N,,,,,,,,,,N,3,0,1,2,A,-,10,21950,A,N,G,B,C,A,H,-,A,D,0,Y,,,,Y,,A,01,0,1,0,0,1,0,0,0,0,"- ","- ",37.689540863037109,-122.4659423828125,"SAN MATEO","DALY CITY",-122.46665191650391,37.689048767089844
9406171,2022,2022-02-16,4106,2022-01-18,1507,2152,8,2,5,6,4106,0,0,0,,0,004,"JOHN DALY BL","SKYLINE BL",0.00,,Y,A,-,N,,,,,,,,,,Y,2,0,1,1,A,-,03,22350,,N,H,A,A,A,B,-,A,A,0,,,Y,,Y,,C,02,1,0,0,0,0,0,0,0,1,"- ","- ",37.698459625244141,-122.49484252929688,"SAN MATEO","DALY CITY",-122.49485778808594,37.698444366455078
9406946,2022,2022-03-10,4106,2022-02-04,1514,2154,14,5,5,6,4106,0,0,0,,0,006,"CALLAN BL","MORTON DR",420.00,S,N,A,-,N,,,,,,,,,,N,4,0,1,2,D,-,00,,,N,G,B,D,A,H,-,A,D,0,Y,,,,Y,,-,"- ",0,0,1,0,1,0,0,0,0,"- ","- ",37.654338836669922,-122.46875,"SAN MATEO","DALY CITY",-122.47000885009766,37.6563720703125
9406947,2022,2022-03-10,4106,2022-02-03,1422,2122,13,4,5,6,4106,0,0,0,,0,006,"CALLAN BL","SOUTHGATE AV",582.00,S,N,A,-,N,,,,,,,,,,N,4,0,1,2,A,-,08,22107,,N,D,C,A,A,H,-,A,D,0,,,,,Y,,A,01,0,0,1,0,0,0,0,0,0,"- ","- ",37.669361114501953,-122.47550201416016,"SAN MATEO","DALY CITY",-122.47264862060547,37.674274444580078
9406948,2022,2022-03-10,4106,2022-02-02,1007,2146,11,3,5,6,4106,0,0,0,,0,005,"WESTMOOR AV","SKYLINE DR",0.00,,Y,A,-,N,,,,,,,,,,N,3,0,1,2,A,-,08,22107,,N,D,C,A,A,H,-,A,A,0,,,,,Y,,A,01,0,1,0,0,0,0,0,0,0,"- ","- ",37.683479309082031,-122.49014282226562,"SAN MATEO","DALY CITY",-122.49012756347656,37.683467864990234
9407361,2022,2022-04-06,4106,2022-02-10,2315,MA460,U,4,5,6,4106,0,0,0,,0,00U,"SCHWERIN ST","GENEVA AV",25.00,N,N,A,-,N,,,,,,,,,,N,4,0,1,2,A,-,03,22350,,N,G,B,E,A,H,-,C,A,0,Y,,,,Y,,I,11,0,0,1,0,1,0,0,0,0,"- ","- ",37.706451416015625,-122.41319274902344,"SAN MATEO","DALY CITY",-122.41323089599609,37.706398010253906
9410373,2022,2022-03-17,4106,2022-01-15,1327,2154,5,6,5,6,4106,0,0,0,,0,003,"SCHOOL ST","MATEO ST",0.00,,Y,A,B,N,,,,,,,,,,N,4,0,1,2,D,-,00,,,M,B,C,A,A,H,-,A,D,0,,,,,Y,,-,"- ",0,0,1,0,0,0,0,0,0,"- ","- ",,,"SAN MATEO","DALY CITY",-122.46694183349609,37.693378448486328
9410374,2022,2022-03-17,4106,2022-01-03,1301,2032,13B,1,5,6,4106,0,0,0,,0,006,"GELLERT BL","HICKEY BL",394.00,N,N,B,-,N,,,,,,,,,,N,4,0,1,2,A,-,00,21954,,N,G,B,D,A,H,-,A,D,0,Y,,,,Y,,N,60,0,0,1,0,1,0,0,0,0,"- ","- ",37.669090270996094,-122.46898651123047,"SAN MATEO","DALY CITY",-122.46897888183594,37.665523529052734
9412919,2021,2022-03-07,4106,2021-12-23,1542,2176,13B,4,5,6,4106,0,0,0,,0,006,"GELLERT BL","HICKEY BL",370.00,N,N,A,-,N,,,,,,,,,,Y,4,0,2,2,A,-,08,22107,,N,D,C,A,B,H,-,A,D,0,,,,,Y,,A,01,0,0,2,0,0,0,0,0,0,"- ","- ",37.665370941162109,-122.46936798095703,"SAN MATEO","DALY CITY",-122.46898651123047,37.665458679199219
9412920,2021,2022-03-07,4106,2021-12-22,1730,2184,7,3,5,6,4106,0,0,0,,0,002,"EAST MARKET ST","HILLSIDE BL",0.00,,Y,A,-,N,,,,,,,,,,N,3,0,2,2,A,-,10,21950,A,N,B,B,B,B,H,-,C,A,0,Y,,,,Y,,-,,0,2,0,0,1,0,0,0,0,"- ","- ",37.689968109130859,-122.461181640625,"SAN MATEO","DALY CITY",-122.46116638183594,37.689956665039062
9414499,2022,2022-03-17,4106,2022-03-04,2016,2173,14,5,5,6,4106,0,0,0,,0,006,"KING DR","HYDE CT",273.00,E,N,A,-,N,,,,,,,,,,Y,3,0,1,6,-,-,"- ",,A,M,B,E,A,A,H,-,C,D,0,,,,,Y,Y,A,01,0,1,0,0,0,0,0,0,0,"- ","- ",37.654609680175781,-122.45435333251953,"SAN MATEO","DALY CITY",-122.45352172851562,37.652851104736328
9418143,2022,2022-03-23,4106,2022-02-22,0000,1124,4,2,5,6,4106,0,0,0,,0,003,"JUNIPERO SERRA BL","CITRUS AV",424.00,S,N,A,-,N,,,,,,,,,,Y,3,0,3,2,A,-,08,22107,,N,D,C,A,A,H,-,A,D,0,,,,,Y,,A,01,0,1,2,0,0,0,0,0,0,"- ","- ",37.697639465332031,-122.47061920166016,"SAN MATEO","DALY CITY",-122.47119140625,37.697425842285156
9418245,2022,2022-03-21,4106,2022-01-20,1520,2175,6,4,5,6,4106,0,0,0,,0,002,"ABBOT AV","PRICE ST",21.00,S,N,A,-,N,,,,,,,,,,Y,4,0,1,2,A,-,12,22450,A,N,H,C,A,A,H,-,A,A,0,,,,,Y,,A,01,0,0,1,0,0,0,0,0,0,"- ","- ",37.693061828613281,-122.46089172363281,"SAN MATEO","DALY CITY",-122.46088409423828,37.6929931640625
9418306,2022,2022-03-23,4106,2022-02-16,0820,2146,6,3,5,6,4106,0,0,0,,0,002,"HILLSIDE BL","THIERS ST",0.00,,Y,A,-,N,,,,,,,,,,N,3,0,1,2,A,-,10,21950,A,N,G,B,B,A,H,-,A,D,0,Y,,,,Y,,A,01,0,1,0,0,1,0,0,0,0,"- ","- ",37.697391510009766,-122.46204376220703,"SAN MATEO","DALY CITY",-122.46202850341797,37.697372436523438
9418439,2022,2022-03-24,4106,2022-03-05,1828,2178,13,6,5,6,4106,0,0,0,,0,006,"SOUTHGATE AV","CALLAN BL",325.00,E,N,A,-,N,,,,,,,,,,N,3,0,2,2,A,-,12,22450,,N,D,D,A,A,H,-,C,A,0,,,,,Y,,-,"- ",0,2,0,0,0,0,0,0,0,"- ","- ",37.675628662109375,-122.47081756591797,"SAN MATEO","DALY CITY",-122.47083282470703,37.675369262695312
9424906,2022,2022-04-12,4106,2022-03-13,2220,2174,12,7,5,6,4106,0,0,0,,0,005,"LAKESHIRE DR","SAN JUAN AV",0.00,,Y,A,-,N,,,,,,,,,,N,3,0,1,2,A,-,09,21801,A,N,D,C,A,A,H,-,C,D,0,,,,,Y,,A,01,0,1,0,0,0,0,0,0,0,"- ","- ",37.673301696777344,-122.48336029052734,"SAN MATEO","DALY CITY",-122.48344421386719,37.673305511474609
9424907,2022,2022-04-12,4106,2022-03-18,0900,2187,5,5,5,6,4106,0,0,0,,0,003,"E MOLTKE ST","MISSION ST",0.00,,Y,A,-,N,,,,,,,,,,Y,4,0,1,3,A,-,09,21802,A,N,D,D,A,A,H,-,A,A,0,,,,,Y,,A,01,0,0,1,0,0,0,0,0,0,"- ","- ",37.694389343261719,-122.46476745605469,"SAN MATEO","DALY CITY",-122.46479034423828,37.694412231445312
9425860,2021,2022-03-24,4106,2021-10-23,2305,2174,,6,5,6,4106,0,0,0,,0,,"CLARINADA AV","SAINT FRANCIS BL",0.00,,Y,C,-,N,,,,,,,,,,Y,3,0,2,2,A,-,12,22450,,F,D,C,A,B,H,-,C,A,0,,,,,Y,,A,01,0,1,1,0,0,0,0,0,0,"- ","- ",,,"SAN MATEO","DALY CITY",-122.48015594482422,37.671226501464844
9427612,2022,2022-04-29,4106,2022-03-19,1400,2189,1,6,5,6,4106,0,0,0,,0,001,"SCHWERIN ST","BAY RIDGE DR",263.00,N,N,B,-,N,,,,,,,,,,N,3,0,1,3,A,-,13,22515,A,N,C,E,A,A,H,-,A,D,0,,,,,Y,Y,-,,0,1,0,0,0,0,0,0,0,"- ","- ",,,"SAN MATEO","DALY CITY",-122.41603851318359,37.700084686279297
9430321,2022,2022-04-05,4106,2022-02-28,0434,2135,5,1,5,6,4106,0,0,0,,0,003,"JUNIPERO SERRA BL","88TH ST",0.00,,Y,A,-,N,,,,,,,,,,Y,4,0,1,2,A,-,03,22350,,N,C,C,A,A,H,-,B,D,0,,,,,Y,,A,01,0,0,1,0,0,0,0,0,0,"- ","- ",37.692539215087891,-122.47102355957031,"SAN MATEO","DALY CITY",-122.47100067138672,37.692539215087891
9430322,2022,2022-04-05,4106,2022-02-08,1535,2032,7,2,5,6,4106,0,0,0,,0,002,"EAST MARKET ST","1ST AV",0.00,,Y,A,-,N,,,,,,,,,,N,3,0,1,2,A,-,10,21950,A,N,G,B,B,A,H,-,A,A,0,Y,,,,Y,,A,01,0,1,0,0,1,0,0,0,0,"- ","- ",37.689750671386719,-122.4642333984375,"SAN MATEO","DALY CITY",-122.46429443359375,37.689731597900391
9438504,2022,2022-04-27,4106,2022-04-02,2049,2188,3,6,5,6,4106,0,0,0,,0,002,"BRUNSWICK ST","WELLINGTON AV",46.00,N,N,A,-,N,,,,,,,,,,Y,4,0,1,2,A,-,08,22107,,N,B,C,A,A,H,-,C,A,0,,,,,Y,Y,A,01,0,0,1,0,0,0,0,0,0,"- ","- ",37.704860687255859,-122.45987701416016,"SAN MATEO","DALY CITY",-122.45974731445312,37.704902648925781
9440794,2022,2022-05-10,4106,2022-03-25,2222,2151,4,5,5,6,4106,0,0,0,,0,003,"MISSION ST","HILLCREST DR",0.00,,Y,A,-,Y,SM,4,82,-,-,24.910,I,5,S,N,2,0,2,2,A,-,09,21801,,N,D,C,A,A,H,-,C,A,0,,,,,Y,,D,22,1,0,1,0,0,0,0,0,0,"- ","- ",37.705600738525391,-122.46163177490234,"SAN MATEO","DALY CITY",-122.46183013916016,37.705684661865234
9440900,2022,2022-05-17,4106,2022-04-19,0828,1124,1,2,5,6,4106,0,0,0,,0,001,"GENEVA AV","SCHWERIN ST",22.00,E,N,A,-,N,,,,,,,,,,Y,3,0,1,2,A,-,08,22107,,N,D,C,A,A,H,-,A,A,0,,,,,Y,,A,01,0,1,0,0,0,0,0,0,0,"- ","- ",37.706451416015625,-122.41319274902344,"SAN MATEO","DALY CITY",-122.41317749023438,37.706310272216797
9440921,2022,2022-05-24,4106,2022-04-05,1459,2138,12,2,5,6,4106,0,0,0,,0,005,"SAINT FRANCIS BL","CLARINADA AV",110.00,S,N,A,-,N,,,,,,,,,,N,4,0,1,2,A,-,11,21954,A,N,G,B,D,A,H,-,A,D,0,Y,,,,Y,,N,60,0,0,1,0,1,0,0,0,0,"- ","- ",,,"SAN MATEO","DALY CITY",-122.48014831542969,37.670928955078125
9440922,2022,2022-05-12,4106,2022-04-19,1226,1137,14,2,5,6,4106,0,0,0,,0,006,"CALLAN BL","WEMBLEY DR",340.00,N,N,A,-,N,,,,,,,,,,Y,4,0,1,2,A,-,08,22107,,N,C,E,A,A,H,-,A,D,0,,,,,Y,,A,01,0,0,1,0,0,0,0,0,0,"- ","- ",37.662010192871094,-122.4715576171875,"SAN MATEO","DALY CITY",-122.47205352783203,37.662826538085938
9440984,2022,2022-05-09,4106,2022-02-12,2215,2170,10,6,5,6,4106,0,0,0,,0,004,"SKYLINE BL","JOHN DALY BL",0.00,,Y,A,-,N,,,,,,,,,,N,3,0,2,2,A,-,09,21801,A,N,A,C,A,A,H,-,C,A,0,,,,,Y,,A,01,0,2,0,0,0,0,0,0,0,"- ","- ",37.698459625244141,-122.49484252929688,"SAN MATEO","DALY CITY",-122.49485778808594,37.698444366455078
9441173,2022,2022-05-26,4106,2022-03-04,1130,2070,13,5,5,6,4106,0,0,0,,0,006,"CALLAN BL","SOUTHGATE BL",0.00,,Y,A,-,N,,,,,,,,,,N,3,0,2,2,A,-,09,21801,,N,A,C,A,A,H,-,A,A,0,,,,,Y,,A,08,0,1,1,0,0,0,0,0,0,"- ","- ",37.675758361816406,-122.47190093994141,"SAN MATEO","DALY CITY",-122.47185516357422,37.675735473632812
9441174,2022,2022-05-25,4106,2022-03-21,1830,2092,8,1,5,6,4106,0,0,0,,0,004,"JOHN DALY BL","RT 35",0.00,,Y,A,-,Y,SM,4,35,-,-,30.834,I,6,N,N,3,0,1,2,A,-,03,22350,,N,C,C,A,A,H,-,A,A,0,,,,,Y,,A,01,0,1,0,0,0,0,0,0,0,"- ","- ",37.698459625244141,-122.49484252929688,"SAN MATEO","DALY CITY",-122.49486541748047,37.698509216308594
9441175,2022,2022-05-26,4106,2022-03-14,1730,2189,1,1,5,6,4106,0,0,0,,0,001,"GENEVA AV","SCHWERIN ST",0.00,,Y,A,-,N,,,,,,,,,,N,3,0,2,2,A,-,09,21801,,N,A,C,A,A,H,-,A,A,0,,,,,Y,,A,01,0,2,0,0,0,0,0,0,0,"- ","- ",37.706451416015625,-122.41319274902344,"SAN MATEO","DALY CITY",-122.41324615478516,37.706329345703125
9441176,2022,2022-05-17,4106,2022-03-25,1447,2154,,5,5,6,4106,0,0,0,,0,,"SERRAMONTE BL","JUNIPERO SERRA BL",497.00,W,N,A,B,N,,,,,,,,,,Y,4,0,1,2,A,-,03,22350,,N,C,C,A,A,H,-,A,D,0,,,,,Y,,A,01,0,0,1,0,0,0,0,0,0,"- ","- ",,,"SAN MATEO","DALY CITY",-122.46581268310547,37.669826507568359
9441941,2022,2022-05-13,4106,2022-02-27,1107,2146,9,7,5,6,4106,0,0,0,,0,004,"SOUTHGATE AV","ELMWOOD DR",0.00,,Y,A,-,N,,,,,,,,,,N,3,0,1,2,A,-,21,22106,,N,B,C,A,A,H,-,A,D,0,,,,,Y,,A,01,0,1,0,0,0,0,0,0,0,"- ","- ",37.697338104248047,-122.48748779296875,"SAN MATEO","DALY CITY",-122.48751831054688,37.697338104248047
9442459,2022,2022-05-03,4106,2022-04-19,2202,2196,14,2,5,6,4106,0,0,0,,0,006,"GELLERT BL","VICTORIA ST",0.00,,Y,A,-,N,,,,,,,,,,Y,3,0,1,2,A,-,10,21950,A,N,G,B,B,A,H,-,C,D,0,Y,,,,Y,,A,01,0,1,0,0,1,0,0,0,0,"- ","- ",37.661441802978516,-122.46893310546875,"SAN MATEO","DALY CITY",-122.46894836425781,37.661426544189453
9442478,2022,2022-05-20,4106,2022-02-17,1257,1137,13B,4,5,6,4106,0,0,0,,0,006,"HICKEY BL","GELLERT BL",0.00,,Y,A,-,N,,,,,,,,,,Y,2,0,3,2,D,-,00,,,N,D,C,A,A,H,-,A,A,0,,,,,Y,,-,"- ",1,0,2,0,0,0,0,0,0,"- ","- ",37.664569854736328,-122.46901702880859,"SAN MATEO","DALY CITY",-122.46923065185547,37.664459228515625
9442642,2022,2022-05-04,4106,2022-03-24,1413,2161,4,4,5,6,4106,0,0,0,,0,003,"JUNIPERO SERRA BL","WESTLAKE AV",10.00,N,N,A,-,N,,,,,,,,,,Y,3,0,1,2,A,-,09,21453,B,N,H,C,A,A,H,-,A,A,0,,,,,Y,,A,01,0,1,0,0,0,0,0,0,0,"- ","- ",37.699451446533203,-122.47084808349609,"SAN MATEO","DALY CITY",-122.47137451171875,37.699428558349609
9442643,2022,2022-05-04,4106,2022-03-02,1849,2192,12,3,5,6,4106,0,0,0,,0,005,"SAINT FRANCIS BL","CLARINADA AV",4.00,S,N,A,-,N,,,,,,,,,,N,2,0,2,3,A,-,12,22450,A,N,G,B,B,A,H,-,C,A,0,Y,,,,Y,,A,01,1,1,0,0,2,0,0,0,0,"- ","- ",37.671218872070312,-122.48017120361328,"SAN MATEO","DALY CITY",-122.48015594482422,37.671218872070312
9442672,2022,2022-05-03,4106,2022-03-16,1125,1232,8A,3,5,6,4106,0,0,0,,0,004,"SOUTHGATE AV","PALMCREST AV",0.00,,Y,A,-,N,,,,,,,,,,Y,3,0,1,2,A,-,21,22106,,N,H,C,A,A,H,-,A,A,0,,,,,Y,,A,01,0,1,0,0,0,0,0,0,0,"- ","- ",37.697978973388672,-122.48175811767578,"SAN MATEO","DALY CITY",-122.48182678222656,37.698047637939453
9446629,2022,2022-06-08,4106,2022-04-15,1712,2188,12,5,5,6,4106,0,0,0,,0,005,"WESTMOOR AV","SKYLINE BL",0.00,,Y,B,-,N,,,,,,,,,,N,3,0,1,2,A,-,12,21453,A,F,G,B,B,A,H,-,A,A,0,Y,,,,Y,,A,01,0,1,0,0,1,0,0,0,0,"- ","- ",,,"SAN MATEO","DALY CITY",-122.48910522460938,37.683341979980469
9446630,2022,2022-06-07,4106,2022-04-25,1505,2187,3,1,5,6,4106,0,0,0,,0,002,"WILSON ST","SAN JOSE AV",0.00,,Y,A,-,N,,,,,,,,,,Y,3,0,1,5,A,-,09,21802,A,N,D,C,A,A,H,-,A,A,0,,,,,Y,,A,01,0,1,0,0,0,0,0,0,0,"- ","- ",37.707939147949219,-122.45944976806641,"SAN MATEO","DALY CITY",-122.45943450927734,37.707912445068359
9452908,2022,2022-06-16,4106,2022-04-25,0836,2189,14,1,5,6,4106,0,0,0,,0,006,"HICKEY BL","RT 280",0.00,,Y,A,-,Y,SM,4,280,-,R,24.421,R,4,S,N,4,0,1,2,A,-,12,21453,A,N,D,D,A,A,H,-,A,A,0,,,,,Y,,A,07,0,0,1,0,0,0,0,0,0,"- ",SF,37.664138793945312,-122.46810913085938,"SAN MATEO","DALY CITY",-122.46590423583984,37.666618347167969
9454227,2022,2022-07-14,4106,2022-06-11,0127,2155,6,6,5,6,4106,0,0,0,,0,002,"HILLSIDE BL","GAMBETTA ST",47.00,N,N,A,-,N,,,,,,,,,,Y,4,0,1,2,A,-,03,22350,A,N,C,C,A,A,H,-,C,A,0,,,,,Y,Y,-,,0,0,1,0,0,0,0,0,0,"- ","- ",37.698841094970703,-122.46209716796875,"SAN MATEO","DALY CITY",-122.46210479736328,37.698959350585938
9459579,2022,2022-06-27,4106,2022-02-10,1400,2183,7,4,5,6,4106,0,0,0,,0,002,"ABBOT AV","CHESTER ST",0.00,,Y,A,-,N,,,,,,,,,,N,3,0,1,2,A,-,10,21950,A,N,G,B,B,A,H,-,A,A,0,Y,,,,Y,Y,A,01,0,1,0,0,1,0,0,0,0,"- ","- ",37.688518524169922,-122.45815277099609,"SAN MATEO","DALY CITY",-122.45770263671875,37.688518524169922
9459699,2022,2022-06-16,4106,2022-04-21,1407,2197,8,4,5,6,4106,0,0,0,,0,004,"JOHN DALY BL","PONCETTA DR",430.00,W,N,A,-,N,,,,,,,,,,Y,3,0,2,2,A,-,03,22350,,N,C,C,A,A,H,-,A,A,0,,,,,Y,,A,01,0,2,0,0,0,0,0,0,0,"- ","- ",37.704071044921875,-122.47554016113281,"SAN MATEO","DALY CITY",-122.47693634033203,37.703655242919922
9459700,2022,2022-06-16,4106,2022-04-12,1918,2092,12,2,5,6,4106,0,0,0,,0,005,"SOUTHGATE AV","LAKESHIRE DR",10.00,W,N,A,-,N,,,,,,,,,,N,3,0,1,2,A,-,10,21950,A,N,G,B,B,A,H,-,B,A,0,Y,,,,Y,,A,01,0,1,0,0,1,0,0,0,0,"- ","- ",37.676120758056641,-122.48336791992188,"SAN MATEO","DALY CITY",-122.48340606689453,37.676109313964844
9460855,2022,2022-11-14,4106,2022-04-26,1119,2146,12,2,5,6,4106,0,0,0,,0,005,"DEL PRADO DR","MARIPOSA AV",0.00,,Y,A,-,N,,,,,,,,,,N,4,0,1,2,A,-,22,23123,5,N,C,E,A,A,H,-,A,D,0,,,,,Y,,M,94,0,0,1,0,0,0,0,0,0,"- ","- ",,,"SAN MATEO","DALY CITY",-122.47988891601562,37.679939270019531
9460863,2022,2022-06-22,4106,2022-05-07,2304,2197,3,6,5,6,4106,0,0,0,,0,002,"CROCKER AV","WINCHESTER ST",0.00,,Y,A,-,N,,,,,,,,,,N,3,0,1,2,A,-,03,22350,,N,D,C,A,A,H,-,C,A,0,,,,,Y,,A,01,0,1,0,0,0,0,0,0,0,"- ","- ",37.704761505126953,-122.45777130126953,"SAN MATEO","DALY CITY",-122.457763671875,37.704761505126953
9460864,2022,2022-06-22,4106,2022-05-02,2234,2184,6,1,5,6,4106,0,0,0,,0,002,"LAUSANNE AV","E MOLTKE AV",150.00,N,N,A,-,N,,,,,,,,,,Y,4,0,1,2,A,-,07,21658,A,N,B,E,A,A,H,-,C,D,0,,,,,Y,,A,01,0,0,1,0,0,0,0,0,0,"- ","- ",37.696071624755859,-122.45848083496094,"SAN MATEO","DALY CITY",-122.45919799804688,37.694980621337891
9464875,2022,2022-12-14,4106,2022-11-01,1913,2092,5,2,5,6,4106,0,0,0,,0,003,"CASTLE ST","MISSION ST",9.00,E,N,A,-,N,,,,,,,,,,N,3,0,1,2,A,-,10,21950,A,N,G,B,B,A,H,-,C,D,0,Y,,,,Y,,-,,0,1,0,0,1,0,0,0,0,"- ","- ",37.691650390625,-122.46530151367188,"SAN MATEO","DALY CITY",-122.46528625488281,37.691623687744141