CASE_ID,ACCIDENT_YEAR,PROC_DATE,JURIS,COLLISION_DATE,COLLISION_TIME,OFFICER_ID,REPORTING_DISTRICT,DAY_OF_WEEK,CHP_SHIFT,POPULATION,CNTY_CITY_LOC,SPECIAL_COND,BEAT_TYPE,CHP_BEAT_TYPE,CITY_DIVISION_LAPD,CHP_BEAT_CLASS,BEAT_NUMBER,PRIMARY_RD,SECONDARY_RD,DISTANCE,DIRECTION,INTERSECTION,WEATHER_1,WEATHER_2,STATE_HWY_IND,CALTRANS_COUNTY,CALTRANS_DISTRICT,STATE_ROUTE,ROUTE_SUFFIX,POSTMILE_PREFIX,POSTMILE,LOCATION_TYPE,RAMP_INTERSECTION,SIDE_OF_HWY,TOW_AWAY,COLLISION_SEVERITY,NUMBER_KILLED,NUMBER_INJURED,PARTY_COUNT,PRIMARY_COLL_FACTOR,PCF_CODE_OF_VIOL,PCF_VIOL_CATEGORY,PCF_VIOLATION,PCF_VIOL_SUBSECTION,HIT_AND_RUN,TYPE_OF_COLLISION,MVIW,PED_ACTION,ROAD_SURFACE,ROAD_COND_1,ROAD_COND_2,LIGHTING,CONTROL_DEVICE,CHP_ROAD_TYPE,PEDESTRIAN_ACCIDENT,BICYCLE_ACCIDENT,MOTORCYCLE_ACCIDENT,TRUCK_ACCIDENT,NOT_PRIVATE_PROPERTY,ALCOHOL_INVOLVED,STWD_VEHTYPE_AT_FAULT,CHP_VEHTYPE_AT_FAULT,COUNT_SEVERE_INJ,COUNT_VISIBLE_INJ,COUNT_COMPLAINT_PAIN,COUNT_PED_KILLED,COUNT_PED_INJURED,COUNT_BICYCLIST_KILLED,COUNT_BICYCLIST_INJURED,COUNT_MC_KILLED,COUNT_MC_INJURED,PRIMARY_RAMP,SECONDARY_RAMP,LATITUDE,LONGITUDE,COUNTY,CITY,POINT_X,POINT_Y
9468563,2023,2023-09-21,4106,2023-08-02,2059,2131,8,3,5,6,4106,0,0,0,,0,004,"JOHN DALY BL","RT 35",0.00,,Y,E,-,Y,SM,4,35,-,-,30.834,I,5,N,Y,4,0,3,2,A,-,09,21801,,N,A,C,A,A,H,-,D,A,0,,,,,Y,,A,01,0,0,3,0,0,0,0,0,0,"- ","- ",37.698459625244141,-122.49484252929688,"SAN MATEO","DALY CITY",-122.49486541748047,37.698509216308594
9468725,2023,2023-09-15,4106,2023-08-05,1224,2200,4,6,5,6,4106,0,0,0,,0,003,"MISSION ST","CITRUS AV",254.00,N,N,A,-,N,,,,,,,,,,Y,4,0,1,2,A,-,"- ",,,N,C,E,A,A,H,-,A,D,0,,,,,Y,,A,07,0,0,1,0,0,0,0,0,0,"- ","- ",37.699230194091797,-122.46437072753906,"SAN MATEO","DALY CITY",-122.46401214599609,37.699131011962891
9468726,2023,2023-09-15,4106,2023-08-10,1622,2146,4,4,5,6,4106,0,0,0,,0,003,"JUNIPERO SERRA BL","CITRUS AV",0.00,,Y,A,-,N,,,,,,,,,,N,3,0,1,2,A,-,08,22107,,N,B,C,A,A,H,-,A,D,0,,,,,Y,,A,07,0,1,0,0,0,0,0,0,0,"- ","- ",,,"SAN MATEO","DALY CITY",-122.47071838378906,37.697563171386719
9468727,2023,2023-09-15,4106,2023-08-12,1810,2201,4,6,5,6,4106,0,0,0,,0,003,"WESTLAKE AV","WILLITS ST",0.00,,Y,A,-,N,,,,,,,,,,N,3,0,1,2,A,-,09,21802,A,N,A,C,A,A,H,-,A,A,0,,,,,Y,,A,01,0,1,0,0,0,0,0,0,0,"- ","- ",37.699459075927734,-122.46798706054688,"SAN MATEO","DALY CITY",-122.46802520751953,37.699478149414062
9468728,2023,2023-09-15,4106,2023-08-26,1215,2205,11,6,5,6,4106,0,0,0,,0,005,"CARMEL AV","SKYLINE DR",0.00,,Y,B,-,N,,,,,,,,,,N,3,0,1,2,A,-,09,21802,A,N,H,G,A,A,H,-,A,A,0,,Y,,,Y,,A,01,0,1,0,0,0,0,1,0,0,"- ","- ",37.67974853515625,-122.49076843261719,"SAN MATEO","DALY CITY",-122.49085235595703,37.679759979248047
9468729,2023,2023-09-15,4106,2023-08-28,1400,2141,5,1,5,6,4106,0,0,0,,0,003,"SAN PEDRO RD","SULLIVAN AV",24.00,W,N,A,-,N,,,,,,,,,,Y,3,0,2,2,A,-,12,21453,A,N,A,C,A,A,D,-,A,A,0,,,,,Y,,A,01,0,2,0,0,0,0,0,0,0,"- ","- ",37.684528350830078,-122.47216796875,"SAN MATEO","DALY CITY",-122.47223663330078,37.684490203857422
9468790,2023,2023-09-11,4106,2023-07-07,1525,2205,6,5,5,6,4106,0,0,0,,0,002,"BRUNSWICK ST","CHELSEA CT",0.00,,Y,A,-,N,,,,,,,,,,Y,3,0,1,2,A,-,03,22350,,N,C,C,A,A,H,-,A,D,0,,,Y,,Y,,A,01,0,1,0,0,0,0,0,0,1,"- ","- ",,,"SAN MATEO","DALY CITY",-122.46082305908203,37.704238891601562
9468813,2023,2023-09-13,4106,2023-07-23,"10  ",2189,3,7,5,6,4106,0,0,0,,0,002,"MISSION ST","RICE ST",0.00,,Y,A,-,N,,,,,,,,,,N,3,0,1,2,A,-,03,22350,,F,C,C,A,A,H,-,C,D,0,,,,,Y,,-,,0,1,0,0,0,0,0,0,0,"- ","- ",37.707908630371094,-122.45626068115234,"SAN MATEO","DALY CITY",-122.45630645751953,37.707569122314453
9468814,2023,2023-09-13,4106,2023-07-17,1620,2102,12,1,5,6,4106,0,0,0,,0,005,"SAINT FRANCIS BL","SOUTHGATE AV",0.00,,Y,A,-,N,,,,,,,,,,N,3,0,1,2,A,-,10,21950,,N,G,B,B,A,H,-,A,A,0,Y,,,,Y,,A,01,0,1,0,0,1,0,0,0,0,SO,"- ",37.675868988037109,-122.47959136962891,"SAN MATEO","DALY CITY",-122.47957611083984,37.675853729248047
9468815,2023,2023-09-13,4106,2023-07-09,1010,2205,1A,7,5,6,4106,0,0,0,,0,001,"GENEVA AV","PASADENA ST",0.00,,Y,A,-,N,,,,,,,,,,Y,3,0,1,2,A,-,09,21802,A,N,D,C,A,A,H,-,A,A,0,,,,,Y,,A,01,0,1,0,0,0,0,0,0,0,"- ","- ",37.687919616699219,-122.47020721435547,"SAN MATEO","DALY CITY",-122.41922760009766,37.708084106445312
9468816,2023,2023-09-13,4106,2023-07-30,1800,2205,6,7,5,6,4106,0,0,0,,0,002,"EAST MARKET ST","MISSION ST",0.00,,Y,A,-,N,,,,,,,,,,N,3,0,1,2,A,-,04,21703,,N,C,C,A,A,H,-,A,D,0,,,,,Y,,A,01,0,1,0,0,0,0,0,0,0,"- ","- ",37.689540863037109,-122.4659423828125,"SAN MATEO","DALY CITY",-122.46591949462891,37.689571380615234
9468817,2023,2023-09-13,4106,2023-07-10,2359,2213,8,1,5,6,4106,0,0,0,,0,004,"JOHN DALY BL","CLIFFSIDE DR",50.00,W,N,A,-,N,,,,,,,,,,Y,3,0,1,2,A,-,03,22350,,N,C,C,A,A,H,-,A,A,0,,,,,Y,,A,07,0,1,0,0,0,0,0,0,0,"- ","- ",37.702098846435547,-122.48223876953125,"SAN MATEO","DALY CITY",-122.48246002197266,37.702129364013672
9468818,2023,2023-09-13,4106,2023-07-07,1230,2146,8A,5,5,6,4106,0,0,0,,0,004,"SOUTHGATE AV","PALMCREST DR",0.00,,Y,A,-,N,,,,,,,,,,N,3,0,1,2,A,-,10,21950,A,N,G,B,B,A,H,-,A,A,0,Y,,,,Y,,A,01,0,1,0,0,1,0,0,0,0,"- ","- ",37.697978973388672,-122.48175811767578,"SAN MATEO","DALY CITY",-122.48182678222656,37.698047637939453
9468819,2023,2023-09-13,4106,2023-07-26,1418,2146,12,3,5,6,4106,0,0,0,,0,005,"EASTMOOR AV","SULLIVAN AV",0.00,,Y,A,-,N,,,,,,,,,,N,2,0,1,2,A,-,06,21750,A,N,B,C,A,A,H,-,A,D,0,,,Y,,Y,,C,02,1,0,0,0,0,0,0,0,1,"- ","- ",37.684581756591797,-122.47355651855469,"SAN MATEO","DALY CITY",-122.47223663330078,37.684494018554688
9468820,2023,2023-09-13,4106,2023-07-28,2121,2145,7,5,5,6,4106,0,0,0,,0,002,"LINDEN ST","HOFFMAN ST",0.00,,Y,A,-,N,,,,,,,,,,N,4,0,1,2,A,-,11,21954,A,N,G,B,D,A,H,-,C,D,0,Y,,,,Y,,N,60,0,0,1,0,1,0,0,0,0,"- ","- ",37.685409545898438,-122.45828247070312,"SAN MATEO","DALY CITY",-122.45830535888672,37.685375213623047
9468834,2023,2023-09-11,4106,2023-06-13,"35  ",2177,6,2,5,6,4106,0,0,0,,0,002,"CASTLE ST","3RD AV",0.00,,Y,A,-,N,,,,,,,,,,Y,3,0,2,2,A,-,09,21804,A,N,D,C,A,A,H,-,C,A,0,,,,,Y,,A,01,0,1,1,0,0,0,0,0,0,"- ","- ",37.691738128662109,-122.46250915527344,"SAN MATEO","DALY CITY",-122.46250915527344,37.691722869873047
9469108,2023,2023-11-02,4106,2023-09-14,"40  ",2193,5,4,5,6,4106,0,0,0,,0,003,"SULLIVAN AV","PIERCE ST",0.00,,Y,A,-,N,,,,,,,,,,Y,4,0,1,3,A,-,12,21453,A,F,D,C,A,A,H,-,C,A,0,,,,,Y,Y,A,01,0,0,1,0,0,0,0,0,0,"- ","- ",37.686019897460938,-122.47223663330078,"SAN MATEO","DALY CITY",-122.47222137451172,37.685997009277344
9469109,2023,2023-10-25,4106,2023-09-05,"221 ",2177,8,2,5,6,4106,0,0,0,,0,004,"JOHN DALY BL","PARK PLAZA DR",134.00,E,N,A,-,N,,,,,,,,,,Y,3,0,1,1,A,-,01,23152,A,N,E,I,A,A,H,-,C,D,0,,,,,Y,Y,A,07,0,1,0,0,0,0,0,0,0,"- ","- ",37.702098846435547,-122.48223876953125,"SAN MATEO","DALY CITY",-122.48179626464844,37.702228546142578
9469110,2023,2023-11-20,4106,2023-09-11,2200,2175,6,1,5,6,4106,0,0,0,,0,002,"EAST MARKET ST","PRICE ST",0.00,,Y,A,-,N,,,,,,,,,,N,3,0,3,2,A,-,03,22350,,N,C,C,A,A,H,-,C,A,0,,,,,Y,Y,A,01,0,3,0,0,0,0,0,0,0,"- ","- ",37.694179534912109,-122.45516204833984,"SAN MATEO","DALY CITY",-122.45638275146484,37.693180084228516
9469385,2023,2023-09-27,4106,2023-07-19,1637,2069,4,3,5,6,4106,0,0,0,,0,003,"MISSION ST","WESTLAKE AV",0.00,,Y,A,-,N,,,,,,,,,,N,3,0,1,2,A,-,08,22107,,M,B,C,A,A,H,-,A,D,0,,,Y,,Y,,A,08,0,1,0,0,0,0,0,0,1,"- ","- ",37.699478149414062,-122.4639892578125,"SAN MATEO","DALY CITY",-122.4639892578125,37.699470520019531
9472104,2022,2022-07-15,4106,2022-06-02,1926,2092,1,4,5,6,4106,0,0,0,,0,001,"GENEVA AV","ORIENTE ST",0.00,,Y,A,-,N,,,,,,,,,,Y,3,0,2,3,-,-,"- ",,A,F,A,C,A,A,H,-,B,D,0,,,,,Y,,A,01,0,2,0,0,0,0,0,0,0,"- ","- ",37.706588745117188,-122.41410064697266,"SAN MATEO","DALY CITY",-122.41410827636719,37.706562042236328
9472105,2022,2022-07-15,4106,2022-06-23,2100,2173,5,4,5,6,4106,0,0,0,,0,003,"SAN PEDRO RD","REINER ST",0.00,,Y,A,-,N,,,,,,,,,,Y,3,0,1,2,A,-,08,22102,,N,B,C,A,A,H,-,C,D,0,,,Y,,Y,,A,01,0,1,0,0,0,0,0,0,1,"- ","- ",37.689048767089844,-122.46662902832031,"SAN MATEO","DALY CITY",-122.46665191650391,37.689048767089844
9472204,2022,2022-10-25,4106,2022-05-21,0430,2191,8,6,5,6,4106,0,0,0,,0,004,"JOHN DALY BL","LAKE MERCED BL",0.00,,Y,A,-,N,,,,,,,,,,Y,3,0,1,1,A,-,01,23152,A,N,E,I,A,A,H,-,C,A,0,,,,,Y,Y,-,,0,1,0,0,0,0,0,0,0,"- ","- ",37.701450347900391,-122.48497772216797,"SAN MATEO","DALY CITY",-122.48490905761719,37.701442718505859
9472205,2022,2022-07-20,4106,2022-05-17,1524,2092,14,2,5,6,4106,0,0,0,,0,006,"KING DR","BRIGHTON CT",15.00,E,N,A,-,N,,,,,,,,,,Y,3,0,1,2,A,-,09,21801,,N,B,C,A,A,H,-,A,D,0,,,,,Y,,-,,0,1,0,0,0,0,0,0,0,"- ","- ",37.649940490722656,-122.46073913574219,"SAN MATEO","DALY CITY",-122.46070861816406,37.649936676025391
9472206,2022,2022-07-20,4106,2022-05-07,1107,2196,1,6,5,6,4106,0,0,0,,0,001,"GENEVA AV","RIO VERDE ST",0.00,,Y,A,-,N,,,,,,,,,,N,3,0,1,2,A,-,10,21950,A,N,G,B,B,A,H,-,A,A,0,Y,,,,Y,,-,,0,1,0,0,1,0,0,0,0,"- ","- ",37.707061767578125,-122.41580200195312,"SAN MATEO","DALY CITY",-122.41578674316406,37.707111358642578
9472384,2022,2022-08-08,4106,2022-04-20,1330,2138,13B,3,5,6,4106,0,0,0,,0,006,"GELLERT BL","HICKEY BL",88.00,S,N,A,-,N,,,,,,,,,,N,3,0,1,2,A,-,10,21950,A,N,G,B,B,A,H,-,A,A,0,Y,,,,Y,,A,01,0,1,0,0,1,0,0,0,0,"- ","- ",,,"SAN MATEO","DALY CITY",-122.46926116943359,37.664218902587891
9472580,2022,2022-07-21,4106,2022-02-17,2027,2152,4,4,5,6,4106,0,0,0,,0,003,"MISSION ST","COMO AV",0.00,,Y,A,-,N,,,,,,,,,,N,3,0,1,2,A,-,10,21950,A,F,G,B,B,A,H,-,C,D,0,Y,,,,Y,,-,,0,1,0,0,1,0,0,0,0,"- ","- ",37.700199127197266,-122.46379089355469,"SAN MATEO","DALY CITY",-122.46381378173828,37.700191497802734
9481646,2022,2022-08-11,4106,2022-07-22,2338,2144,13,5,5,6,4106,0,0,0,,0,006,"HICKEY BL","CALLAN BL",0.00,,Y,A,-,N,,,,,,,,,,Y,3,0,2,2,A,-,01,23153,A,N,D,C,A,A,H,-,C,A,0,,,,,Y,Y,A,01,0,2,0,0,0,0,0,0,0,"- ","- ",37.665340423583984,-122.47473907470703,"SAN MATEO","DALY CITY",-122.47473907470703,37.665298461914062
9481647,2022,2022-08-11,4106,2022-07-28,2100,2190,7,4,5,6,4106,0,0,0,,0,002,"SYLVAN ST","CHESTER ST",0.00,,Y,C,E,N,,,,,,,,,,Y,3,0,1,2,A,-,01,23153,A,F,B,C,A,B,H,-,C,A,0,,,,,Y,Y,A,01,0,1,0,0,0,0,0,0,0,"- ","- ",37.687370300292969,-122.45871734619141,"SAN MATEO","DALY CITY",-122.45873260498047,37.687347412109375
9482020,2022,2022-08-12,4106,2022-05-05,0824,2146,5,4,5,6,4106,0,0,0,,0,003,"STATION AV","VALE ST",0.00,,Y,A,B,N,,,,,,,,,,Y,3,0,1,2,A,-,08,22107,,N,C,E,A,A,H,-,A,D,0,,,,,Y,,-,,0,1,0,0,0,0,0,0,0,"- ","- ",,,"SAN MATEO","DALY CITY",-122.46900939941406,37.691539764404297
9482028,2022,2022-08-11,4106,2022-06-28,0911,1124,1A,2,5,6,4106,0,0,0,,0,001,"GENEVA AV","CASTILLO ST",8.00,W,N,A,-,N,,,,,,,,,,Y,3,0,3,3,A,-,03,22350,,N,C,C,A,A,H,-,A,A,0,,,,,Y,,A,07,0,3,0,0,0,0,0,0,0,"- ","- ",37.707839965820312,-122.41840362548828,"SAN MATEO","DALY CITY",-122.41840362548828,37.707847595214844
9482115,2022,2022-08-11,4106,2022-06-29,1255,2092,14,3,5,6,4106,0,0,0,,0,006,"CALLAN BL","WARICK ST",0.00,,Y,A,-,N,,,,,,,,,,N,3,0,1,2,A,-,10,21950,A,N,G,B,-,A,H,-,A,A,0,Y,,,,Y,,A,01,0,1,0,0,1,0,0,0,0,"- ","- ",37.6522216796875,-122.46932983398438,"SAN MATEO","DALY CITY",-122.46932983398438,37.652210235595703
9482116,2022,2022-08-26,4106,2022-06-02,1259,2092,8,4,5,6,4106,0,0,0,,0,004,"JOHN DALY BL","SHEFFIELD DR",0.00,,Y,A,-,N,,,,,,,,,,Y,3,0,3,2,A,-,12,21453,A,N,A,C,A,A,H,-,A,A,0,,,,,Y,,A,01,0,1,2,0,0,0,0,0,0,"- ","- ",37.704071044921875,-122.47554016113281,"SAN MATEO","DALY CITY",-122.47559356689453,37.704166412353516
9482117,2022,2022-08-12,4106,2022-06-05,1523,2154,5,7,5,6,4106,0,0,0,,0,003,"WASHINGTON ST","SAN PEDRO RD",0.00,,Y,B,-,N,,,,,,,,,,N,4,0,2,2,D,-,00,,,N,B,C,A,A,H,-,A,A,0,,,,,Y,,-,"- ",0,0,2,0,0,0,0,0,0,"- ","- ",37.687839508056641,-122.46820831298828,"SAN MATEO","DALY CITY",-122.46823120117188,37.68780517578125
9482205,2022,2022-08-12,4106,2022-05-21,2137,2197,3,6,5,6,4106,0,0,0,,0,002,"CROCKER AV","WINCHESTER ST",0.00,,Y,A,-,N,,,,,,,,,,Y,3,0,1,2,A,-,03,22350,,N,D,C,A,A,H,-,C,A,0,,,,,Y,,-,,0,1,0,0,0,0,0,0,0,"- ","- ",37.704509735107422,-122.45800018310547,"SAN MATEO","DALY CITY",-122.457763671875,37.704761505126953
9482206,2022,2022-08-12,4106,2022-05-22,1918,2197,3,7,5,6,4106,0,0,0,,0,002,"CROCKER AV","MISSION ST",0.00,,Y,A,-,N,,,,,,,,,,Y,3,0,2,2,A,-,03,22350,,N,C,C,A,A,H,-,A,A,0,,,,,Y,,A,01,0,2,0,0,0,0,0,0,0,"- ","- ",37.707328796386719,-122.45993804931641,"SAN MATEO","DALY CITY",-122.4588623046875,37.706680297851562
9482207,2022,2022-08-12,4106,2022-05-15,1450,2184,3,7,5,6,4106,0,0,0,,0,002,TEMPLETON,"PEORIA ST",0.00,,Y,A,-,N,,,,,,,,,,N,3,0,1,2,A,-,12,22450,A,N,B,C,A,A,H,-,A,D,0,,,,,Y,,A,01,0,1,0,0,0,0,0,0,0,"- ","- ",37.705421447753906,-122.45188903808594,"SAN MATEO","DALY CITY",-122.45191192626953,37.705417633056641
9484378,2022,2022-08-26,4106,2022-03-23,1813,2092,12,3,5,6,4106,0,0,0,,0,005,"EASTMOOR AV","SULLIVAN AV",52.00,W,N,A,F,N,,,,,,,,,,Y,2,0,1,2,A,-,01,23153,A,N,A,C,A,A,H,-,A,A,0,,,,,Y,Y,A,01,1,0,0,0,0,0,0,0,0,"- ","- ",37.684501647949219,-122.4722900390625,"SAN MATEO","DALY CITY",-122.47241973876953,37.684490203857422
9492277,2022,2022-09-15,4106,2022-07-08,1630,2154,1A,5,5,6,4106,0,0,0,,0,001,"GENEVA AV","CASTILLO ST",115.00,W,N,A,G,N,,,,,,,,,,Y,4,0,1,3,A,-,03,22350,,N,C,C,A,A,H,-,A,D,0,,,,,Y,,A,01,0,0,1,0,0,0,0,0,0,"- ","- ",,,"SAN MATEO","DALY CITY",-122.41875457763672,37.70794677734375
9500370,2022,2022-10-10,4106,2022-08-26,1331,2200,6,5,5,6,4106,0,0,0,,0,002,"PRICE ST","FLORENCE AV",130.00,W,N,A,-,N,,,,,,,,,,Y,3,0,2,7,A,-,03,22350,,N,H,E,A,A,H,-,A,D,0,,,,,Y,,A,07,0,1,1,0,0,0,0,0,0,"- ","- ",37.692890167236328,-122.4598388671875,"SAN MATEO","DALY CITY",-122.45864105224609,37.693119049072266
9500371,2022,2022-10-11,4106,2022-03-28,1047,2197,5,1,5,6,4106,0,0,0,,0,003,"PIERCE ST","ANNIE ST",54.00,E,N,A,-,N,,,,,,,,,,N,3,0,1,2,A,-,03,22350,,N,C,C,A,A,H,-,A,A,0,,,,,Y,,D,82,0,1,0,0,0,0,0,0,0,"- ","- ",37.686061859130859,-122.47531127929688,"SAN MATEO","DALY CITY",-122.47513580322266,37.68603515625
9500373,2022,2022-10-10,4106,2022-08-05,2500,2200,12,5,5,6,4106,0,0,0,,0,005,"SAINT FRANCIS BL","MARIPOSA AV",0.00,,Y,B,-,N,,,,,,,,,,Y,3,0,1,4,A,-,01,23152,,M,H,C,A,A,H,-,C,D,0,,,,Y,Y,Y,F,26,0,1,0,0,0,0,0,0,0,"- ","- ",37.681678771972656,-122.47852325439453,"SAN MATEO","DALY CITY",-122.47900390625,37.679958343505859
9500973,2022,2022-10-13,4106,2022-08-09,1816,2104,12,2,5,6,4106,0,0,0,,0,005,"SOUTHGATE AV","SAINT FRANCIS BL",0.00,,Y,A,-,N,,,,,,,,,,N,2,0,2,3,A,-,10,21950,A,N,G,B,B,A,H,-,A,A,0,Y,,,,Y,,A,07,1,1,0,0,2,0,0,0,0,"- ","- ",37.675868988037109,-122.47959136962891,"SAN MATEO","DALY CITY",-122.47957611083984,37.675853729248047
9500974,2022,2022-10-13,4106,2022-08-16,1654,2196,1A,2,5,6,4106,0,0,0,,0,001,"GENEVA AV","PASADENA ST",0.00,,Y,A,-,N,,,,,,,,,,Y,3,0,2,3,A,-,09,21801,A,N,A,C,A,A,H,-,A,D,0,,,,,Y,,A,01,0,2,0,0,0,0,0,0,0,"- ","- ",37.687919616699219,-122.47020721435547,"SAN MATEO","DALY CITY",-122.41922760009766,37.708084106445312
9501323,2022,2022-10-18,4106,2022-09-16,1742,2146,12,5,5,6,4106,0,0,0,,0,005,"SAINT FRANCIS BL","SOUTHGATE AV",0.00,,Y,A,-,N,,,,,,,,,,N,3,0,1,2,A,-,10,21950,A,N,G,B,B,A,H,-,A,A,0,Y,,,,Y,,A,01,0,1,0,0,1,0,0,0,0,"- ","- ",37.675868988037109,-122.47959136962891,"SAN MATEO","DALY CITY",-122.47957611083984,37.675853729248047
9501840,2022,2022-10-27,4106,2022-09-27,1926,2092,8,2,5,6,4106,0,0,0,,0,004,"JOHN DALY BL","SHEFFIELD DR",85.00,W,N,A,-,N,,,,,,,,,,Y,3,0,2,4,A,-,03,22350,,N,C,C,A,A,H,-,C,A,0,,,,,Y,,D,22,0,2,0,0,0,0,0,0,0,"- ","- ",37.704071044921875,-122.47554016113281,"SAN MATEO","DALY CITY",-122.47586822509766,37.704086303710938
9502214,2022,2022-11-01,4106,2022-06-21,1624,2092,13B,2,5,6,4106,0,0,0,,0,006,"HICKEY BL","RT 280",100.00,W,N,A,-,Y,SM,4,280,-,R,24.421,R,4,S,N,4,0,1,2,A,-,07,21658,A,N,C,C,A,A,H,-,A,D,0,,,,,Y,,A,01,0,0,1,0,0,0,0,0,0,"- ","- ",37.664569854736328,-122.46901702880859,"SAN MATEO","DALY CITY",-122.46590423583984,37.666618347167969
9502715,2022,2022-09-16,4106,2022-05-21,1100,2195,13,6,5,6,4106,0,0,0,,0,006,"SOUTHGATE AV","SULLIVAN AV",250.00,W,N,A,-,N,,,,,,,,,,Y,4,0,2,2,A,-,09,21801,A,N,D,C,A,A,H,-,A,D,0,,,,,Y,,A,01,0,0,2,0,0,0,0,0,0,"- ","- ",37.675838470458984,-122.47335052490234,"SAN MATEO","DALY CITY",-122.47420501708984,37.675685882568359
9502717,2022,2022-09-16,4106,2022-05-13,2146,2135,1,5,5,6,4106,0,0,0,,0,001,"MACDONALD AV","ALLAN ST",255.00,W,N,A,-,N,,,,,,,,,,N,4,0,1,3,A,-,06,21755,,N,B,C,A,A,H,-,C,D,0,,,,,Y,Y,A,01,0,0,1,0,0,0,0,0,0,"- ","- ",37.70697021484375,-122.41165924072266,"SAN MATEO","DALY CITY",-122.41173553466797,37.706710815429688
9502718,2022,2022-09-16,4106,2022-05-10,1709,2125,5,2,5,6,4106,0,0,0,,0,003,"EDGEWORTH AV","88TH ST",0.00,,Y,A,-,N,,,,,,,,,,Y,4,0,1,3,A,-,09,21800,A,N,D,C,A,A,H,-,A,D,0,,,,,Y,,A,01,0,0,1,0,0,0,0,0,0,"- ","- ",37.692531585693359,-122.47451782226562,"SAN MATEO","DALY CITY",-122.47451019287109,37.692520141601562
9502749,2022,2022-09-19,4106,2022-07-22,2119,2151,1,5,5,6,4106,0,0,0,,0,001,"SCHWERIN ST","LIGHTPOLE AT VELASCO AV",48.00,S,N,A,-,N,,,,,,,,,,Y,3,0,1,2,A,-,08,22107,,M,E,I,A,A,H,-,C,D,0,,,,,Y,Y,A,01,0,1,0,0,0,0,0,0,0,"- ","- ",37.708019256591797,-122.41249847412109,"SAN MATEO","DALY CITY",,
9502750,2022,2022-09-19,4106,2022-07-28,0947,2202,3,4,5,6,4106,0,0,0,,0,002,"MISSION ST","EASTLAKE AV",0.00,,Y,B,-,N,,,,,,,,,,N,3,0,1,2,A,-,10,21950,A,N,G,B,B,A,H,-,A,A,0,Y,,,,Y,,A,01,0,1,0,0,1,0,0,0,0,"- ","- ",37.699478149414062,-122.4639892578125,"SAN MATEO","DALY CITY",-122.46385192871094,37.699470520019531
9502751,2022,2022-09-19,4106,2022-07-30,2345,2155,5,6,5,6,4106,0,0,0,,0,003,"SAN PEDRO RD","WASHINGTON ST",0.00,,Y,E,-,N,,,,,,,,,,Y,2,0,2,2,A,-,00,21451,,N,D,C,A,B,H,-,C,A,0,,,,,Y,,-,,1,1,0,0,0,0,0,0,0,"- ","- ",37.687839508056641,-122.46871948242188,"SAN MATEO","DALY CITY",-122.46823120117188,37.68780517578125
9502752,2022,2022-09-19,4106,2022-07-08,1400,2154,12,5,5,6,4106,0,0,0,,0,005,"SOUTHGATE AV","CARLETON AV",0.00,,Y,B,-,N,,,,,,,,,,N,3,0,1,2,A,-,10,21950,A,N,G,B,B,A,H,-,A,D,0,Y,,,,Y,,A,01,0,1,0,0,1,0,0,0,0,"- ","- ",37.682399749755859,-122.48708343505859,"SAN MATEO","DALY CITY",-122.48709106445312,37.682369232177734
9511173,2022,2023-02-01,4106,2022-12-03,2058,2135,8,6,5,6,4106,0,0,0,,0,004,"JOHN DALY BL","PONCETTA DR",302.00,E,N,A,-,N,,,,,,,,,,Y,2,0,7,2,A,-,08,22107,,N,A,C,A,B,H,-,C,D,0,,,,,Y,,-,,1,4,2,0,0,0,0,0,0,"- ","- ",37.704071044921875,-122.47554016113281,"SAN MATEO","DALY CITY",-122.47455596923828,37.704334259033203
9513647,2023,2024-02-07,4106,2023-11-12,1620,2092,5,7,5,6,4106,0,0,0,,0,003,"SULLIVAN AV","PIERCE ST",0.00,,Y,A,-,N,,,,,,,,,,Y,3,0,2,3,A,-,09,21801,A,N,A,C,A,A,H,-,A,A,0,,,,,Y,,A,01,0,2,0,0,0,0,0,0,0,"- ","- ",37.686019897460938,-122.47223663330078,"SAN MATEO","DALY CITY",-122.47222137451172,37.685997009277344
9517080,2022,2022-12-23,4106,2022-10-27,1554,2154,10,4,5,6,4106,0,0,0,,0,004,"SKYLINE BL","JOHN DALY BL",0.00,,Y,A,-,N,,,,,,,,,,Y,4,0,1,3,A,-,02,22400,A,N,C,C,A,A,H,-,A,A,0,,,,,Y,,A,01,0,0,1,0,0,0,0,0,0,"- ","- ",37.698459625244141,-122.49484252929688,"SAN MATEO","DALY CITY",-122.49485778808594,37.698444366455078
9517361,2022,2022-12-21,4106,2022-04-08,2012,2191,5,5,5,6,4106,0,0,0,,0,003,"JUNIPERO SERRA BL","D ST",13.00,N,N,A,-,N,,,,,,,,,,N,3,0,1,3,A,-,03,22350,,N,C,C,A,A,H,-,C,A,0,,,,,Y,,A,01,0,1,0,0,0,0,0,0,0,"- ","- ",37.683929443359375,-122.47080230712891,"SAN MATEO","DALY CITY",-122.47139739990234,37.683956146240234