CASE_ID,ACCIDENT_YEAR,PROC_DATE,JURIS,COLLISION_DATE,COLLISION_TIME,OFFICER_ID,REPORTING_DISTRICT,DAY_OF_WEEK,CHP_SHIFT,POPULATION,CNTY_CITY_LOC,SPECIAL_COND,BEAT_TYPE,CHP_BEAT_TYPE,CITY_DIVISION_LAPD,CHP_BEAT_CLASS,BEAT_NUMBER,PRIMARY_RD,SECONDARY_RD,DISTANCE,DIRECTION,INTERSECTION,WEATHER_1,WEATHER_2,STATE_HWY_IND,CALTRANS_COUNTY,CALTRANS_DISTRICT,STATE_ROUTE,ROUTE_SUFFIX,POSTMILE_PREFIX,POSTMILE,LOCATION_TYPE,RAMP_INTERSECTION,SIDE_OF_HWY,TOW_AWAY,COLLISION_SEVERITY,NUMBER_KILLED,NUMBER_INJURED,PARTY_COUNT,PRIMARY_COLL_FACTOR,PCF_CODE_OF_VIOL,PCF_VIOL_CATEGORY,PCF_VIOLATION,PCF_VIOL_SUBSECTION,HIT_AND_RUN,TYPE_OF_COLLISION,MVIW,PED_ACTION,ROAD_SURFACE,ROAD_COND_1,ROAD_COND_2,LIGHTING,CONTROL_DEVICE,CHP_ROAD_TYPE,PEDESTRIAN_ACCIDENT,BICYCLE_ACCIDENT,MOTORCYCLE_ACCIDENT,TRUCK_ACCIDENT,NOT_PRIVATE_PROPERTY,ALCOHOL_INVOLVED,STWD_VEHTYPE_AT_FAULT,CHP_VEHTYPE_AT_FAULT,COUNT_SEVERE_INJ,COUNT_VISIBLE_INJ,COUNT_COMPLAINT_PAIN,COUNT_PED_KILLED,COUNT_PED_INJURED,COUNT_BICYCLIST_KILLED,COUNT_BICYCLIST_INJURED,COUNT_MC_KILLED,COUNT_MC_INJURED,PRIMARY_RAMP,SECONDARY_RAMP,LATITUDE,LONGITUDE,COUNTY,CITY,POINT_X,POINT_Y
9517387,2022,2022-12-22,4106,2022-05-20,1433,2178,8,5,5,6,4106,0,0,0,,0,004,"JOHN DALY BL","PONCETTA DR",88.00,W,N,A,-,N,,,,,,,,,,N,4,0,2,3,A,-,03,22350,,N,C,C,A,A,H,-,A,A,0,,,,,Y,,A,01,0,0,2,0,0,0,0,0,0,"- ","- ",37.704071044921875,-122.47554016113281,"SAN MATEO","DALY CITY",-122.475830078125,37.7039794921875
9517388,2022,2022-12-22,4106,2022-05-05,0714,2146,4,4,5,6,4106,0,0,0,,0,003,"JUNIPERO SERRA BL","WESTLAKE AV",0.00,,Y,A,B,N,,,,,,,,,,N,4,0,1,2,A,-,17,21235,G,N,D,C,A,A,H,-,A,D,0,,,,,Y,,-,,0,0,1,0,0,0,0,0,0,"- ","- ",37.699451446533203,-122.47084808349609,"SAN MATEO","DALY CITY",-122.47083282470703,37.699489593505859
9517401,2022,2022-12-22,4106,2022-04-23,0850,2195,10,6,5,6,4106,0,0,0,,0,004,"SKYLINE BL","OLYMPIC WY",515.00,N,N,A,-,N,,,,,,,,,,N,3,0,1,2,A,-,06,21750,A,F,H,G,A,A,H,-,A,D,0,,Y,,,Y,,-,,0,1,0,0,0,0,1,0,0,"- ","- ",37.702140808105469,-122.49655914306641,"SAN MATEO","DALY CITY",-122.49658966064453,37.702121734619141
9517402,2022,2022-12-22,4106,2022-04-28,1700,2146,4,4,5,6,4106,0,0,0,,0,003,"JUNIPERO SERRA BL","JOHN DALY BL",0.00,,Y,A,-,N,,,,,,,,,,Y,3,0,1,1,A,-,08,22107,,N,E,I,A,A,H,-,A,D,0,,,,,Y,,A,01,0,1,0,0,0,0,0,0,0,"- ","- ",37.705001831054688,-122.47075653076172,"SAN MATEO","DALY CITY",-122.47087097167969,37.704978942871094
9518805,2022,2023-01-31,4106,2022-03-02,1841,2191,1,3,5,6,4106,0,0,0,,0,001,"GENEVA AV","SCHWERIN AV",0.00,,Y,A,-,N,,,,,,,,,,N,3,0,1,2,A,-,03,22350,A,N,D,C,A,A,H,-,C,A,0,,,,,Y,,A,01,0,1,0,0,0,0,0,0,0,"- ","- ",37.706451416015625,-122.41319274902344,"SAN MATEO","DALY CITY",-122.41324615478516,37.706329345703125
9518806,2022,2023-01-31,4106,2022-03-11,1520,2183,5,5,5,6,4106,0,0,0,,0,003,"MISSION ST","VALE ST",0.00,,Y,A,-,N,,,,,,,,,,Y,3,0,1,1,A,-,08,22107,,N,G,A,A,A,H,-,A,A,0,,,Y,,Y,,C,03,0,1,0,0,0,0,0,0,1,"- ","- ",37.691650390625,-122.46530151367188,"SAN MATEO","DALY CITY",-122.46546936035156,37.691604614257812
9518808,2022,2023-01-31,4106,2022-02-23,1624,2146,6,3,5,6,4106,0,0,0,,0,002,"HILLSIDE BL","THIERS ST",0.00,,Y,A,-,N,,,,,,,,,,N,3,0,1,2,A,-,03,22350,,N,G,B,E,A,H,-,A,D,0,Y,,,,Y,,A,01,0,1,0,0,1,0,0,0,0,"- ","- ",,,"SAN MATEO","DALY CITY",-122.46202850341797,37.697372436523438
9518814,2022,2023-02-02,4106,2022-05-03,0853,2191,3,2,5,6,4106,0,0,0,,0,002,"TEMPLETON AV","IRVINGTON ST",0.00,,Y,A,-,N,,,,,,,,,,N,3,0,1,2,A,-,21,22106,,N,G,B,B,A,H,-,A,D,0,Y,,,,Y,,A,01,0,1,0,0,1,0,0,0,0,"- ","- ",37.707469940185547,-122.45439147949219,"SAN MATEO","DALY CITY",-122.45439910888672,37.707454681396484
9518820,2022,2023-01-30,4106,2022-05-07,1929,2142,13,6,5,6,4106,0,0,0,,0,006,"HICKEY BL","CALLAN BL",411.00,E,N,A,-,N,,,,,,,,,,Y,3,0,2,2,A,-,03,22350,,N,C,E,A,A,H,-,B,D,0,,,,,Y,,A,07,0,1,1,0,0,0,0,0,0,"- ","- ",37.665340423583984,-122.47473907470703,"SAN MATEO","DALY CITY",-122.473388671875,37.66558837890625
9521366,2022,2022-11-10,4106,2022-08-09,0944,2113,5,2,5,6,4106,0,0,0,,0,003,"MISSION ST","SCHOOL ST",23.00,S,N,A,-,N,,,,,,,,,,N,3,0,2,2,A,-,12,21453,A,N,D,D,A,A,H,-,A,A,0,,,,,Y,,A,01,0,2,0,0,0,0,0,0,0,"- ","- ",37.693370819091797,-122.46494293212891,"SAN MATEO","DALY CITY",-122.46500396728516,37.693378448486328
9522681,2022,2022-12-21,4106,2022-10-18,1130,2154,5,2,5,6,4106,0,0,0,,0,003,"JUNIPERO SERRA BL","SAN PEDRO RD",0.00,,Y,A,-,N,,,,,,,,,,Y,3,0,2,2,A,-,17,21451,B,N,B,C,A,A,H,-,A,A,0,,,,,Y,,A,01,0,1,1,0,0,0,0,0,0,"- ","- ",37.685710906982422,-122.47077941894531,"SAN MATEO","DALY CITY",-122.47075653076172,37.685672760009766
9522682,2022,2022-12-21,4106,2022-10-07,1645,2188,1,5,5,6,4106,0,0,0,,0,001,"ACCACIA ST","GENEVA AV",0.00,,Y,A,-,N,,,,,,,,,,N,3,0,2,2,A,-,09,21802,A,N,D,C,A,A,H,-,A,D,0,,,,,Y,,-,,0,2,0,0,0,0,0,0,0,"- ","- ",37.706829071044922,-122.41496276855469,"SAN MATEO","DALY CITY",-122.41494750976562,37.706832885742188
9522683,2022,2022-12-21,4106,2022-10-08,1637,2200,6,6,5,6,4106,0,0,0,,0,002,"MISSION ST","COMO AV",0.00,,Y,A,-,N,,,,,,,,,,Y,3,0,2,2,A,-,08,22107,,N,B,C,A,A,H,-,A,D,0,,,,,Y,,A,01,0,1,1,0,0,0,0,0,0,"- ","- ",37.700199127197266,-122.46379089355469,"SAN MATEO","DALY CITY",-122.46381378173828,37.700191497802734
9522701,2022,2022-12-29,4106,2022-11-03,0650,2154,12,4,5,6,4106,0,0,0,,0,005,"EASTMOOR AV","GILMAN DR",61.00,E,N,A,-,N,,,,,,,,,,Y,4,0,1,1,A,-,08,22107,,N,C,E,A,A,H,-,C,D,0,,,,,Y,,A,01,0,0,1,0,0,0,0,0,0,"- ","- ",37.685798645019531,-122.48056793212891,"SAN MATEO","DALY CITY",-122.48122406005859,37.685802459716797
9522702,2022,2022-12-29,4106,2022-11-08,0722,2146,14,2,5,6,4106,0,0,0,,0,006,"KING DR","AMHURST CT",0.00,,Y,B,C,N,,,,,,,,,,N,3,0,1,2,A,-,03,22350,,N,B,E,A,B,H,-,A,D,0,,,,,Y,,A,01,0,1,0,0,0,0,0,0,0,"- ","- ",37.650058746337891,-122.46167755126953,"SAN MATEO","DALY CITY",-122.46168518066406,37.650070190429688
9522703,2022,2022-12-29,4106,2022-11-12,1557,2178,2,6,5,6,4106,0,0,0,,0,001,"S HILL BL","BELLEVUE AV",235.00,W,N,A,-,N,,,,,,,,,,Y,3,0,1,2,A,-,08,22107,,N,C,E,A,A,H,-,A,D,0,,,,,Y,,A,01,0,1,0,0,0,0,0,0,0,"- ","- ",37.70635986328125,-122.43750762939453,"SAN MATEO","DALY CITY",-122.43766784667969,37.706077575683594
9522799,2022,2023-01-17,4106,2022-11-06,0030,2210,1,7,5,6,4106,0,0,0,,0,001,"GENEVA AV","RIO VERDI DR",0.00,,Y,A,-,N,,,,,,,,,,Y,4,0,1,3,A,-,12,21453,,M,D,C,A,B,H,-,C,A,0,,,,,Y,Y,A,01,0,0,1,0,0,0,0,0,0,"- ","- ",37.707061767578125,-122.41580200195312,"SAN MATEO","DALY CITY",-122.41578674316406,37.707111358642578
9523247,2022,2023-01-24,4106,2022-10-26,1257,2154,1,3,5,6,4106,0,0,0,,0,001,"GENEVA AV","SCHWERIN AV",0.00,,Y,A,-,N,,,,,,,,,,Y,2,0,2,3,A,-,09,21801,A,N,E,I,A,A,H,-,A,A,0,,,,,Y,,I,20,1,0,1,0,0,0,0,0,0,"- ","- ",37.706451416015625,-122.41319274902344,"SAN MATEO","DALY CITY",-122.41324615478516,37.706329345703125
9524061,2022,2022-11-28,4106,2022-08-06,2221,2200,5,6,5,6,4106,0,0,0,,0,003,"WASHINGTON ST","HILL ST",112.00,W,N,A,-,N,,,,,,,,,,Y,2,0,3,2,A,-,08,22107,,N,A,C,A,A,H,-,C,D,0,,,,,Y,,A,01,2,1,0,0,0,0,0,0,0,"- ","- ",37.687908172607422,-122.46869659423828,"SAN MATEO","DALY CITY",-122.46907806396484,37.687911987304688
9529045,2022,2022-12-06,4106,2022-10-16,1515,2190,13A,7,5,6,4106,0,0,0,,0,006,"CALLAN BL","SERRAMONTE CENTER ENTRANCE",31.00,N,N,A,-,N,,,,,,,,,,N,3,0,1,2,A,-,09,21804,A,N,D,C,A,A,H,-,A,D,0,,,,,Y,,A,01,0,1,0,0,0,0,0,0,0,"- ","- ",37.673511505126953,-122.47074890136719,"SAN MATEO","DALY CITY",-122.47548675537109,37.669483184814453
9529047,2022,2022-11-28,4106,2022-10-01,0520,2157,3,6,5,6,4106,0,0,0,,0,002,"MISSION ST","EAST MARKET ST",0.00,,Y,A,-,N,,,,,,,,,,Y,3,0,1,1,A,-,08,22107,,N,A,J,A,A,H,-,C,A,0,,,,,Y,Y,A,01,0,1,0,0,0,0,0,0,0,"- ","- ",37.706188201904297,-122.46106719970703,"SAN MATEO","DALY CITY",-122.46591949462891,37.689571380615234
9529086,2022,2022-11-17,4106,2022-09-09,0936,2188,14,5,5,6,4106,0,0,0,,0,006,"WEMBLEY DR","CALLAN BL",0.00,,Y,A,-,N,,,,,,,,,,N,3,0,1,2,A,-,09,21803,B,N,D,C,A,A,H,-,A,D,0,,,,,Y,,A,07,0,1,0,0,0,0,0,0,0,"- ","- ",37.662010192871094,-122.4715576171875,"SAN MATEO","DALY CITY",-122.4715576171875,37.661975860595703
9529261,2022,2022-11-17,4106,2022-07-31,2358,2189,5,7,5,6,4106,0,0,0,,0,003,"JUNIPERO SERRA BL","SAN PEDRO RD",0.00,,Y,A,-,N,,,,,,,,,,Y,2,0,1,2,A,-,11,21456,B,F,G,B,E,A,H,-,C,A,0,Y,,,,Y,Y,N,60,1,0,0,0,1,0,0,0,0,"- ","- ",37.685710906982422,-122.47077941894531,"SAN MATEO","DALY CITY",-122.47075653076172,37.685672760009766
9529808,2022,2022-11-21,4106,2022-08-06,1349,1222,14,6,5,6,4106,0,0,0,,0,006,"WEMBLEY DR","CALLAN BL",19.00,W,N,A,-,N,,,,,,,,,,Y,4,0,1,2,A,-,09,21801,A,N,D,C,A,A,H,-,A,D,0,,,,,Y,,A,01,0,0,1,0,0,0,0,0,0,"- ","- ",37.662010192871094,-122.4715576171875,"SAN MATEO","DALY CITY",-122.47161865234375,37.661964416503906
9533047,2022,2023-01-19,4106,2022-11-09,1316,2146,8,3,5,6,4106,0,0,0,,0,004,"JOHN DALY BL","LAKE MERCED BL",0.00,,Y,A,-,N,,,,,,,,,,Y,2,0,3,4,A,-,00,23103,,N,G,B,F,A,H,-,A,A,0,Y,,,,Y,Y,A,01,1,2,0,0,2,0,0,0,0,"- ","- ",37.701450347900391,-122.48497772216797,"SAN MATEO","DALY CITY",-122.48490905761719,37.701442718505859
9533048,2022,2023-01-19,4106,2022-11-28,0645,2146,5,1,5,6,4106,0,0,0,,0,003,"JUNIPERO SERRA BL","WASHINGTON ST",0.00,,Y,A,-,N,,,,,,,,,,N,3,0,1,2,A,-,10,21950,A,N,G,B,B,A,H,-,B,A,0,Y,,,,Y,,A,08,0,1,0,0,1,0,0,0,0,"- ","- ",37.687908172607422,-122.47032928466797,"SAN MATEO","DALY CITY",-122.47030639648438,37.687896728515625
9533049,2022,2023-01-19,4106,2022-11-04,1735,1181,6,5,5,6,4106,0,0,0,,0,002,"PRICE ST","HILLSIDE BL",0.00,,Y,A,-,N,,,,,,,,,,N,3,0,1,2,A,-,12,22450,,N,A,C,A,A,H,-,A,A,0,,,,,Y,Y,A,01,0,1,0,0,0,0,0,0,0,"- ","- ",37.693038940429688,-122.46173095703125,"SAN MATEO","DALY CITY",-122.46173095703125,37.693027496337891
9533050,2022,2023-01-30,4106,2022-11-23,1716,2092,12,3,5,6,4106,0,0,0,,0,005,"CLARINADA AV","CALLAN BL",10.00,N,N,B,E,N,,,,,,,,,,N,4,0,1,2,A,-,10,21950,A,N,G,B,B,A,H,-,C,D,0,Y,,,,Y,,A,01,0,0,1,0,1,0,0,0,0,"- ","- ",37.671211242675781,-122.47524261474609,"SAN MATEO","DALY CITY",-122.47525024414062,37.671127319335938
9533246,2022,2023-01-25,4106,2022-10-03,1502,2206,13B,1,5,6,4106,0,0,0,,0,006,"HICKEY BL","GELLERT BL",0.00,,Y,A,-,N,,,,,,,,,,N,4,0,1,2,A,-,08,22107,,N,B,C,A,A,H,-,A,D,0,,,,,Y,,A,01,0,0,1,0,0,0,0,0,0,"- ","- ",37.664569854736328,-122.46901702880859,"SAN MATEO","DALY CITY",-122.46923065185547,37.664459228515625
9533307,2023,2023-02-16,4106,2023-01-08,"354 ",2144,5,7,5,6,4106,0,0,0,,0,003,"JUNIPERO SERRA BL","WASHINGTON ST",0.00,,Y,C,G,N,,,,,,,,,,Y,3,0,5,2,A,-,12,21453,A,N,D,C,A,B,H,-,C,A,0,,,,,Y,Y,A,01,0,4,1,0,0,0,0,0,0,"- ","- ",37.687908172607422,-122.47032928466797,"SAN MATEO","DALY CITY",-122.47030639648438,37.687896728515625
9533918,2022,2023-01-23,4106,2022-09-18,0800,2063,6,7,5,6,4106,0,0,0,,0,002,"THIERS ST","FLORENCE ST",0.00,,Y,C,-,N,,,,,,,,,,N,3,0,1,2,A,-,03,22350,,N,B,E,A,B,H,-,A,D,0,,,,,Y,,A,01,0,1,0,0,0,0,0,0,0,"- ","- ",,,"SAN MATEO","DALY CITY",-122.45880126953125,37.697551727294922
9534521,2023,2023-03-04,4106,2023-01-05,1654,2092,10,4,5,6,4106,0,0,0,,0,004,"SKYLINE BL","WESTMOOR AV",0.00,,Y,B,-,N,,,,,,,,,,Y,3,0,2,2,A,-,09,21800,D,N,A,C,A,A,H,-,A,B,0,,,,,Y,,A,01,0,2,0,0,0,0,0,0,0,"- ","- ",37.683338165283203,-122.48911285400391,"SAN MATEO","DALY CITY",-122.48910522460938,37.683341979980469
9534522,2023,2023-03-04,4106,2023-01-13,2028,2092,8,5,5,6,4106,0,0,0,,0,004,"N MAYFAIR AV","FIELDCREST DR",0.00,,Y,A,-,N,,,,,,,,,,Y,3,0,1,1,D,-,00,,,N,A,J,A,B,H,-,C,A,0,,,,,Y,,-,"- ",0,1,0,0,0,0,0,0,0,"- ","- ",37.703300476074219,-122.47989654541016,"SAN MATEO","DALY CITY",-122.47943115234375,37.703212738037109
9534523,2023,2023-03-04,4106,2023-01-19,1208,1137,6,4,5,6,4106,0,0,0,,0,002,"MISSION ST","ALP ST",0.00,,Y,A,-,N,,,,,,,,,,N,4,0,1,2,A,-,09,21803,A,N,B,G,A,A,H,-,A,A,0,,Y,,,Y,,L,04,0,0,1,0,0,0,1,0,0,"- ","- ",37.019500732421875,-122.46270751953125,"SAN MATEO","DALY CITY",-122.46343231201172,37.701602935791016
9534778,2022,2023-01-18,4106,2022-06-17,1730,2178,1,5,5,6,4106,0,0,0,,0,001,"GENEVA AV","SCHWERIN ST",0.00,,Y,A,-,N,,,,,,,,,,N,3,0,1,2,A,-,10,21950,A,N,G,B,B,A,H,-,A,A,0,Y,,,,Y,,A,01,0,1,0,0,1,0,0,0,0,"- ","- ",37.706451416015625,-122.41319274902344,"SAN MATEO","DALY CITY",-122.41324615478516,37.706329345703125
9534789,2022,2023-01-18,4106,2022-09-12,1727,2202,13A,1,5,6,4106,0,0,0,,0,006,"JOHN DALY BL","SHEFFIELD DR",0.00,,Y,A,-,N,,,,,,,,,,N,4,0,1,2,A,-,03,22350,,N,C,C,A,-,H,-,A,A,0,,,,,Y,,A,01,0,0,1,0,0,0,0,0,0,"- ","- ",37.669109344482422,-122.46880340576172,"SAN MATEO","DALY CITY",-122.47559356689453,37.704166412353516
9535172,2022,2023-02-10,4106,2022-11-08,1907,2092,4,2,5,6,4106,0,0,0,,0,003,"MISSION ST","VISTA GRANDE ST",0.00,,Y,B,-,N,,,,,,,,,,N,3,0,1,2,A,-,12,21453,A,N,B,C,A,B,H,-,C,A,0,,,,,Y,,A,01,0,1,0,0,0,0,0,0,0,"- ","- ",37.703178405761719,-122.46282196044922,"SAN MATEO","DALY CITY",-122.46298980712891,37.70318603515625
9535173,2022,2023-02-10,4106,2022-11-07,2320,2092,4,1,5,6,4106,0,0,0,,0,003,"WESTLAKE AV","JUNIPERO SERRA BL",0.00,,Y,A,-,N,,,,,,,,,,N,3,0,1,2,A,-,10,21950,A,F,G,B,B,A,H,-,C,A,0,Y,,,,Y,,A,01,0,1,0,0,1,0,0,0,0,"- ","- ",37.699451446533203,-122.47084808349609,"SAN MATEO","DALY CITY",-122.47083282470703,37.699489593505859
9535174,2022,2023-02-10,4106,2022-11-08,1815,2184,,2,5,6,4106,0,0,0,,0,,"CLARINADA AV","CALLAN BL",25.00,W,N,C,-,N,,,,,,,,,,N,3,0,5,2,A,-,04,21703,,N,C,C,A,B,H,-,C,D,0,,,,,Y,,A,01,0,5,0,0,0,0,0,0,0,"- ","- ",,,"SAN MATEO","DALY CITY",-122.47530364990234,37.671134948730469
9535175,2022,2023-02-10,4106,2022-11-29,1415,2092,1,2,5,6,4106,0,0,0,,0,001,"GENEVA AV","RIO VERDE ST",0.00,,Y,A,-,N,,,,,,,,,,N,3,0,1,2,A,-,03,22350,,N,C,C,A,A,H,-,A,A,0,,,,,Y,,A,01,0,1,0,0,0,0,0,0,0,"- ","- ",37.707061767578125,-122.41580200195312,"SAN MATEO","DALY CITY",-122.41578674316406,37.707111358642578
9535176,2022,2023-02-10,4106,2022-11-16,2041,2200,5,3,5,6,4106,0,0,0,,0,003,"SULLIVAN AV","PIERCE ST",0.00,,Y,A,-,N,,,,,,,,,,Y,3,0,2,2,A,-,09,21801,,N,D,C,A,A,H,-,C,A,0,,,,,Y,,A,01,0,1,1,0,0,0,0,0,0,"- ","- ",37.686019897460938,-122.47223663330078,"SAN MATEO","DALY CITY",-122.47222137451172,37.685997009277344
9535177,2022,2023-02-17,4106,2022-11-18,1454,2189,9,5,5,6,4106,0,0,0,,0,004,"WESTMOOR AV","RT 35",50.00,E,N,A,-,Y,SM,4,35,-,-,29.700,I,6,N,N,3,0,1,2,A,-,04,21703,,N,C,C,A,A,H,-,A,D,0,,,,,Y,,A,01,0,1,0,0,0,0,0,0,0,"- ","- ",37.683338165283203,-122.48911285400391,"SAN MATEO","DALY CITY",-122.48912048339844,37.683361053466797
9535532,2023,2023-03-02,4106,2023-01-10,1500,2154,5,2,5,6,4106,0,0,0,,0,003,"SAN PEDRO RD","ALLEMANY ST",0.00,,Y,B,-,N,,,,,,,,,,Y,4,0,1,2,A,-,09,21802,,N,D,C,A,A,H,-,A,D,0,,,,,Y,,A,01,0,0,1,0,0,0,0,0,0,"- ","- ",37.688388824462891,-122.46759033203125,"SAN MATEO","DALY CITY",-122.46762084960938,37.688346862792969
9535796,2022,2023-02-14,4106,2022-09-03,2500,2155,14,6,5,6,4106,0,0,0,,0,006,"GELLERT BL","DOVER CT",0.00,,Y,A,-,N,,,,,,,,,,N,4,0,1,1,A,-,08,22107,,M,E,I,A,A,H,-,C,D,0,,,,,Y,,A,01,0,0,1,0,0,0,0,0,0,"- ","- ",37.662090301513672,-122.46913146972656,"SAN MATEO","DALY CITY",-122.46925354003906,37.662055969238281
9535833,2022,2023-02-13,4106,2022-12-01,1938,2065,13,4,5,6,4106,0,0,0,,0,006,"CALLAN BL","SOUTHGATE AV",600.00,S,N,B,-,N,,,,,,,,,,N,3,0,1,3,A,-,09,21801,A,N,B,C,A,A,H,-,A,D,0,,,,,Y,,A,01,0,1,0,0,0,0,0,0,0,"- ","- ",37.675758361816406,-122.47190093994141,"SAN MATEO","DALY CITY",-122.47267150878906,37.674228668212891
9535834,2022,2023-02-14,4106,2022-12-20,2015,,6,2,5,6,4106,0,0,0,,0,002,"HILLSIDE BL","GAMBETTA ST",0.00,,Y,A,-,N,,,,,,,,,,N,3,0,2,2,A,-,09,21800,B,N,B,C,A,A,H,-,C,A,0,,,,,Y,,A,01,0,2,0,0,0,0,0,0,0,"- ","- ",37.698841094970703,-122.46209716796875,"SAN MATEO","DALY CITY",-122.46209716796875,37.698829650878906
9535835,2022,2023-02-14,4106,2022-12-28,2054,2215,9A,3,5,6,4106,0,0,0,,0,004,"PALMCREST DR","SOUTHGATE AV",0.00,,Y,A,-,N,,,,,,,,,,Y,3,0,2,3,A,-,12,22450,A,N,G,B,B,A,H,-,B,A,0,Y,,,,Y,,A,01,0,2,0,0,2,0,0,0,0,"- ","- ",37.697978973388672,-122.48175811767578,"SAN MATEO","DALY CITY",-122.48182678222656,37.698047637939453
9535836,2022,2023-02-23,4106,2022-12-17,1701,2201,1,6,5,6,4106,0,0,0,,0,001,"GENEVA AV","COW PALACE ENTERANCE",99.00,E,N,A,-,N,,,,,,,,,,N,3,0,2,3,A,-,03,22350,,N,C,C,A,A,H,-,A,D,0,,,,,Y,,A,01,0,2,0,0,0,0,0,0,0,"- ","- ",37.706771850585938,-122.41474151611328,"SAN MATEO","DALY CITY",,
9535837,2022,2023-02-13,4106,2022-12-16,1430,2137,3,5,5,6,4106,0,0,0,,0,002,"MISSION ST","ALP AV",100.00,W,N,A,-,N,,,,,,,,,,N,4,0,1,2,A,-,04,21703,,N,C,C,A,A,H,-,A,A,0,,,,,Y,,A,01,0,0,1,0,0,0,0,0,0,"- ","- ",37.708038330078125,-122.45565795898438,"SAN MATEO","DALY CITY",-122.46348571777344,37.701328277587891
9535838,2022,2023-02-13,4106,2022-12-14,0747,2146,5,3,5,6,4106,0,0,0,,0,003,"MISSION ST","E MOLTKE ST",0.00,,Y,A,-,N,,,,,,,,,,N,4,0,2,3,A,-,09,21802,A,N,D,C,A,A,H,-,A,D,0,,,,,Y,,A,01,0,0,2,0,0,0,0,0,0,"- ","- ",37.694389343261719,-122.46476745605469,"SAN MATEO","DALY CITY",-122.46479034423828,37.694412231445312
9535839,2022,2023-02-14,4106,2022-12-29,1922,2200,8,4,5,6,4106,0,0,0,,0,004,"SHEFFIELD DR","JOHN DALY BL",0.00,,Y,B,C,N,,,,,,,,,,Y,3,0,1,1,A,-,16,26708,,N,E,I,A,D,G,-,C,D,0,,,,,Y,,A,01,0,1,0,0,0,0,0,0,0,"- ","- ",37.704071044921875,-122.47554016113281,"SAN MATEO","DALY CITY",-122.47559356689453,37.704166412353516
9536115,2022,2022-12-28,4106,2022-06-07,0957,1232,4,2,5,6,4106,0,0,0,,0,003,"JUNIPERO SERRA BL","WESTLAKE AV",0.00,,Y,A,-,N,,,,,,,,,,N,4,0,1,2,A,-,04,21703,,N,C,C,A,A,H,-,A,A,0,,,,,Y,,A,01,0,0,1,0,0,0,0,0,0,"- ","- ",37.699451446533203,-122.47084808349609,"SAN MATEO","DALY CITY",-122.47083282470703,37.699489593505859
9536129,2022,2022-12-21,4106,2022-03-10,1010,1222,7,4,5,6,4106,0,0,0,,0,002,"HOFFMAN ST","LAUSANNE AV",158.00,E,N,A,-,N,,,,,,,,,,N,4,0,1,2,A,-,08,22107,,M,C,E,A,A,H,-,A,D,0,,,,,Y,,-,99,0,0,1,0,0,0,0,0,0,"- ","- ",37.688930511474609,-122.45522308349609,"SAN MATEO","DALY CITY",-122.45489501953125,37.689277648925781
9536324,2022,2023-11-22,4106,2022-08-28,2235,2205,12,7,5,6,4106,0,0,0,,0,005,"SOUTHGATE AV","ESCUELA DR",0.00,,N,A,-,N,,,,,,,,,,N,4,0,1,2,A,-,11,21955,,N,G,B,D,A,H,-,C,D,0,Y,,,,Y,,N,60,0,0,1,0,1,0,0,0,0,"- ","- ",,,"SAN MATEO","DALY CITY",-122.47785186767578,37.675609588623047
9536380,2022,2023-01-11,4106,2022-12-04,1640,2190,13,7,5,6,4106,0,0,0,,0,006,"SAINT FRANCIS BL","CLARINADA AV",255.00,S,N,A,-,N,,,,,,,,,,N,3,0,1,2,A,-,01,23152,A,N,D,C,A,A,H,-,B,D,0,,,,,Y,Y,A,01,0,1,0,0,0,0,0,0,0,"- ","- ",37.671218872070312,-122.48017120361328,"SAN MATEO","DALY CITY",-122.48014831542969,37.670528411865234
9536384,2022,2023-01-20,4106,2022-12-06,1230,2154,13,2,5,6,4106,0,0,0,,0,006,"SKYLINE BL","HICKEY BL",0.00,,Y,B,-,Y,SM,4,35,-,-,27.910,H,-,N,Y,4,0,2,3,A,-,12,21453,A,N,C,C,A,A,H,-,A,A,0,,,,,Y,,A,07,0,0,2,0,0,0,0,0,0,"- ","- ",37.660568237304688,-122.47592163085938,"SAN MATEO","DALY CITY",-122.47570037841797,37.660324096679688
9536754,2022,2022-12-12,4106,2022-03-26,1539,2154,3,6,5,6,4106,0,0,0,,0,002,"MISSION ST","EVERGREEN AV",0.00,,Y,B,-,N,,,,,,,,,,N,3,0,1,2,A,-,10,21950,A,N,G,B,B,A,H,-,A,D,0,Y,,,,Y,,A,01,0,1,0,0,1,0,0,0,0,"- ","- ",37.707401275634766,-122.45670318603516,"SAN MATEO","DALY CITY",-122.45673370361328,37.707416534423828