CASE_ID,ACCIDENT_YEAR,PROC_DATE,JURIS,COLLISION_DATE,COLLISION_TIME,OFFICER_ID,REPORTING_DISTRICT,DAY_OF_WEEK,CHP_SHIFT,POPULATION,CNTY_CITY_LOC,SPECIAL_COND,BEAT_TYPE,CHP_BEAT_TYPE,CITY_DIVISION_LAPD,CHP_BEAT_CLASS,BEAT_NUMBER,PRIMARY_RD,SECONDARY_RD,DISTANCE,DIRECTION,INTERSECTION,WEATHER_1,WEATHER_2,STATE_HWY_IND,CALTRANS_COUNTY,CALTRANS_DISTRICT,STATE_ROUTE,ROUTE_SUFFIX,POSTMILE_PREFIX,POSTMILE,LOCATION_TYPE,RAMP_INTERSECTION,SIDE_OF_HWY,TOW_AWAY,COLLISION_SEVERITY,NUMBER_KILLED,NUMBER_INJURED,PARTY_COUNT,PRIMARY_COLL_FACTOR,PCF_CODE_OF_VIOL,PCF_VIOL_CATEGORY,PCF_VIOLATION,PCF_VIOL_SUBSECTION,HIT_AND_RUN,TYPE_OF_COLLISION,MVIW,PED_ACTION,ROAD_SURFACE,ROAD_COND_1,ROAD_COND_2,LIGHTING,CONTROL_DEVICE,CHP_ROAD_TYPE,PEDESTRIAN_ACCIDENT,BICYCLE_ACCIDENT,MOTORCYCLE_ACCIDENT,TRUCK_ACCIDENT,NOT_PRIVATE_PROPERTY,ALCOHOL_INVOLVED,STWD_VEHTYPE_AT_FAULT,CHP_VEHTYPE_AT_FAULT,COUNT_SEVERE_INJ,COUNT_VISIBLE_INJ,COUNT_COMPLAINT_PAIN,COUNT_PED_KILLED,COUNT_PED_INJURED,COUNT_BICYCLIST_KILLED,COUNT_BICYCLIST_INJURED,COUNT_MC_KILLED,COUNT_MC_INJURED,PRIMARY_RAMP,SECONDARY_RAMP,LATITUDE,LONGITUDE,COUNTY,CITY,POINT_X,POINT_Y
9536755,2022,2022-12-12,4106,2022-03-09,1910,2184,13A,3,5,6,4106,0,0,0,,0,006,"SERRAMONTE CTR","CALLAN BL",0.00,,Y,A,-,N,,,,,,,,,,N,4,0,2,3,A,-,10,21950,A,M,G,B,D,A,H,-,C,D,0,Y,,,,Y,,-,,0,0,2,0,2,0,0,0,0,"- ","- ",37.673511505126953,-122.47074890136719,"SAN MATEO","DALY CITY",-122.47547149658203,37.669399261474609
9538592,2022,2023-01-06,4106,2022-05-24,1236,2146,1,2,5,6,4106,0,0,0,,0,001,"GENEVA AV","ALLAN ST",0.00,,Y,A,-,N,,,,,,,,,,Y,4,0,1,1,A,-,08,22107,,M,E,I,A,A,H,-,A,D,0,,,,,Y,,A,07,0,0,1,0,0,0,0,0,0,"- ","- ",37.705551147460938,-122.4102783203125,"SAN MATEO","DALY CITY",-122.41120910644531,37.705825805664062
9538601,2022,2023-01-04,4106,2022-06-16,2500,2203,14,4,5,6,4106,0,0,0,,0,006,"GELLERT BL","HICKEY BL",0.00,,Y,A,-,N,,,,,,,,,,Y,3,0,4,2,A,-,08,22107,,N,B,C,A,A,H,-,A,A,0,,,,,Y,,-,,0,4,0,0,0,0,0,0,0,"- ","- ",37.664421081542969,-122.46907043457031,"SAN MATEO","DALY CITY",-122.46923065185547,37.664459228515625
9538602,2022,2023-01-04,4106,2022-06-23,0843,2146,3,4,5,6,4106,0,0,0,,0,002,"GOETHE ST","MISSION ST",0.00,,Y,A,B,N,,,,,,,,,,N,3,0,1,2,A,-,17,21235,G,N,D,C,A,A,H,-,A,D,0,,,,,Y,,-,,0,1,0,0,0,0,0,0,0,"- ","- ",,,"SAN MATEO","DALY CITY",-122.45718383789062,37.707271575927734
9538607,2022,2023-01-04,4106,2022-06-10,0715,2154,6,5,5,6,4106,0,0,0,,0,002,"GAMBETTA ST","MISSION ST",0.00,,Y,A,-,N,,,,,,,,,,N,3,0,1,2,A,-,12,22450,,N,G,B,B,A,H,-,A,D,0,Y,,,,Y,,A,01,0,1,0,0,1,0,0,0,0,"- ","- ",37.698848724365234,-122.4639892578125,"SAN MATEO","DALY CITY",-122.46400451660156,37.698829650878906
9541092,2022,2023-01-30,4106,2022-08-10,0320,2133,7,3,5,6,4106,0,0,0,,0,002,"HOFFMAN ST","FLORENCE ST",66.00,E,N,A,-,N,,,,,,,,,,Y,3,0,1,4,A,-,01,23152,A,M,B,C,A,A,H,-,C,D,0,,,,,Y,Y,-,,0,1,0,0,0,0,0,0,0,"- ","- ",37.689510345458984,-122.45469665527344,"SAN MATEO","DALY CITY",-122.45458221435547,37.689659118652344
9542982,2022,2023-01-10,4106,2022-02-13,0500,2174,3,7,5,6,4106,0,0,0,,0,002,"WINCHESTER ST","EVERGREEN AV",141.00,E,N,A,-,N,,,,,,,,,,N,4,0,1,4,A,-,03,22350,,M,C,E,A,A,H,-,C,D,0,,,,,Y,,A,01,0,0,1,0,0,0,0,0,0,"- ","- ",37.706451416015625,-122.45217132568359,"SAN MATEO","DALY CITY",-122.45521545410156,37.705612182617188
9542988,2022,2023-01-24,4106,2022-05-04,1817,2138,13A,3,5,6,4106,0,0,0,,0,006,"CALLAN BL","50 FT N OF CLARINADA AVE.",16.00,E,N,A,-,N,,,,,,,,,,Y,3,0,2,2,D,-,00,,,N,A,C,A,A,H,-,A,A,0,,,,,Y,,-,"- ",0,2,0,0,0,0,0,0,0,"- ","- ",,,"SAN MATEO","DALY CITY",-122.47518920898438,37.671154022216797
9543001,2022,2023-01-20,4106,2022-05-10,2130,2184,,2,5,6,4106,0,0,0,,0,,"JOHN DALY BL","RT 280",68.00,W,N,A,-,Y,SM,4,280,-,R,0.143,R,4,S,Y,3,0,1,2,A,-,12,21453,A,F,A,C,A,A,H,-,C,A,0,,,,,Y,,A,07,0,1,0,0,0,0,0,0,0,"- ","- ",,,"SAN MATEO","DALY CITY",-122.19654083251953,37.409503936767578
9543002,2022,2023-01-11,4106,2022-04-07,1415,2092,5,4,5,6,4106,0,0,0,,0,003,"JUNIPERO SERRA BL","SAN PEDRO RD",105.00,N,N,A,-,N,,,,,,,,,,Y,3,0,2,1,A,-,08,22107,,N,E,I,A,A,H,-,A,A,0,,,,,Y,,A,01,0,2,0,0,0,0,0,0,0,"- ","- ",37.685710906982422,-122.47077941894531,"SAN MATEO","DALY CITY",-122.4713134765625,37.685741424560547
9543003,2022,2023-01-11,4106,2022-05-24,1800,2187,5,2,5,6,4106,0,0,0,,0,003,"WASHINGTON ST","JUNIPERO SERRA BL",149.00,E,N,A,-,N,,,,,,,,,,N,3,0,1,2,A,-,04,21703,,F,B,C,A,A,H,-,A,D,0,,,Y,,Y,,A,01,0,1,0,0,0,0,0,0,1,"- ","- ",,,"SAN MATEO","DALY CITY",-122.46979522705078,37.687908172607422
9543004,2022,2023-01-11,4106,2022-05-14,1145,2154,14,6,5,6,4106,0,0,0,,0,006,"GELLERT BL","PLYMOUTH CIR",0.00,,Y,A,-,N,,,,,,,,,,N,4,0,2,2,A,-,03,22350,,N,C,C,A,A,H,-,A,D,0,,,,,Y,,-,,0,0,2,0,0,0,0,0,0,"- ","- ",37.651058197021484,-122.45658111572266,"SAN MATEO","DALY CITY",-122.45658111572266,37.651050567626953
9543005,2022,2023-01-11,4106,2022-07-15,1147,2201,3,5,5,6,4106,0,0,0,,0,002,"MISSION ST","TEMPLETONE ST",0.00,,Y,A,-,N,,,,,,,,,,N,3,0,1,2,A,-,09,21800,C,N,B,C,A,A,H,-,A,A,0,,,,,Y,,A,01,0,1,0,0,0,0,0,0,0,"- ","- ",37.707969665527344,-122.45498657226562,"SAN MATEO","DALY CITY",-122.45504760742188,37.708000183105469
9543013,2022,2023-01-10,4106,2022-09-23,1239,2188,5,5,5,6,4106,0,0,0,,0,003,"SAN PEDRO RD","WASHINGTON ST",0.00,,Y,A,-,N,,,,,,,,,,N,4,0,1,2,A,-,09,21801,A,N,B,D,A,A,H,-,A,A,0,,,,,Y,,A,07,0,0,1,0,0,0,0,0,0,"- ","- ",37.687839508056641,-122.46820831298828,"SAN MATEO","DALY CITY",-122.46823120117188,37.68780517578125
9543014,2022,2023-01-10,4106,2022-08-17,1739,2069,12,3,5,6,4106,0,0,0,,0,005,"SOUTHGATE AV","SULLIVAN AV",258.00,W,N,E,-,N,,,,,,,,,,N,4,0,1,2,A,-,04,21703,,N,D,C,A,A,H,-,A,D,0,,,,,Y,,A,07,0,0,1,0,0,0,0,0,0,"- ","- ",37.675239562988281,-122.47509002685547,"SAN MATEO","DALY CITY",-122.47423553466797,37.675682067871094
9543051,2022,2023-01-13,4106,2022-11-26,1651,2092,4,6,5,6,4106,0,0,0,,0,003,"MISSION ST","ALP AV",15.00,N,N,A,-,N,,,,,,,,,,Y,3,0,1,2,A,-,03,22350,,N,C,C,A,A,H,-,A,D,0,,,,,Y,Y,A,01,0,1,0,0,0,0,0,0,0,"- ","- ",37.701641082763672,-122.46354675292969,"SAN MATEO","DALY CITY",-122.46334838867188,37.701587677001953
9543053,2022,2023-01-13,4106,2022-11-26,1120,2092,4,6,5,6,4106,0,0,0,,0,003,"MISSION ST","CITRUS AV",4.00,S,N,A,-,N,,,,,,,,,,N,3,0,1,2,A,-,10,21950,A,N,G,B,B,A,H,-,A,A,0,Y,,,,Y,,A,01,0,1,0,0,1,0,0,0,0,"- ","- ",37.697669982910156,-122.46427917480469,"SAN MATEO","DALY CITY",-122.46434783935547,37.697677612304688
9543054,2022,2023-01-13,4106,2022-11-15,1200,2154,13B,2,5,6,4106,0,0,0,,0,006,"GELLERT BL","SERRAMONTE BL",722.00,S,N,A,-,N,,,,,,,,,,Y,4,0,2,3,A,-,09,21453,C,N,D,C,A,A,H,-,A,A,0,,,,,Y,,A,01,0,0,2,0,0,0,0,0,0,"- ","- ",37.669090270996094,-122.46898651123047,"SAN MATEO","DALY CITY",-122.46878051757812,37.667083740234375
9543056,2022,2023-01-13,4106,2022-11-13,0839,2200,14,7,5,6,4106,0,0,0,,0,006,"GELLERT BL","KING DR",30.00,W,N,A,-,N,,,,,,,,,,Y,2,0,3,2,A,-,12,22450,A,N,D,C,A,A,H,-,A,A,0,,,,,Y,,A,01,1,2,0,0,0,0,0,0,0,"- ","- ",37.650531768798828,-122.45571899414062,"SAN MATEO","DALY CITY",-122.45576477050781,37.650550842285156
9543061,2022,2023-02-17,4106,2022-12-08,1348,2146,5,4,5,6,4106,0,0,0,,0,003,"JUNIPER SERRA BL","D ST",0.00,,Y,A,B,Y,SM,4,280,-,R,25.176,R,4,N,N,3,0,2,2,D,-,00,,,N,D,C,A,A,H,-,A,A,0,,,,,Y,,-,"- ",0,1,1,0,0,0,0,0,0,"- ","- ",37.683929443359375,-122.47080230712891,"SAN MATEO","DALY CITY",-122.47053527832031,37.676658630371094
9543064,2022,2023-02-01,4106,2022-12-06,0709,2146,3,2,5,6,4106,0,0,0,,0,002,"BELLEVUE AV","WHITTIER ST",0.00,,Y,A,-,N,,,,,,,,,,N,3,0,1,2,A,-,21,22106,,N,G,B,F,B,H,-,B,D,0,Y,,,,Y,,A,01,0,1,0,0,1,0,0,0,0,"- ","- ",37.706588745117188,-122.44634246826172,"SAN MATEO","DALY CITY",-122.44635009765625,37.706588745117188
9543091,2022,2023-02-07,4106,2022-12-25,0113,2178,3,7,5,6,4106,0,0,0,,0,002,"ACTON ST","FRANKFORT ST",56.00,N,N,A,-,N,,,,,,,,,,N,3,0,2,3,A,-,01,23153,A,N,A,E,E,A,H,-,C,D,0,Y,,,,Y,Y,A,01,0,1,1,0,1,0,0,0,0,"- ","- ",37.704429626464844,-122.44998931884766,"SAN MATEO","DALY CITY",-122.45012664794922,37.704536437988281
9543092,2022,2023-02-07,4106,2022-12-08,1715,2092,2,4,5,6,4106,0,0,0,,0,001,"S HILL BL","BELLEVUE AV",18.00,S,N,A,-,N,,,,,,,,,,N,3,0,1,2,A,-,09,21802,A,N,B,C,A,B,H,-,C,D,0,,,,,Y,,A,01,0,1,0,0,0,0,0,0,0,"- ","- ",37.706340789794922,-122.43692779541016,"SAN MATEO","DALY CITY",-122.43700408935547,37.706340789794922
9543207,2022,2023-01-10,4106,2022-10-18,1615,2154,4,2,5,6,4106,0,0,0,,0,003,"MISSION ST","PARKVIEW AV",0.00,,Y,A,-,N,,,,,,,,,,N,3,0,1,2,A,-,09,21801,A,N,A,C,A,A,H,-,A,D,0,,,,,Y,,A,01,0,1,0,0,0,0,0,0,0,"- ","- ",37.701301574707031,-122.46334075927734,"SAN MATEO","DALY CITY",-122.4635009765625,37.701271057128906
9543410,2022,2023-01-18,4106,2022-09-27,1211,2146,8,2,5,6,4106,0,0,0,,0,004,"JOHN DALY BL","PONCETTA DR",0.00,,Y,A,-,N,,,,,,,,,,Y,3,0,4,4,A,-,03,22350,,N,C,C,A,A,H,-,A,A,0,,,,,Y,,A,07,0,2,2,0,0,0,0,0,0,"- ","- ",37.704071044921875,-122.47554016113281,"SAN MATEO","DALY CITY",-122.47554016113281,37.704059600830078
9543438,2022,2023-01-18,4106,2022-06-28,2040,2184,9A,2,5,6,4106,0,0,0,,0,004,"JOHN DALY BL","PONCETTA DR",270.00,E,N,A,-,N,,,,,,,,,,N,3,0,1,2,A,-,21,22106,,N,C,C,A,A,H,-,C,A,0,,,,,Y,,A,01,0,1,0,0,0,0,0,0,0,"- ","- ",37.704071044921875,-122.47554016113281,"SAN MATEO","DALY CITY",-122.47466278076172,37.704307556152344
9543590,2022,2023-01-11,4106,2022-11-19,1150,2145,5,6,5,6,4106,0,0,0,,0,003,"89TH ST","EDGEWORTH AV",0.00,,Y,A,-,N,,,,,,,,,,N,3,0,1,2,A,-,09,21800,A,N,G,B,E,A,H,-,A,D,0,Y,,,,Y,,N,60,0,1,0,0,1,0,0,0,0,"- ","- ",37.691818237304688,-122.4744873046875,"SAN MATEO","DALY CITY",-122.47451019287109,37.691802978515625
9543713,2022,2023-01-30,4106,2022-11-18,0915,2188,13,5,5,6,4106,0,0,0,,0,006,"LAKESHIRE DR","HIGATE DR",0.00,,Y,A,-,N,,,,,,,,,,N,3,0,1,2,A,-,10,21950,A,F,G,-,B,A,H,-,A,D,0,Y,,,,Y,,-,,0,1,0,0,1,0,0,0,0,"- ","- ",37.669570922851562,-122.48242950439453,"SAN MATEO","DALY CITY",-122.48274230957031,37.669059753417969
9543756,2022,2023-02-06,4106,2022-12-15,1740,2092,5,4,5,6,4106,0,0,0,,0,003,"SAN PEDRO RD","HILL ST",100.00,W,N,A,-,N,,,,,,,,,,N,4,0,1,2,A,-,03,22350,,N,C,C,A,A,H,-,C,A,0,,,,,Y,,A,01,0,0,1,0,0,0,0,0,0,"- ","- ",37.686080932617188,-122.46926879882812,"SAN MATEO","DALY CITY",-122.46930694580078,37.686897277832031
9546381,2023,2023-03-03,4106,2023-01-01,"41  ",2142,3,7,5,6,4106,0,0,0,,0,002,"WELLINGTON AV","BRUNSWICK ST",36.00,W,N,A,-,N,,,,,,,,,,N,4,0,1,2,A,-,13,22515,A,N,B,E,A,A,H,-,C,D,0,,,,,Y,,A,01,0,0,1,0,0,0,0,0,0,"- ","- ",37.704860687255859,-122.45987701416016,"SAN MATEO","DALY CITY",-122.45998382568359,37.704902648925781
9546382,2023,2023-03-03,4106,2023-01-15,"800 ",2189,3,7,5,6,4106,0,0,0,,0,002,"MISSION ST","MISSION ST 6100",0.00,,-,F,-,N,,,,,,,,,,N,4,0,1,2,A,-,00,21954,,N,A,B,D,B,D,-,A,D,0,Y,,,,Y,,N,60,0,0,1,0,1,0,0,0,0,"- ","- ",37.707359313964844,-122.45816040039062,"SAN MATEO","DALY CITY",-122.46112823486328,37.706245422363281
9546486,2023,2023-04-18,4106,2023-02-04,"117 ",2151,11,6,5,6,4106,0,0,0,,0,005,"SKYLINE DR","BELCREST AV",778.00,S,N,A,-,N,,,,,,,,,,N,4,0,1,3,A,-,01,23152,A,N,B,E,A,A,H,-,C,D,0,,,,,Y,Y,A,07,0,0,1,0,0,0,0,0,0,"- ","- ",37.665729522705078,-122.48660278320312,"SAN MATEO","DALY CITY",-122.48564147949219,37.662353515625
9546591,2022,2023-02-16,4106,2022-12-03,2130,2144,9,6,5,6,4106,0,0,0,,0,004,"WESTMOOR AV","SOUTHGATE AV",0.00,,Y,C,-,N,,,,,,,,,,N,3,0,1,2,A,-,12,22450,A,M,D,C,A,B,H,-,C,A,0,,,,,Y,,A,01,0,1,0,0,0,0,0,0,0,"- ","- ",37.683071136474609,-122.48706817626953,"SAN MATEO","DALY CITY",-122.48709106445312,37.683071136474609
9546721,2022,2023-02-21,4106,2022-12-04,1801,2201,14,7,5,6,4106,0,0,0,,0,006,"CALLAN BL","MORTON DR",0.00,,Y,C,-,N,,,,,,,,,,N,3,0,1,2,A,-,10,21950,,N,G,B,B,D,H,-,C,A,0,Y,,,,Y,,A,01,0,1,0,0,1,0,0,0,0,"- ","- ",37.657470703125,-122.47044372558594,"SAN MATEO","DALY CITY",-122.47045135498047,37.657466888427734
9546842,2022,2023-03-02,4106,2022-11-25,2056,2135,5,5,5,6,4106,0,0,0,,0,003,"87TH ST","WASHINGTON ST",250.00,E,N,A,-,N,,,,,,,,,,Y,4,0,1,5,A,-,01,23152,A,N,F,-,A,A,H,-,C,D,0,,,,,Y,Y,A,01,0,0,1,0,0,0,0,0,0,"- ","- ",37.693008422851562,-122.47743988037109,"SAN MATEO","DALY CITY",-122.47737884521484,37.693233489990234
9547054,2022,2023-02-17,4106,2022-11-09,1320,2093,13B,3,5,6,4106,0,0,0,,0,006,"GELLER BL","HICKEY BL",5.00,N,N,A,-,N,,,,,,,,,,N,3,0,1,2,A,-,11,21456,B,N,A,G,A,A,H,-,A,A,0,,Y,,,Y,,L,04,0,1,0,0,0,0,1,0,0,"- ","- ",37.664569854736328,-122.46901702880859,"SAN MATEO","DALY CITY",-122.46904754638672,37.664566040039062
9547394,2022,2023-02-28,4106,2022-12-21,1758,2092,5,3,5,6,4106,0,0,0,,0,003,"SULLIVAN AV",92ND,90.00,N,N,A,-,N,,,,,,,,,,Y,3,0,1,2,A,-,08,22107,,N,C,E,A,A,H,-,D,D,0,,,,,Y,,A,01,0,1,0,0,0,0,0,0,0,"- ","- ",37.690399169921875,-122.47219848632812,"SAN MATEO","DALY CITY",-122.47219085693359,37.689956665039062
9547582,2022,2023-02-28,4106,2022-07-08,1833,2201,10,5,5,6,4106,0,0,0,,0,004,"SKYLINE BL","JOHN DALY BL",0.00,,Y,A,-,N,,,,,,,,,,N,3,0,1,3,A,-,12,21453,A,N,A,C,A,A,H,-,A,A,0,,,,,Y,,A,01,0,1,0,0,0,0,0,0,0,"- ","- ",37.698459625244141,-122.49484252929688,"SAN MATEO","DALY CITY",-122.49485778808594,37.698444366455078
9547790,2023,2023-03-04,4106,2023-02-08,1318,2213,12,3,5,6,4106,0,0,0,,0,005,"SAINT FRANCIS BL","SAN FERNANDO WY",25.00,S,N,A,-,N,,,,,,,,,,Y,3,0,1,3,A,-,01,23152,A,N,C,C,A,A,H,-,A,D,0,,,,,Y,Y,A,01,0,1,0,0,0,0,0,0,0,"- ","- ",37.681678771972656,-122.47852325439453,"SAN MATEO","DALY CITY",-122.47873687744141,37.681007385253906
9547999,2022,2023-03-07,4106,2022-12-12,2050,2161,4,1,5,6,4106,0,0,0,,0,003,"JOHN DALY BL","SHEFFIELD DR",430.00,E,N,A,-,N,,,,,,,,,,N,3,0,1,2,A,-,08,22107,,N,B,C,A,A,H,-,C,D,0,,,,,Y,,A,01,0,1,0,0,0,0,0,0,0,"- ","- ",37.705001831054688,-122.47075653076172,"SAN MATEO","DALY CITY",-122.47416687011719,37.704517364501953
9548085,2022,2023-02-28,4106,2022-12-21,1133,2154,4,3,5,6,4106,0,0,0,,0,003,"MISSION ST","BISMARK ST",102.00,N,N,A,-,N,,,,,,,,,,Y,4,0,1,2,A,-,08,22107,,N,C,C,A,A,H,-,A,D,0,,,,,Y,,A,01,0,0,1,0,0,0,0,0,0,"- ","- ",,,"SAN MATEO","DALY CITY",-122.46466827392578,37.696048736572266
9548279,2023,2023-03-02,4106,2023-01-29,"530 ",2144,12,7,5,6,4106,0,0,0,,0,005,"SOUTHGATE AV","JUNIPERO SERRA BL",7.00,W,N,A,-,N,,,,,,,,,,Y,3,0,1,1,A,-,03,22350,,M,E,I,A,A,H,-,C,D,0,,,,,Y,,A,01,0,1,0,0,0,0,0,0,0,"- ","- ",37.675559997558594,-122.46833801269531,"SAN MATEO","DALY CITY",-122.46846771240234,37.675460815429688
9548619,2022,2023-02-22,4106,2022-12-03,1726,1222,4,6,5,6,4106,0,0,0,,0,003,"JOHN DALY BL","SANTA BARBARA AV",0.00,,Y,A,-,N,,,,,,,,,,N,4,0,1,1,A,-,08,22107,,N,E,J,A,B,H,-,C,A,0,,,,,Y,,A,01,0,0,1,0,0,0,0,0,0,"- ","- ",37.705101013183594,-122.46412658691406,"SAN MATEO","DALY CITY",-122.46411895751953,37.705104827880859
9550370,2023,2023-03-14,4106,2023-01-27,"645 ",2154,1,5,5,6,4106,0,0,0,,0,001,"MACDONALD AV","SCHWERIN ST",0.00,,Y,A,-,N,,,,,,,,,,N,2,0,1,2,A,-,10,21950,A,N,G,B,B,A,H,-,D,D,0,Y,,,,Y,,A,01,1,0,0,0,1,0,0,0,0,"- ","- ",37.707050323486328,-122.41293334960938,"SAN MATEO","DALY CITY",-122.41292572021484,37.707038879394531
9550371,2023,2023-03-20,4106,2023-01-21,"133 ",2178,3,6,5,6,4106,0,0,0,,0,002,"FLOURNOY ST","MISSION ST",58.00,W,N,A,-,N,,,,,,,,,,Y,4,0,1,2,A,-,08,22107,,M,A,E,A,A,H,-,C,A,0,,,,,Y,Y,D,22,0,0,1,0,0,0,0,0,0,"- ","- ",37.707408905029297,-122.46005249023438,"SAN MATEO","DALY CITY",-122.45908355712891,37.706756591796875
9550482,2022,2023-03-14,4106,2022-07-02,1014,2202,5,6,5,6,4106,0,0,0,,0,003,"WASHINGTON ST","JUNIPERO SERRA BL",0.00,,Y,B,-,N,,,,,,,,,,N,3,0,1,2,A,-,08,22107,,F,B,C,A,B,H,-,A,A,0,,,,,Y,,A,01,0,1,0,0,0,0,0,0,0,"- ","- ",37.687908172607422,-122.47032928466797,"SAN MATEO","DALY CITY",-122.47030639648438,37.687896728515625
9550508,2022,2023-03-14,4106,2022-12-31,1339,2190,7,6,5,6,4106,0,0,0,,0,002,"EAST MARKET ST","1ST AV",2.00,W,N,C,-,N,,,,,,,,,,N,3,0,1,2,A,-,11,21954,A,N,G,B,B,B,G,-,A,D,0,Y,,,,Y,,A,01,0,1,0,0,1,0,0,0,0,"- ","- ",,,"SAN MATEO","DALY CITY",-122.46429443359375,37.689731597900391
9550930,2023,2023-05-12,4106,2023-01-31,1550,2154,6,2,5,6,4106,0,0,0,,0,002,"EAST MARKET ST","PRICE ST",220.00,W,N,A,-,N,,,,,,,,,,Y,3,0,4,4,A,-,08,22107,,N,C,E,F,A,H,-,A,D,0,Y,,,,Y,,A,01,0,1,3,0,2,0,0,0,0,"- ","- ",37.694179534912109,-122.45516204833984,"SAN MATEO","DALY CITY",-122.45638275146484,37.693180084228516
9550931,2023,2023-05-04,4106,2023-01-26,"815 ",2154,5,4,5,6,4106,0,0,0,,0,003,"SAN PEDRO RD","WASHINGTON ST",0.00,,Y,A,-,N,,,,,,,,,,Y,4,0,1,2,A,-,09,21801,A,N,D,C,A,A,H,-,A,A,0,,,,,Y,,A,07,0,0,1,0,0,0,0,0,0,"- ","- ",37.687839508056641,-122.46820831298828,"SAN MATEO","DALY CITY",-122.46823120117188,37.68780517578125
9550932,2023,2023-05-04,4106,2023-01-04,1808,2092,8,3,5,6,4106,0,0,0,,0,004,"JOHN DALY BL","PONCETTA DR",0.00,,Y,C,-,N,,,,,,,,,,N,3,0,1,2,A,-,10,21950,A,N,G,B,B,B,H,-,C,A,0,Y,,,,Y,,A,01,0,1,0,0,1,0,0,0,0,"- ","- ",37.704071044921875,-122.47554016113281,"SAN MATEO","DALY CITY",-122.47554016113281,37.704059600830078
9554808,2022,2023-03-20,4106,2022-06-05,0542,2151,4,7,5,6,4106,0,0,0,,0,003,"JUNIPERO SERRA BL","JOHN DALY BL",0.00,,Y,C,-,Y,SM,4,280,-,M,26.967,R,4,N,Y,2,0,1,1,A,-,03,22350,,N,H,A,A,B,G,-,B,A,0,,,Y,,Y,,C,03,1,0,0,0,0,0,0,0,1,"- ","- ",37.705001831054688,-122.47075653076172,"SAN MATEO","DALY CITY",-122.47134399414062,37.702217102050781
9555078,2022,2023-03-29,4106,2022-07-11,1431,2104,10,1,5,6,4106,0,0,0,,0,004,"SKYLINE BL","WESTRIDGE AV",0.00,,Y,A,-,Y,SM,4,35,-,-,30.270,I,5,N,N,3,0,1,1,A,-,03,22350,,N,E,I,A,A,H,-,A,A,0,,,,,Y,,A,01,0,1,0,0,0,0,0,0,0,"- ","- ",37.690608978271484,-122.49260711669922,"SAN MATEO","DALY CITY",-122.49263763427734,37.690624237060547
9555127,2022,2023-04-03,4106,2022-10-13,0820,1180,5,4,5,6,4106,0,0,0,,0,003,"WASHINGTON ST","JUNIPERO SERRA BL",98.00,E,N,A,-,Y,SM,4,280,-,R,26.114,R,4,N,N,3,0,1,1,A,-,03,22350,,N,E,I,A,A,A,-,A,D,0,,,Y,,Y,,C,02,0,1,0,0,0,0,0,0,1,"- ","- ",37.687908172607422,-122.47032928466797,"SAN MATEO","DALY CITY",-122.47025299072266,37.689853668212891
9556635,2022,2023-03-27,4106,2022-10-09,0221,2144,11,7,5,6,4106,0,0,0,,0,005,"SKYLINE DR","OCEANSIDE DR",131.00,S,N,E,-,N,,,,,,,,,,N,3,0,1,2,A,-,08,22107,,N,B,E,A,A,H,-,C,D,0,,,,,Y,,A,01,0,1,0,0,0,0,0,0,0,"- ","- ",37.671821594238281,-122.48883819580078,"SAN MATEO","DALY CITY",-122.48876190185547,37.671550750732422
9556636,2022,2023-03-27,4106,2022-10-06,1615,2154,14,4,5,6,4106,0,0,0,,0,006,"HICKEY BL","IMPERIAL WY",981.00,E,N,A,-,N,,,,,,,,,,Y,4,0,1,3,A,-,03,22350,,N,C,C,A,A,H,-,A,A,0,,,,,Y,,A,08,0,0,1,0,0,0,0,0,0,"- ","- ",37.663318634033203,-122.4639892578125,"SAN MATEO","DALY CITY",-122.46115875244141,37.664409637451172
9559109,2023,2023-03-23,4106,2023-02-01,"817 ",2146,1,3,5,6,4106,0,0,0,,0,001,"ORIENTE ST","MARTIN ST",0.00,,Y,A,-,N,,,,,,,,,,N,3,0,1,2,A,-,12,22450,A,N,D,C,A,A,H,-,A,D,0,,,,Y,Y,,F,26,0,1,0,0,0,0,0,0,0,"- ","- ",37.701099395751953,-122.41690063476562,"SAN MATEO","DALY CITY",-122.41643524169922,37.701343536376953
9559310,2023,2023-03-30,4106,2023-02-18,"758 ",2201,3,6,5,6,4106,0,0,0,,0,002,"HANOVER ST","OLIVER ST",4.00,N,N,A,-,N,,,,,,,,,,Y,3,0,1,7,A,-,01,23152,G,N,A,E,A,A,H,-,A,D,0,,,,,Y,Y,A,01,0,1,0,0,0,0,0,0,0,"- ","- ",37.707118988037109,-122.44921875,"SAN MATEO","DALY CITY",-122.44918823242188,37.707103729248047