CASE_ID,ACCIDENT_YEAR,PROC_DATE,JURIS,COLLISION_DATE,COLLISION_TIME,OFFICER_ID,REPORTING_DISTRICT,DAY_OF_WEEK,CHP_SHIFT,POPULATION,CNTY_CITY_LOC,SPECIAL_COND,BEAT_TYPE,CHP_BEAT_TYPE,CITY_DIVISION_LAPD,CHP_BEAT_CLASS,BEAT_NUMBER,PRIMARY_RD,SECONDARY_RD,DISTANCE,DIRECTION,INTERSECTION,WEATHER_1,WEATHER_2,STATE_HWY_IND,CALTRANS_COUNTY,CALTRANS_DISTRICT,STATE_ROUTE,ROUTE_SUFFIX,POSTMILE_PREFIX,POSTMILE,LOCATION_TYPE,RAMP_INTERSECTION,SIDE_OF_HWY,TOW_AWAY,COLLISION_SEVERITY,NUMBER_KILLED,NUMBER_INJURED,PARTY_COUNT,PRIMARY_COLL_FACTOR,PCF_CODE_OF_VIOL,PCF_VIOL_CATEGORY,PCF_VIOLATION,PCF_VIOL_SUBSECTION,HIT_AND_RUN,TYPE_OF_COLLISION,MVIW,PED_ACTION,ROAD_SURFACE,ROAD_COND_1,ROAD_COND_2,LIGHTING,CONTROL_DEVICE,CHP_ROAD_TYPE,PEDESTRIAN_ACCIDENT,BICYCLE_ACCIDENT,MOTORCYCLE_ACCIDENT,TRUCK_ACCIDENT,NOT_PRIVATE_PROPERTY,ALCOHOL_INVOLVED,STWD_VEHTYPE_AT_FAULT,CHP_VEHTYPE_AT_FAULT,COUNT_SEVERE_INJ,COUNT_VISIBLE_INJ,COUNT_COMPLAINT_PAIN,COUNT_PED_KILLED,COUNT_PED_INJURED,COUNT_BICYCLIST_KILLED,COUNT_BICYCLIST_INJURED,COUNT_MC_KILLED,COUNT_MC_INJURED,PRIMARY_RAMP,SECONDARY_RAMP,LATITUDE,LONGITUDE,COUNTY,CITY,POINT_X,POINT_Y
9559883,2023,2023-05-03,4106,2023-03-17,1430,2184,10,5,5,6,4106,0,0,0,,0,004,"SKYLINE BL","WESTMOOR AV",0.00,,Y,A,-,N,,,,,,,,,,N,3,0,2,3,A,-,12,21453,A,N,D,C,A,A,H,-,A,A,0,,,,,Y,,A,01,0,2,0,0,0,0,0,0,0,"- ","- ",37.683479309082031,-122.49014282226562,"SAN MATEO","DALY CITY",-122.48910522460938,37.683341979980469
9559901,2022,2023-03-20,4106,2022-07-06,1711,2196,12,3,5,6,4106,0,0,0,,0,005,"SAN FERNANDO WY","SANTA PAULA DR",0.00,,Y,A,-,N,,,,,,,,,,N,3,0,1,2,A,-,10,21950,A,F,G,B,D,A,H,-,A,D,0,Y,,,,Y,,-,,0,1,0,0,1,0,0,0,0,"- ","- ",37.682521820068359,-122.47457122802734,"SAN MATEO","DALY CITY",-122.47454833984375,37.682487487792969
9559902,2022,2023-03-20,4106,2022-07-24,1142,2154,12,7,5,6,4106,0,0,0,,0,005,"LAKESHIRE AV","SAN JUAN AV",58.00,N,N,A,-,N,,,,,,,,,,N,3,0,1,2,A,-,11,21956,,M,G,B,E,A,H,-,A,D,0,Y,,,,Y,,N,60,0,1,0,0,1,0,0,0,0,"- ","- ",37.673500061035156,-122.483642578125,"SAN MATEO","DALY CITY",-122.48344421386719,37.673469543457031
9559912,2022,2023-03-20,4106,2022-11-27,2500,2145,3,7,5,6,4106,0,0,0,,0,002,"CROCKER AV","HANOVER ST",0.00,,Y,A,-,N,,,,,,,,,,N,3,0,1,2,A,-,12,22450,,N,A,D,A,A,H,-,A,D,0,,,Y,,Y,,C,03,0,1,0,0,0,0,0,0,1,"- ","- ",37.704128265380859,-122.45731353759766,"SAN MATEO","DALY CITY",-122.45732116699219,37.704124450683594
9563002,2023,2023-05-02,4106,2023-03-08,1542,2146,10,3,5,6,4106,0,0,0,,0,004,"SKYLINE BL","WESTRIDGE AV",0.00,,N,A,-,Y,SM,4,35,-,-,30.250,H,-,N,N,3,0,2,2,A,-,03,22350,,N,C,C,A,A,H,-,A,A,0,,,,,Y,,A,01,0,1,1,0,0,0,0,0,0,"- ","- ",37.690608978271484,-122.49260711669922,"SAN MATEO","DALY CITY",-122.49238586425781,37.690410614013672
9563003,2023,2023-04-27,4106,2023-03-12,2256,2175,13A,7,5,6,4106,0,0,0,,0,006,"SERRAMONTE BL","JUNIPERO SERRA BL",200.00,W,N,C,-,N,,,,,,,,,,Y,3,0,1,2,A,-,01,23152,,N,D,C,A,B,H,-,C,A,0,,,,,Y,Y,A,01,0,1,0,0,0,0,0,0,0,"- ","- ",37.669109344482422,-122.46880340576172,"SAN MATEO","DALY CITY",-122.46501922607422,37.670330047607422
9563004,2023,2023-04-27,4106,2023-03-09,1511,2146,6,4,5,6,4106,0,0,0,,0,002,"MISSION ST","CITRUS AV",0.00,,Y,B,C,N,,,,,,,,,,N,3,0,1,2,A,-,21,22106,,N,H,G,A,B,H,-,A,D,0,,Y,,,Y,,A,01,0,1,0,0,0,0,1,0,0,"- ","- ",37.698551177978516,-122.46381378173828,"SAN MATEO","DALY CITY",-122.46442413330078,37.697662353515625
9563239,2023,2023-04-14,4106,2023-02-14,1009,1158,4,2,5,6,4106,0,0,0,,0,003,"FLOURNOY ST","SAN JOSE AV",0.00,,Y,A,-,N,,,,,,,,,,N,3,0,2,2,A,-,12,21453,A,N,D,C,A,D,H,-,A,A,0,,,,,Y,,A,01,0,2,0,0,0,0,0,0,0,"- ","- ",37.707328796386719,-122.45993804931641,"SAN MATEO","DALY CITY",-122.45999908447266,37.707370758056641
9563345,2023,2023-04-20,4106,2023-02-15,1721,2092,3,3,5,6,4106,0,0,0,,0,002,"MISSION ST","EVERGREEN AV",100.00,N,N,A,-,N,,,,,,,,,,N,3,0,1,2,A,-,09,21802,A,N,H,G,A,A,H,-,A,D,0,,Y,,,Y,,L,04,0,1,0,0,0,0,1,0,0,"- ","- ",37.707401275634766,-122.45670318603516,"SAN MATEO","DALY CITY",-122.45641326904297,37.707530975341797
9563346,2023,2023-04-20,4106,2023-02-25,2308,2215,4,6,5,6,4106,0,0,0,,0,003,"JOHN DALY BL","JUNIPERO SERRA BL",81.00,S,N,A,-,N,,,,,,,,,,N,3,0,2,2,A,-,12,21453,A,F,D,C,A,A,H,-,C,A,0,,,,,Y,,-,99,0,2,0,0,0,0,0,0,0,"- ","- ",,,"SAN MATEO","DALY CITY",-122.47087097167969,37.704978942871094
9564200,2023,2023-04-17,4106,2023-02-22,1909,2178,5,3,5,6,4106,0,0,0,,0,003,"SCHOOL ST","BRUNO AV",0.00,,Y,A,-,N,,,,,,,,,,N,4,0,1,2,A,-,11,21955,,N,G,B,D,A,H,-,C,D,0,Y,,,,Y,,N,60,0,0,1,0,1,0,0,0,0,"- ","- ",37.693378448486328,-122.46591186523438,"SAN MATEO","DALY CITY",-122.46589660644531,37.693378448486328
9564234,2023,2023-05-24,4106,2023-03-27,2355,2215,7,1,5,6,4106,0,0,0,,0,002,"WYANDOTTE AV","CHESTER ST",6.00,E,N,A,-,N,,,,,,,,,,N,3,0,1,2,A,-,10,21950,,N,G,B,C,A,H,-,C,A,0,Y,,,,Y,,A,01,0,1,0,0,1,0,0,0,0,"- ","- ",,,"SAN MATEO","DALY CITY",-122.45717620849609,37.689109802246094
9564235,2023,2023-05-25,4106,2023-03-25,"323 ",2206,6,6,5,6,4106,0,0,0,,0,014,"HICKEY BL","GELLERT BL",0.00,,Y,A,-,N,,,,,,,,,,N,3,0,1,1,A,-,08,22107,,N,E,J,A,A,H,-,C,D,0,,,,,Y,,A,01,0,1,0,0,0,0,0,0,0,"- ","- ",,,"SAN MATEO","DALY CITY",-122.46923065185547,37.664459228515625
9564835,2022,2023-04-07,4106,2022-12-30,1803,2189,3,5,5,6,4106,0,0,0,,0,002,"MISSION ST","EVERGREEN AV",22.00,E,N,B,C,N,,,,,,,,,,N,3,0,1,2,A,-,03,22350,,N,B,B,B,B,D,-,C,D,0,Y,,,,Y,,A,01,0,1,0,0,1,0,0,0,0,"- ","- ",37.707401275634766,-122.45670318603516,"SAN MATEO","DALY CITY",-122.45665740966797,37.707443237304688
9564889,2023,2023-04-28,4106,2023-03-11,"800 ",2145,1,6,5,6,4106,0,0,0,,0,001,"GENEVA AV","SCHWERIN ST",0.00,,Y,A,-,N,,,,,,,,,,Y,3,0,2,2,A,-,00,21450,C,N,A,D,A,A,H,-,A,A,0,,,,,Y,,D,72,0,2,0,0,0,0,0,0,0,"- ","- ",37.706451416015625,-122.41319274902344,"SAN MATEO","DALY CITY",-122.41324615478516,37.706329345703125
9565940,2022,2023-04-22,4106,2022-01-07,0538,2214,4,5,5,6,4106,0,0,0,,0,003,"MISSION ST","JOHN DALY BL",41.00,W,N,A,-,N,,,,,,,,,,Y,4,0,1,2,A,-,08,22107,,N,A,C,A,A,H,-,C,A,0,,,,,Y,,A,01,0,0,1,0,0,0,0,0,0,"- ","- ",37.704940795898438,-122.46243286132812,"SAN MATEO","DALY CITY",-122.46235656738281,37.704879760742188
9566166,2023,2023-04-25,4106,2023-01-04,1638,2092,13B,3,5,6,4106,0,0,0,,0,006,"GELLERT BL","HICKEY BL",0.00,,Y,C,-,N,,,,,,,,,,N,3,0,1,1,C,-,18,,,N,E,J,A,B,H,-,C,A,0,,,,,Y,,-,"- ",0,1,0,0,0,0,0,0,0,"- ","- ",37.664569854736328,-122.46901702880859,"SAN MATEO","DALY CITY",-122.46923065185547,37.664459228515625
9566245,2022,2023-05-04,4106,2022-09-12,1630,2175,13,1,5,6,4106,0,0,0,,0,006,"HICKEY BL","CALLAN BL",254.00,E,N,B,-,N,,,,,,,,,,N,4,0,1,2,A,-,03,22350,,N,C,E,A,A,D,-,A,D,0,,,,,Y,,A,01,0,0,1,0,0,0,0,0,0,"- ","- ",,,"SAN MATEO","DALY CITY",-122.47393035888672,37.665550231933594
9566822,2022,2023-05-12,4106,2022-12-21,1109,2154,5,3,5,6,4106,0,0,0,,0,003,"88TH ST","EDGEWORTH AV",0.00,,Y,A,-,N,,,,,,,,,,Y,4,0,2,2,A,-,09,21802,A,N,D,C,A,A,H,-,A,D,0,,,,,Y,,A,01,0,0,2,0,0,0,0,0,0,"- ","- ",37.692531585693359,-122.47451782226562,"SAN MATEO","DALY CITY",-122.47451019287109,37.692520141601562
9566860,2022,2023-05-12,4106,2022-04-06,2000,2104,1,3,5,6,4106,0,0,0,,0,001,"BAYSHORE BL","GENEVA AV",0.00,,Y,A,-,N,,,,,,,,,,N,3,0,1,2,A,-,03,22350,,F,C,C,A,A,H,-,A,A,0,,,,,Y,,A,01,0,1,0,0,0,0,0,0,0,"- ","- ",37.705020904541016,-122.40788269042969,"SAN MATEO","DALY CITY",-122.40708923339844,37.704627990722656
9566908,2023,2023-05-16,4106,2023-04-18,1005,2154,4,2,5,6,4106,0,0,0,,0,003,"MISSION ST","COMO AV",60.00,N,N,A,-,N,,,,,,,,,,N,3,0,1,2,A,-,17,21235,G,N,A,C,A,A,H,-,A,D,0,,,,,Y,,M,94,0,1,0,0,0,0,0,0,0,"- ","- ",37.700389862060547,-122.46376037597656,"SAN MATEO","DALY CITY",-122.46367645263672,37.700366973876953
9568104,2023,2023-04-28,4106,2023-01-09,1249,1232,4,1,5,6,4106,0,0,0,,0,003,"MISSION ST","HILLCREST DR",0.00,,Y,A,-,Y,SM,4,82,-,-,24.910,I,5,N,N,3,0,1,2,A,-,21,22106,,N,B,C,A,A,H,-,A,A,0,,,,,Y,,A,07,0,1,0,0,0,0,0,0,0,"- ","- ",37.705600738525391,-122.46163177490234,"SAN MATEO","DALY CITY",-122.46167755126953,37.705577850341797
9568880,2023,2023-07-07,4106,2023-04-29,1335,2081,4,6,5,6,4106,0,0,0,,0,003,"HILLSIDE BL","JOHN DALY BL",0.00,,Y,F,-,Y,SM,4,82,-,-,24.860,H,-,N,N,4,0,1,2,A,-,17,21235,G,N,B,C,A,A,H,-,A,D,0,,,,,Y,,M,94,0,0,1,0,0,0,0,0,0,"- ","- ",37.704940795898438,-122.46243286132812,"SAN MATEO","DALY CITY",-122.462158203125,37.705039978027344
9569218,2023,2023-07-03,4106,2023-05-28,1225,2188,8,7,5,6,4106,0,0,0,,0,004,"RT 35","JOHN DALY BL",0.00,,Y,A,-,Y,SM,4,35,-,-,30.840,H,-,S,Y,3,0,1,2,A,-,02,22400,A,N,C,C,A,A,H,-,A,A,0,,,,,Y,,A,01,0,1,0,0,0,0,0,0,0,"- ","- ",37.698459625244141,-122.49484252929688,"SAN MATEO","DALY CITY",-122.4951171875,37.698543548583984
9569222,2023,2023-07-03,4106,2023-05-14,2028,2206,9,7,5,6,4106,0,0,0,,0,004,"WESTMOOR AV","RT 35",0.00,,Y,A,-,Y,SM,4,35,-,-,29.700,I,5,N,N,3,0,1,2,A,-,17,21200,A,N,H,G,A,A,H,-,B,A,0,,Y,,,Y,,L,04,0,1,0,0,0,0,1,0,0,"- ","- ",37.683338165283203,-122.48911285400391,"SAN MATEO","DALY CITY",-122.48912048339844,37.683361053466797
9569437,2023,2023-06-30,4106,2023-04-25,2047,2092,10,2,5,6,4106,0,0,0,,0,004,"RT 35","JOHN DALY BL",750.00,S,N,A,-,Y,SM,4,35,-,-,30.722,R,3,N,Y,2,0,1,2,A,-,11,21954,A,N,G,B,E,A,H,-,C,D,0,Y,,,,Y,Y,N,60,1,0,0,0,1,0,0,0,0,"- ","- ",37.698459625244141,-122.49484252929688,"SAN MATEO","DALY CITY",-122.49457550048828,37.696880340576172
9569612,2023,2023-04-20,4106,2023-03-03,1810,2189,7,5,5,6,4106,0,0,0,,0,002,"CHESTER ST","VILLA ST",15.00,S,N,A,-,N,,,,,,,,,,N,3,0,1,2,A,-,12,22450,,N,D,C,A,A,H,-,C,D,0,,,,,Y,,A,01,0,1,0,0,0,0,0,0,0,"- ","- ",37.686779022216797,-122.459228515625,"SAN MATEO","DALY CITY",-122.45925903320312,37.686737060546875
9569714,2023,2023-03-30,4106,2023-02-11,1950,2215,6,6,5,6,4106,0,0,0,,0,002,"HILLSIDE BL","GAMBETTA ST",5.00,S,N,A,-,N,,,,,,,,,,N,3,0,1,2,A,-,10,21950,,N,G,B,B,A,H,-,C,A,0,Y,,,,Y,Y,A,01,0,1,0,0,1,0,0,0,0,"- ","- ",37.698841094970703,-122.46209716796875,"SAN MATEO","DALY CITY",-122.46209716796875,37.698814392089844
9569715,2023,2023-03-30,4106,2023-02-18,2340,2196,13A,6,5,6,4106,0,0,0,,0,006,"GELLERT BL","SERRAMONTE BL",0.00,,Y,A,-,N,,,,,,,,,,N,3,0,1,2,A,-,10,21950,A,F,G,B,D,A,H,-,C,A,0,Y,,,,Y,,A,01,0,1,0,0,1,0,0,0,0,"- ","- ",37.669109344482422,-122.46880340576172,"SAN MATEO","DALY CITY",-122.46897125244141,37.669059753417969
9570438,2022,2023-04-11,4106,2022-11-17,0721,2154,5,4,5,6,4106,0,0,0,,0,003,"SAN PEDRO RD","HILL ST",0.00,,Y,A,-,N,,,,,,,,,,N,3,0,1,2,A,-,11,21456,C,N,G,B,B,A,H,-,B,A,0,Y,,,,Y,,N,60,0,1,0,0,1,0,0,0,0,"- ","- ",37.687118530273438,-122.46909332275391,"SAN MATEO","DALY CITY",-122.46906280517578,37.687084197998047
9570439,2022,2023-04-11,4106,2022-11-18,1801,2190,14,5,5,6,4106,0,0,0,,0,006,"GELLERT BL","VERDUCCI DR",527.00,S,N,A,-,N,,,,,,,,,,Y,3,0,1,3,A,-,21,22106,A,N,C,C,A,A,H,-,C,D,0,,,,,Y,,A,01,0,1,0,0,0,0,0,0,0,"- ","- ",37.652809143066406,-122.45960235595703,"SAN MATEO","DALY CITY",-122.45818328857422,37.6519775390625
9570572,2023,2023-05-03,4106,2023-03-04,"0   ",2155,4,6,5,6,4106,0,0,0,,0,003,"JOHN DALY BL","DELONG ST",0.00,,Y,A,-,N,,,,,,,,,,N,4,0,1,1,A,-,08,22107,,F,E,I,A,B,H,-,C,A,0,,,,,Y,,-,,0,0,1,0,0,0,0,0,0,"- ","- ",37.705009460449219,-122.46823883056641,"SAN MATEO","DALY CITY",-122.46782684326172,37.705284118652344
9570867,2022,2023-04-10,4106,2022-06-30,1743,2196,1,4,5,6,4106,0,0,0,,0,001,"BAY RIDGE DR","SHARON CT",151.00,W,N,A,-,N,,,,,,,,,,Y,4,0,1,1,C,-,18,,,N,A,E,A,A,H,-,A,D,0,,,,,Y,,-,"- ",0,0,1,0,0,0,0,0,0,"- ","- ",37.700569152832031,-122.41999053955078,"SAN MATEO","DALY CITY",-122.42171478271484,37.701389312744141
9574426,2023,2023-06-01,4106,2023-02-24,"345 ",2177,4,5,5,6,4106,0,0,0,,0,003,"JOHN DALY BL","RT 280",48.00,W,N,C,G,Y,SM,4,1,-,R,48.391,R,4,S,Y,4,0,1,2,D,-,00,,,N,B,C,A,B,H,-,C,A,0,,,,Y,Y,,-,"- ",0,0,1,0,0,0,0,0,0,"- ",FR,37.705001831054688,-122.47075653076172,"SAN MATEO","DALY CITY",-122.4716796875,37.705513000488281
9574430,2023,2023-04-27,4106,2023-03-11,2216,2215,5,6,5,6,4106,0,0,0,,0,003,"JUNIPERO  SERRA BL","SAN PEDRO RD",65.00,S,N,A,-,N,,,,,,,,,,N,4,0,3,2,A,-,04,21703,,F,C,C,A,A,H,-,C,A,0,,,,,Y,,-,99,0,0,3,0,0,0,0,0,0,"- ","- ",37.685710906982422,-122.47077941894531,"SAN MATEO","DALY CITY",-122.47075653076172,37.685489654541016
9574659,2023,2023-05-04,4106,2023-04-04,1758,2092,3,2,5,6,4106,0,0,0,,0,002,"WHITTIER ST","BELLEVUE AV",215.00,W,N,A,-,N,,,,,,,,,,N,4,0,1,3,A,-,08,22107,,N,B,E,A,A,H,-,A,D,0,,,,,Y,,A,01,0,0,1,0,0,0,0,0,0,"- ","- ",,,"SAN MATEO","DALY CITY",-122.44664001464844,37.707134246826172
9574731,2023,2023-05-01,4106,2023-03-14,"700 ",2146,12,2,5,6,4106,0,0,0,,0,005,"SAINT FRANCIS BL","EASTMOOR AV",0.00,,Y,C,-,N,,,,,,,,,,N,3,0,1,2,A,-,10,21950,A,N,G,B,B,B,H,-,B,A,0,Y,,,,Y,,A,01,0,1,0,0,1,0,0,0,0,"- ","- ",37.684650421142578,-122.47757720947266,"SAN MATEO","DALY CITY",-122.47757720947266,37.684638977050781
9577391,2023,2023-05-04,4106,2023-04-14,1545,2154,5,5,5,6,4106,0,0,0,,0,003,"SAN PEDRO RD","JUNIPERO SERRA BL",234.00,E,N,A,-,N,,,,,,,,,,Y,4,0,1,2,A,-,09,21801,A,N,D,C,A,A,H,-,A,D,0,,,,,Y,,A,07,0,0,1,0,0,0,0,0,0,"- ","- ",37.687419891357422,-122.46920013427734,"SAN MATEO","DALY CITY",-122.47022247314453,37.686149597167969
9577394,2023,2023-05-04,4106,2023-04-08,1545,2205,1,6,5,6,4106,0,0,0,,0,001,"GENEVA AV","CALGARY AV",0.00,,Y,A,-,N,,,,,,,,,,N,4,0,1,3,A,-,09,21801,A,N,D,C,A,A,H,-,A,A,0,,,,,Y,,A,01,0,0,1,0,0,0,0,0,0,"- ","- ",37.707309722900391,-122.41670227050781,"SAN MATEO","DALY CITY",-122.41664123535156,37.707328796386719
9577395,2023,2023-05-04,4106,2023-04-04,"158 ",2212,3,2,5,6,4106,0,0,0,,0,002,"BRUNSWICK ST","WELLINGTON AV",0.00,,Y,A,-,N,,,,,,,,,,Y,3,0,1,3,A,-,08,22107,,N,A,E,A,A,H,-,C,A,0,,,,,Y,,A,01,0,1,0,0,0,0,0,0,0,"- ","- ",37.705310821533203,-122.45915985107422,"SAN MATEO","DALY CITY",-122.45989227294922,37.704841613769531
9577601,2023,2023-05-01,4106,2023-02-11,"30  ",2196,13,6,5,6,4106,0,0,0,,0,006,"HIGATE DR","CHRISTOPHER CT",187.00,E,N,C,-,N,,,,,,,,,,N,4,0,1,3,A,-,08,22107,,N,A,E,A,B,H,-,C,D,0,,,,,Y,,A,01,0,0,1,0,0,0,0,0,0,"- ","- ",37.669281005859375,-122.48185729980469,"SAN MATEO","DALY CITY",-122.48209381103516,37.6690673828125
9577602,2023,2023-05-01,4106,2023-02-14,"855 ",2148,4,2,5,6,4106,0,0,0,,0,003,"JOHN DALY BL","JUNIPERO SERRA BL",0.00,,Y,A,-,N,,,,,,,,,,Y,3,0,1,3,A,-,12,21453,A,N,D,C,A,A,H,-,A,A,0,,,,,Y,,A,01,0,1,0,0,0,0,0,0,0,"- ","- ",37.705001831054688,-122.47075653076172,"SAN MATEO","DALY CITY",-122.47087097167969,37.704978942871094
9577671,2023,2023-05-01,4106,2023-01-27,2104,2196,5,5,5,6,4106,0,0,0,,0,003,"JUNIPERO SERRA BL","89TH ST",0.00,,Y,A,-,N,,,,,,,,,,N,4,0,1,2,A,-,08,22107,,N,D,C,A,A,H,-,C,A,0,,,,,Y,,A,01,0,0,1,0,0,0,0,0,0,"- ","- ",37.691848754882812,-122.47102355957031,"SAN MATEO","DALY CITY",-122.47100830078125,37.691829681396484
9577674,2023,2023-05-01,4106,2023-01-11,1500,2154,4,3,5,6,4106,0,0,0,,0,003,"DELONG ST","JOHN DALY BL",0.00,,Y,C,-,N,,,,,,,,,,N,3,0,1,2,A,-,11,21453,D,N,G,B,B,B,H,-,A,A,0,Y,,,,Y,,N,60,0,1,0,0,1,0,0,0,0,"- ","- ",37.705009460449219,-122.46823883056641,"SAN MATEO","DALY CITY",-122.46782684326172,37.705284118652344
9578958,2023,2023-06-01,4106,2023-05-02,"824 ",2146,5,2,5,6,4106,0,0,0,,0,003,"SCHOOL ST","BRUNO AV",0.00,,Y,A,-,N,,,,,,,,,,N,2,0,1,2,A,-,10,21950,A,N,G,B,B,A,H,-,B,D,0,Y,,,,Y,,D,22,1,0,0,0,1,0,0,0,0,"- ","- ",37.693378448486328,-122.46591186523438,"SAN MATEO","DALY CITY",-122.46589660644531,37.693378448486328
9579550,2023,2023-05-15,4106,2023-02-16,1700,2069,4,4,5,6,4106,0,0,0,,0,003,"MISSION ST","CITRUS AV",21.00,S,N,A,-,N,,,,,,,,,,N,3,0,1,2,A,-,10,21950,A,N,G,B,B,A,H,-,A,A,0,Y,,,,Y,,A,01,0,1,0,0,1,0,0,0,0,"- ","- ",37.697669982910156,-122.46427917480469,"SAN MATEO","DALY CITY",-122.46434783935547,37.697677612304688
9581315,2023,2023-06-20,4106,2023-04-02,"930 ",2188,13,7,5,6,4106,0,0,0,,0,006,"SOUTHGATE AV","SULLIVAN AV",230.00,E,N,A,-,N,,,,,,,,,,N,3,0,2,1,A,-,08,22107,,N,E,J,A,A,H,-,A,D,0,,,,,Y,,A,01,0,1,1,0,0,0,0,0,0,"- ","- ",37.675838470458984,-122.47335052490234,"SAN MATEO","DALY CITY",-122.47257232666016,37.675880432128906
9581329,2023,2023-07-28,4106,2023-06-01,1210,2154,8A,4,5,6,4106,0,0,0,,0,004,"PARK PLAZA DR","JOHN DALY BL",100.00,S,N,B,-,N,,,,,,,,,,N,3,0,2,2,A,-,03,22350,,M,C,C,A,A,H,-,A,D,0,,,,,Y,,A,01,0,1,1,0,0,0,0,0,0,"- ","- ",37.701290130615234,-122.48198699951172,"SAN MATEO","DALY CITY",-122.48211669921875,37.701839447021484
9583805,2023,2023-08-11,4106,2023-06-18,1542,2188,10,7,5,6,4106,0,0,0,,0,004,"SKYLINE BL","WESTRIDGE AV",0.00,,Y,A,-,Y,SM,4,35,-,-,30.260,H,-,N,Y,3,0,1,2,A,-,03,22350,,N,C,C,A,A,H,-,A,A,0,,,,,Y,,A,01,0,1,0,0,0,0,0,0,0,"- ","- ",37.690608978271484,-122.49260711669922,"SAN MATEO","DALY CITY",-122.49251556396484,37.690517425537109
9584947,2023,2023-05-24,4106,2023-03-08,1030,2154,7,3,5,6,4106,0,0,0,,0,002,"SYLVAN ST","CHESTER ST",0.00,,Y,A,-,N,,,,,,,,,,N,4,0,1,2,A,-,09,21802,A,N,D,C,A,A,H,-,A,D,0,,,,,Y,,A,01,0,0,1,0,0,0,0,0,0,"- ","- ",37.687370300292969,-122.45871734619141,"SAN MATEO","DALY CITY",-122.45873260498047,37.687347412109375
9584948,2023,2023-05-24,4106,2023-03-07,1445,2146,8,2,5,6,4106,0,0,0,,0,004,"JOHN DALY BL","PONCETTA DR",0.00,,Y,A,-,N,,,,,,,,,,N,4,0,2,3,A,-,03,22350,,N,C,C,A,A,H,-,A,A,0,,,,,Y,,A,01,0,0,2,0,0,0,0,0,0,"- ","- ",37.704071044921875,-122.47554016113281,"SAN MATEO","DALY CITY",-122.47554016113281,37.704059600830078
9585048,2023,2023-06-08,4106,2023-05-01,1452,2146,14,1,5,6,4106,0,0,0,,0,006,"GELLERT BL","VICTORIA ST",0.00,,Y,A,-,N,,,,,,,,,,N,3,0,1,2,D,-,00,,,N,G,B,E,A,H,-,A,D,0,Y,,,,Y,,-,"- ",0,1,0,0,1,0,0,0,0,"- ","- ",37.661441802978516,-122.46893310546875,"SAN MATEO","DALY CITY",-122.46894836425781,37.661426544189453
9585049,2023,2023-06-08,4106,2023-05-01,"745 ",2146,5,1,5,6,4106,0,0,0,,0,003,"SAN PEDRO RD","ALLEMANY ST",0.00,,Y,A,-,N,,,,,,,,,,N,3,0,1,2,A,-,11,21950,B,N,G,B,D,A,H,-,A,D,0,Y,,,,Y,,N,60,0,1,0,0,1,0,0,0,0,"- ","- ",37.688388824462891,-122.46759033203125,"SAN MATEO","DALY CITY",-122.46762084960938,37.688346862792969
9585152,2023,2023-05-27,4106,2023-04-29,1840,2201,9,6,5,6,4106,0,0,0,,0,004,"WESTMOOR AV","SKYLINE BL",0.00,,Y,B,-,N,,,,,,,,,,Y,3,0,2,3,A,-,12,21453,,F,A,C,A,A,H,-,A,A,0,,,,,Y,,A,01,0,1,1,0,0,0,0,0,0,"- ","- ",37.683338165283203,-122.48911285400391,"SAN MATEO","DALY CITY",-122.48910522460938,37.683341979980469
9585244,2023,2023-05-24,4106,2023-04-24,1147,2146,10,1,5,6,4106,0,0,0,,0,004,"SKYLINE BL","WESTRIDGE AV",0.00,,Y,A,-,N,,,,,,,,,,N,4,0,1,2,A,-,17,21451,A,N,D,C,A,A,H,-,A,A,0,,,,,Y,,A,01,0,0,1,0,0,0,0,0,0,"- ","- ",37.690608978271484,-122.49260711669922,"SAN MATEO","DALY CITY",-122.49263000488281,37.690597534179688
9585245,2023,2023-06-13,4106,2023-04-27,1806,2092,8,4,5,6,4106,0,0,0,,0,004,"RT 35","JOHN DALY BL",90.00,S,N,A,-,Y,SM,4,35,-,-,30.800,H,-,N,Y,3,0,1,4,A,-,03,22350,,N,A,C,A,A,H,-,A,A,0,,,,,Y,,A,01,0,1,0,0,0,0,0,0,0,"- ","- ",37.698459625244141,-122.49484252929688,"SAN MATEO","DALY CITY",-122.49474334716797,37.698017120361328
9585246,2023,2023-05-24,4106,2023-04-28,2150,2195,4,5,5,6,4106,0,0,0,,0,003,"JOHN DALY BL","MISSION ST",0.00,,Y,A,-,N,,,,,,,,,,Y,3,0,1,1,A,-,08,22107,,N,E,I,A,A,H,-,C,A,0,,,,,Y,,A,01,0,1,0,0,0,0,0,0,0,"- ","- ",37.704940795898438,-122.46243286132812,"SAN MATEO","DALY CITY",-122.46244049072266,37.704933166503906