CASE_ID,ACCIDENT_YEAR,PROC_DATE,JURIS,COLLISION_DATE,COLLISION_TIME,OFFICER_ID,REPORTING_DISTRICT,DAY_OF_WEEK,CHP_SHIFT,POPULATION,CNTY_CITY_LOC,SPECIAL_COND,BEAT_TYPE,CHP_BEAT_TYPE,CITY_DIVISION_LAPD,CHP_BEAT_CLASS,BEAT_NUMBER,PRIMARY_RD,SECONDARY_RD,DISTANCE,DIRECTION,INTERSECTION,WEATHER_1,WEATHER_2,STATE_HWY_IND,CALTRANS_COUNTY,CALTRANS_DISTRICT,STATE_ROUTE,ROUTE_SUFFIX,POSTMILE_PREFIX,POSTMILE,LOCATION_TYPE,RAMP_INTERSECTION,SIDE_OF_HWY,TOW_AWAY,COLLISION_SEVERITY,NUMBER_KILLED,NUMBER_INJURED,PARTY_COUNT,PRIMARY_COLL_FACTOR,PCF_CODE_OF_VIOL,PCF_VIOL_CATEGORY,PCF_VIOLATION,PCF_VIOL_SUBSECTION,HIT_AND_RUN,TYPE_OF_COLLISION,MVIW,PED_ACTION,ROAD_SURFACE,ROAD_COND_1,ROAD_COND_2,LIGHTING,CONTROL_DEVICE,CHP_ROAD_TYPE,PEDESTRIAN_ACCIDENT,BICYCLE_ACCIDENT,MOTORCYCLE_ACCIDENT,TRUCK_ACCIDENT,NOT_PRIVATE_PROPERTY,ALCOHOL_INVOLVED,STWD_VEHTYPE_AT_FAULT,CHP_VEHTYPE_AT_FAULT,COUNT_SEVERE_INJ,COUNT_VISIBLE_INJ,COUNT_COMPLAINT_PAIN,COUNT_PED_KILLED,COUNT_PED_INJURED,COUNT_BICYCLIST_KILLED,COUNT_BICYCLIST_INJURED,COUNT_MC_KILLED,COUNT_MC_INJURED,PRIMARY_RAMP,SECONDARY_RAMP,LATITUDE,LONGITUDE,COUNTY,CITY,POINT_X,POINT_Y
9585247,2023,2023-05-24,4106,2023-04-20,"730 ",2154,3,4,5,6,4106,0,0,0,,0,002,"SAN JOSE AV","BEPLER ST",9.00,N,N,A,-,N,,,,,,,,,,N,2,0,1,2,A,-,10,21950,A,N,G,B,B,A,H,-,A,A,0,Y,,,,Y,,A,01,1,0,0,0,1,0,0,0,0,"- ","- ",37.706188201904297,-122.46106719970703,"SAN MATEO","DALY CITY",-122.46111297607422,37.706268310546875
9585248,2023,2023-05-31,4106,2023-04-14,1755,2200,8,5,5,6,4106,0,0,0,,0,004,"JOHN DALY BL","LAKE MERCED BL",30.00,E,N,A,F,N,,,,,,,,,,N,4,0,1,2,A,-,16,24002,A,N,C,C,A,A,H,-,A,A,0,,,,,Y,,A,07,0,0,1,0,0,0,0,0,0,"- ","- ",37.701450347900391,-122.48497772216797,"SAN MATEO","DALY CITY",-122.48480987548828,37.701465606689453
9585249,2023,2023-05-31,4106,2023-04-04,1826,2173,14,2,5,6,4106,0,0,0,,0,006,"GELLERT BL","KING DR",0.00,,Y,A,-,N,,,,,,,,,,N,4,0,1,2,A,-,09,21810,A,N,H,G,A,A,H,-,A,D,0,,Y,,,Y,,A,01,0,0,1,0,0,0,1,0,0,"- ","- ",37.650531768798828,-122.45571899414062,"SAN MATEO","DALY CITY",-122.45568084716797,37.650501251220703
9585250,2023,2023-06-20,4106,2023-04-03,"838 ",2146,3,1,5,6,4106,0,0,0,,0,002,"MISSION ST","TEMPLETON AV",0.00,,Y,A,-,N,,,,,,,,,,N,3,0,4,2,A,-,12,22450,A,N,D,C,A,A,H,-,A,D,0,,,,,Y,,A,07,0,2,2,0,0,0,0,0,0,"- ","- ",37.707969665527344,-122.45498657226562,"SAN MATEO","DALY CITY",-122.45504760742188,37.708000183105469
9585480,2023,2023-05-30,4106,2023-05-15,1621,2092,4,1,5,6,4106,0,0,0,,0,003,"JUNIPERO SERRA BL","JOHN DALY BL",0.00,,Y,A,-,N,,,,,,,,,,N,3,0,1,2,D,-,00,,,N,H,C,A,A,H,-,A,A,0,,,,,Y,,-,"- ",0,1,0,0,0,0,0,0,0,"- ","- ",37.705001831054688,-122.47075653076172,"SAN MATEO","DALY CITY",-122.47087097167969,37.704978942871094
9585765,2023,2023-05-31,4106,2023-02-10,1420,2092,3,5,5,6,4106,0,0,0,,0,002,"TEMPLETON AV","MISSION ST",5.00,E,N,A,-,N,,,,,,,,,,N,3,0,1,2,A,-,10,21950,A,N,G,B,B,A,H,-,A,A,0,Y,,,,Y,,A,01,0,1,0,0,1,0,0,0,0,"- ","- ",37.707969665527344,-122.45498657226562,"SAN MATEO","DALY CITY",-122.45503997802734,37.707988739013672
9586073,2023,2023-05-31,4106,2023-03-14,2013,2102,7,2,5,6,4106,0,0,0,,0,002,"CLARK AV","A ST",0.00,,Y,A,-,N,,,,,,,,,,Y,3,0,2,3,A,-,03,22350,,N,B,D,A,A,H,-,C,D,0,,,,,Y,,A,01,0,2,0,0,0,0,0,0,0,"- ","- ",37.686100006103516,-122.46080017089844,"SAN MATEO","DALY CITY",-122.46083068847656,37.686115264892578
9587668,2023,2023-06-13,4106,2023-05-23,2200,2173,12,2,5,6,4106,0,0,0,,0,005,"SOUTHGATE AV","LAKESHIRE DR",0.00,,Y,A,-,N,,,,,,,,,,Y,3,0,1,6,A,-,01,23153,A,N,D,D,F,A,H,-,C,D,0,Y,,,,Y,Y,A,01,0,1,0,0,0,0,0,0,0,"- ","- ",37.676120758056641,-122.48336791992188,"SAN MATEO","DALY CITY",-122.48336791992188,37.676105499267578
9587851,2023,2023-06-09,4106,2023-04-23,1200,2205,5,7,5,6,4106,0,0,0,,0,003,"SULLIVAN AV","87TH ST",0.00,,Y,A,-,N,,,,,,,,,,N,4,0,1,2,A,-,00,20001,B,F,D,C,A,A,H,-,A,A,0,,,,,Y,,D,22,0,0,1,0,0,0,0,0,0,"- ","- ",37.693260192871094,-122.47223663330078,"SAN MATEO","DALY CITY",-122.47222900390625,37.693260192871094
9592383,2023,2024-01-03,4106,2023-05-25,1145,2154,5,4,5,6,4106,0,0,0,,0,003,"MISSION ST","SAN PEDRO RD",0.00,,Y,B,-,N,,,,,,,,,,N,4,0,1,2,A,-,03,22350,,N,C,C,A,A,H,-,A,A,0,,,,,Y,,A,01,0,0,1,0,0,0,0,0,0,"- ","- ",37.689540863037109,-122.4659423828125,"SAN MATEO","DALY CITY",-122.46607208251953,37.689472198486328
9592384,2023,2023-08-07,4106,2023-05-19,2500,2200,13,5,5,6,4106,0,0,0,,0,006,"HICKEY BL","CAMPUS DR",0.00,,Y,A,B,N,,,,,,,,,,N,3,0,2,2,A,-,12,21453,A,N,D,C,A,A,H,-,A,A,0,,,,,Y,,A,01,0,2,0,0,0,0,0,0,0,"- ","- ",37.664569854736328,-122.47561645507812,"SAN MATEO","DALY CITY",-122.47560119628906,37.664577484130859
9592386,2023,2023-08-03,4106,2023-05-25,1534,2146,2,4,5,6,4106,0,0,0,,0,001,"ALTA VISTA WY","SOUTH HILL BL",0.00,,Y,A,-,N,,,,,,,,,,Y,2,0,1,3,A,-,03,22350,,N,B,C,A,A,H,-,A,D,0,,,,,Y,,A,01,1,0,0,0,0,0,0,0,0,"- ","- ",37.704071044921875,-122.44212341308594,"SAN MATEO","DALY CITY",-122.44210815429688,37.704086303710938
9592668,2023,2023-07-05,4106,2023-06-11,"350 ",2178,13,7,5,6,4106,0,0,0,,0,006,"HIGATE DR","CHRISTOPHER CT",0.00,,Y,B,-,N,,,,,,,,,,Y,3,0,2,2,A,-,01,23152,A,N,B,E,A,A,H,-,C,D,0,,,,,Y,Y,A,01,0,1,1,0,0,0,0,0,0,"- ","- ",37.669281005859375,-122.48220825195312,"SAN MATEO","DALY CITY",-122.48274230957031,37.669059753417969
9594015,2023,2023-08-09,4106,2023-05-19,1615,2151,4,5,5,6,4106,0,0,0,,0,003,"JUNIPERO SERRA BL","JOHN DALY BL",0.00,,Y,A,-,Y,SM,4,1,-,R,48.554,R,4,N,N,3,0,1,2,A,-,07,21658,,N,B,C,A,A,H,-,A,A,0,,,,,Y,,A,01,0,1,0,0,0,0,0,0,0,"- ","- ",37.705001831054688,-122.47075653076172,"SAN MATEO","DALY CITY",-122.47104644775391,37.708217620849609
9594023,2023,2023-08-01,4106,2023-06-22,1649,2131,1,4,5,6,4106,0,0,0,,0,001,"MACDONALD AV","BAYSHORE BL",0.00,,Y,A,-,N,,,,,,,,,,Y,4,0,1,2,A,-,08,22107,,N,A,C,A,A,H,-,A,D,0,,,,,Y,,D,82,0,0,1,0,0,0,0,0,0,"- ","- ",37.705318450927734,-122.40677642822266,"SAN MATEO","DALY CITY",-122.40676879882812,37.705318450927734
9596070,2023,2023-08-09,4106,2023-04-25,"829 ",1180,3,2,5,6,4106,0,0,0,,0,003,"EL CAMINO REAL","SAN PEDRO RD",324.00,S,N,A,-,Y,SM,4,82,-,-,23.690,H,-,S,N,4,0,1,2,A,-,08,22107,,N,C,C,A,A,H,-,A,D,0,,,,,Y,,A,01,0,0,1,0,0,0,0,0,0,"- ","- ",,,"SAN MATEO","DALY CITY",-122.46608734130859,37.688426971435547
9601786,2023,2023-09-21,4106,2023-06-29,1850,2069,5,4,5,6,4106,0,0,0,,0,003,"MISSION ST","SCHOOL ST",0.00,,Y,A,-,Y,SM,4,82,-,-,24.035,I,5,S,N,3,0,1,2,A,-,09,21802,A,M,G,G,A,A,H,-,-,A,0,,Y,,,Y,,-,,0,1,0,0,0,0,1,0,0,"- ","- ",37.693370819091797,-122.46494293212891,"SAN MATEO","DALY CITY",-122.46510314941406,37.693397521972656
9603024,2023,2023-09-08,4106,2023-07-01,1215,2205,11,6,5,6,4106,0,0,0,,0,005,"SKYLINE DR","NORTHRIDGE DR",0.00,,Y,B,G,N,,,,,,,,,,N,4,0,1,3,A,-,21,22106,,N,D,C,A,A,H,-,A,D,0,,,,,Y,,A,01,0,0,1,0,0,0,0,0,0,"- ","- ",,,"SAN MATEO","DALY CITY",-122.49098968505859,37.677700042724609
9603095,2023,2023-08-04,4106,2023-06-30,"215 ",2212,5,5,5,6,4106,0,0,0,,0,003,"SCHOOL ST","BRUNO AV",0.00,,Y,B,-,N,,,,,,,,,,Y,2,0,2,2,A,-,07,21658,A,N,D,E,A,A,H,-,C,D,0,,,,,Y,Y,A,01,1,1,0,0,0,0,0,0,0,"- ","- ",37.693378448486328,-122.46591186523438,"SAN MATEO","DALY CITY",-122.46589660644531,37.693378448486328
9603096,2023,2023-07-27,4106,2023-06-12,"730 ",2195,6,1,5,6,4106,0,0,0,,0,002,"EAST MARKET ST","MISSION ST",0.00,,Y,A,-,N,,,,,,,,,,N,3,0,1,2,A,-,17,21235,G,N,D,C,A,A,H,-,A,A,0,,,Y,,Y,,C,03,0,1,0,0,0,0,0,0,1,"- ","- ",37.689540863037109,-122.4659423828125,"SAN MATEO","DALY CITY",-122.46591949462891,37.689571380615234
9603098,2023,2023-07-27,4106,2023-06-10,1826,2188,3,6,5,6,4106,0,0,0,,0,002,"SAN JOSE AV","FLOURNOY ST",0.00,,Y,A,-,N,,,,,,,,,,N,4,0,1,2,A,-,12,21453,A,N,D,C,A,A,H,-,A,A,0,,,,,Y,Y,A,01,0,0,1,0,0,0,0,0,0,"- ","- ",37.707328796386719,-122.45993804931641,"SAN MATEO","DALY CITY",-122.45999908447266,37.707370758056641
9603269,2023,2023-08-01,4106,2023-03-30,1826,2092,4,4,5,6,4106,0,0,0,,0,003,"OHN DALY BL","JUNIPERO SERRA BL",0.00,,Y,A,-,N,,,,,,,,,,N,3,0,1,2,A,-,10,21950,A,F,G,B,B,A,H,-,A,B,0,Y,,,,Y,,A,01,0,1,0,0,1,0,0,0,0,"- ","- ",37.705001831054688,-122.47075653076172,"SAN MATEO","DALY CITY",-122.470753,37.705030999999998
9603270,2023,2023-08-01,4106,2023-04-15,"922 ",2215,14,6,5,6,4106,0,0,0,,0,006,"CALLAN BL","WEMBLY DR",24.00,N,N,A,-,N,,,,,,,,,,N,3,0,1,2,A,-,09,21803,B,N,D,C,A,A,H,-,A,A,0,,,,,Y,,A,01,0,1,0,0,0,0,0,0,0,"- ","- ",37.662010192871094,-122.4715576171875,"SAN MATEO","DALY CITY",-122.47158813476562,37.662040710449219
9603391,2023,2023-08-10,4106,2023-06-04,1018,2188,14,7,5,6,4106,0,0,0,,0,006,"GELLERT BL","GELLERT BL 541",22.00,W,N,A,-,N,,,,,,,,,,Y,4,0,2,2,A,-,17,22109,,N,C,C,A,-,H,-,A,D,0,,,,,Y,,A,01,0,0,2,0,0,0,0,0,0,"- ","- ",37.660228729248047,-122.46772766113281,"SAN MATEO","DALY CITY",,
9603394,2023,2023-08-10,4106,2023-06-02,1105,2154,13A,5,5,6,4106,0,0,0,,0,006,"SERRAMONTE BL","GELLERTY BL",584.00,W,N,A,-,N,,,,,,,,,,Y,4,0,1,2,D,-,00,,,N,D,C,A,A,H,-,A,A,0,,,,,Y,,-,"- ",0,0,1,0,0,0,0,0,0,"- ","- ",,,"SAN MATEO","DALY CITY",-122.47097778320312,37.669147491455078
9603415,2023,2023-08-14,4106,2023-07-08,1125,2205,3,6,5,6,4106,0,0,0,,0,002,"MISSION ST","GOETHE ST",0.00,,Y,A,-,N,,,,,,,,,,Y,3,0,1,2,A,-,09,21802,A,N,D,C,A,A,H,-,A,A,0,,,,,Y,,A,01,0,1,0,0,0,0,0,0,0,"- ","- ",37.707401275634766,-122.45670318603516,"SAN MATEO","DALY CITY",-122.45718383789062,37.707271575927734
9603895,2023,2023-09-12,4106,2023-05-09,1949,2092,4,2,5,6,4106,0,0,0,,0,003,"JUNIPERO SERRA BL",WESTLAKE,10.00,N,N,A,-,N,,,,,,,,,,N,3,0,1,2,A,-,03,22350,,N,C,C,A,A,H,-,A,A,0,,,,,Y,,A,01,0,1,0,0,0,0,0,0,0,"- ","- ",37.699451446533203,-122.47084808349609,"SAN MATEO","DALY CITY",-122.47137451171875,37.699428558349609
9604280,2023,2023-11-16,4106,2023-09-08,1925,2151,4,5,5,6,4106,0,0,0,,0,003,"FLOURNOY ST","SAN JOSE AV",0.00,,Y,A,-,N,,,,,,,,,,Y,3,0,2,2,A,-,12,21453,A,N,D,C,A,A,H,-,C,A,0,,,,,Y,,A,01,0,2,0,0,0,0,0,0,0,"- ","- ",37.707328796386719,-122.45993804931641,"SAN MATEO","DALY CITY",-122.45999908447266,37.707370758056641
9606504,2023,2023-08-30,4106,2023-06-30,1600,2178,5,5,5,6,4106,0,0,0,,0,003,"SAN PEDRO RD","DUNKS ST",0.00,,Y,E,-,N,,,,,,,,,,N,3,0,1,2,-,-,"- ",,,N,B,C,A,A,H,-,A,D,0,,Y,,,Y,,A,01,0,1,0,0,0,0,1,0,0,"- ","- ",37.687919616699219,-122.47020721435547,"SAN MATEO","DALY CITY",-122.46985626220703,37.686454772949219
9606505,2023,2023-10-04,4106,2023-06-26,1413,2146,5,1,5,6,4106,0,0,0,,0,003,"MISSION ST","VALLEY ST",0.00,,Y,A,B,N,,,,,,,,,,Y,3,0,1,2,A,-,09,21802,A,N,D,C,A,A,H,-,A,A,0,,,Y,,Y,,A,01,0,1,0,0,0,0,0,0,1,"- ","- ",37.687858581542969,-122.46575927734375,"SAN MATEO","DALY CITY",-122.46574401855469,37.687843322753906
9606506,2023,2023-08-30,4106,2023-06-20,1029,2146,1,2,5,6,4106,0,0,0,,0,001,"GENEVA AV","TALBERT ST",0.00,,Y,A,-,N,,,,,,,,,,N,3,0,1,1,A,-,08,22107,,N,E,I,A,A,H,-,A,D,0,,,,,Y,,A,01,0,1,0,0,0,0,0,0,0,"- ","- ",37.705230712890625,-122.4090576171875,"SAN MATEO","DALY CITY",-122.40904998779297,37.705219268798828
9606507,2023,2023-08-30,4106,2023-06-19,1152,2146,7,1,5,6,4106,0,0,0,,0,002,"CHESTER ST","SYLVAN ST",0.00,,Y,A,-,N,,,,,,,,,,N,4,0,1,2,A,-,09,21802,A,N,D,D,A,A,H,-,A,A,0,,,,,Y,,A,01,0,0,1,0,0,0,0,0,0,"- ","- ",37.687370300292969,-122.45871734619141,"SAN MATEO","DALY CITY",-122.45873260498047,37.687347412109375
9606508,2023,2023-08-30,4106,2023-06-12,2150,2137,10,1,5,6,4106,0,0,0,,0,004,"SKYLINE BL","WESTRIDGE AV",26.00,N,N,A,-,N,,,,,,,,,,Y,4,0,1,2,A,-,12,21453,,N,D,C,A,A,H,-,C,A,0,,,,,Y,,A,01,0,0,1,0,0,0,0,0,0,"- ","- ",37.690608978271484,-122.49260711669922,"SAN MATEO","DALY CITY",-122.49261474609375,37.690605163574219
9606641,2023,2023-09-06,4106,2023-06-12,1553,2146,5,1,5,6,4106,0,0,0,,0,003,"SULLIVAN AV","WASHINGTON ST",0.00,,Y,A,-,N,,,,,,,,,,N,4,0,1,2,A,-,08,22107,,N,B,C,A,A,H,-,A,D,0,,,,Y,Y,,F,76,0,0,1,0,0,0,0,0,0,"- ","- ",37.687900543212891,-122.47223663330078,"SAN MATEO","DALY CITY",-122.47222900390625,37.687915802001953
9606645,2023,2023-09-06,4106,2023-05-25,1452,2113,3,4,5,6,4106,0,0,0,,0,002,"MISSION ST","FLOURNOY ST",0.00,,Y,B,-,N,,,,,,,,,,N,3,0,1,2,A,-,11,21950,B,N,G,B,E,A,H,-,A,D,0,Y,,,,Y,Y,N,60,0,1,0,0,1,0,0,0,0,"- ","- ",37.707359313964844,-122.45816040039062,"SAN MATEO","DALY CITY",-122.45891571044922,37.706661224365234
9606657,2023,2023-09-05,4106,2023-07-19,1755,2102,5,3,5,6,4106,0,0,0,,0,003,"JUNIPERO SERRA BL","SAN PEDRO",0.00,,Y,A,B,N,,,,,,,,,,N,4,0,1,2,A,-,03,22350,,N,C,D,A,A,H,-,A,A,0,,,Y,,Y,,A,01,0,0,1,0,0,0,0,0,1,"- ","- ",37.686611175537109,-122.47029113769531,"SAN MATEO","DALY CITY",-122.47075653076172,37.685672760009766
9606661,2023,2023-09-07,4106,2023-07-28,"715 ",2205,10,5,5,6,4106,0,0,0,,0,004,"SKYLINE BL","WESTMOOR AV",0.00,,Y,B,-,N,,,,,,,,,,Y,3,0,1,2,A,-,12,21453,A,N,D,C,A,A,H,-,A,A,0,,,,,Y,,-,,0,1,0,0,0,0,0,0,0,"- ","- ",37.683338165283203,-122.48911285400391,"SAN MATEO","DALY CITY",-122.48910522460938,37.683341979980469
9606754,2023,2023-08-31,4106,2023-07-30,1244,2201,5,7,5,6,4106,0,0,0,,0,003,"MISSION ST","PRICE ST",8.00,N,N,A,-,N,,,,,,,,,,N,3,0,1,3,A,-,04,21703,,N,C,C,A,A,H,-,A,D,0,,,,,Y,,A,01,0,1,0,0,0,0,0,0,0,"- ","- ",,,"SAN MATEO","DALY CITY",-122.46501922607422,37.69293212890625
9606755,2023,2023-08-31,4106,2023-07-24,1438,2146,3,1,5,6,4106,0,0,0,,0,002,"MISSION ST","TEMPLETON AV",0.00,,Y,A,-,N,,,,,,,,,,N,3,0,1,2,A,-,12,22450,A,N,D,C,A,A,H,-,A,A,0,,,Y,,Y,,C,02,0,1,0,0,0,0,0,0,1,"- ","- ",37.707969665527344,-122.45498657226562,"SAN MATEO","DALY CITY",-122.45504760742188,37.708000183105469
9606756,2023,2023-08-31,4106,2023-07-23,1645,2205,12,7,5,6,4106,0,0,0,,0,005,"LINCOLN AV","SOUTHGATE AV",0.00,,Y,A,B,N,,,,,,,,,,N,2,0,1,2,A,-,07,21658,A,M,A,C,A,A,H,-,A,A,0,,,,,Y,,A,01,1,0,0,0,0,0,0,0,0,"- ","- ",37.679039001464844,-122.48603057861328,"SAN MATEO","DALY CITY",-122.48692321777344,37.678886413574219
9606757,2023,2023-08-31,4106,2023-07-22,1957,2178,4,6,5,6,4106,0,0,0,,0,003,"JOHN DALY BL","JUNIPERO SERRA BL",7.00,W,N,A,-,N,,,,,,,,,,Y,3,0,1,2,A,-,03,22350,,N,C,C,A,A,H,-,A,A,0,,,,,Y,,A,01,0,1,0,0,0,0,0,0,0,"- ","- ",37.705001831054688,-122.47075653076172,"SAN MATEO","DALY CITY",-122.47089385986328,37.704978942871094
9606758,2023,2023-08-31,4106,2023-07-18,"717 ",2146,1,2,5,6,4106,0,0,0,,0,001,"BAYSHORE BL","MACDONALD AV",0.00,,Y,A,-,N,,,,,,,,,,N,3,0,1,2,A,-,09,21802,A,N,B,C,A,A,H,-,A,A,0,,,Y,,Y,,A,07,0,1,0,0,0,0,0,0,1,"- ","- ",37.704681396484375,-122.40708923339844,"SAN MATEO","DALY CITY",-122.40676879882812,37.705318450927734
9606759,2023,2023-08-31,4106,2023-07-06,1400,2146,12,4,5,6,4106,0,0,0,,0,005,"LAKESHIRE DR","SANTA RITA AV",0.00,,Y,A,-,N,,,,,,,,,,N,3,0,1,3,A,-,08,22107,,N,D,C,A,A,H,-,A,D,0,,,,,Y,,A,01,0,1,0,0,0,0,0,0,0,"- ","- ",37.670619964599609,-122.48332977294922,"SAN MATEO","DALY CITY",-122.48332977294922,37.670642852783203
9607247,2023,2023-09-06,4106,2023-05-28,1840,2135,5,7,5,6,4106,0,0,0,,0,003,"PIERCE ST","BRYANT ST",12.00,S,N,A,-,N,,,,,,,,,,N,4,0,1,5,A,-,09,21802,,N,D,C,A,A,H,-,A,D,0,,,,,Y,Y,A,01,0,0,1,0,0,0,0,0,0,"- ","- ",37.686019897460938,-122.47325134277344,"SAN MATEO","DALY CITY",-122.47325897216797,37.686000823974609
9607248,2023,2023-09-11,4106,2023-05-22,2020,2092,9A,1,5,6,4106,0,0,0,,0,004,PONCETTA,"JOHN DALY BL",0.00,,Y,A,-,N,,,,,,,,,,Y,3,0,2,2,A,-,03,22350,,N,A,C,A,A,G,-,B,D,0,,,,,Y,,-,"- ",0,2,0,0,0,0,0,0,0,"- ","- ",37.702781677246094,-122.47360229492188,"SAN MATEO","DALY CITY",-122.47554016113281,37.704059600830078
9617518,2023,2023-09-07,4106,2023-08-07,1539,2146,13,1,5,6,4106,0,0,0,,0,006,"CALLAN BL","HICKEY BL",0.00,,Y,A,-,N,,,,,,,,,,N,3,0,1,2,A,-,09,21806,,N,D,C,A,A,H,-,A,A,0,,,,,Y,,A,07,0,1,0,0,0,0,0,0,0,"- ","- ",37.665340423583984,-122.47473907470703,"SAN MATEO","DALY CITY",-122.47473907470703,37.665298461914062
9617670,2022,2023-09-14,4106,2022-11-27,1543,2201,5,7,5,6,4106,0,0,0,,0,003,"SAN PEDRO RD",WASHINGTON,31.00,N,N,A,-,N,,,,,,,,,,N,3,0,1,2,A,-,04,21703,,N,C,D,A,A,H,-,A,A,0,,,,,Y,,A,01,0,1,0,0,0,0,0,0,0,"- ","- ",37.687839508056641,-122.46820831298828,"SAN MATEO","DALY CITY",-122.46816253662109,37.687873840332031
9620275,2023,2023-10-17,4106,2023-09-18,2329,2199,4,1,5,6,4106,0,0,0,,0,003,"JOHN DALY BL",DELONG,0.00,,Y,A,-,N,,,,,,,,,,N,4,0,1,2,A,-,04,21703,,F,C,C,A,A,H,-,C,A,0,,,,,Y,,A,01,0,0,1,0,0,0,0,0,0,"- ","- ",37.705020904541016,-122.46901702880859,"SAN MATEO","DALY CITY",-122.46782684326172,37.705284118652344
9620276,2023,2023-10-17,4106,2023-09-09,2250,2195,3,6,5,6,4106,0,0,0,,0,002,"MISSION ST","EVERGREEN AV",0.00,,Y,A,-,N,,,,,,,,,,N,3,0,1,2,A,-,10,21950,A,N,G,B,B,A,H,-,C,D,0,Y,,,,Y,,A,07,0,1,0,0,1,0,0,0,0,"- ","- ",37.707401275634766,-122.45670318603516,"SAN MATEO","DALY CITY",-122.45673370361328,37.707416534423828
9622415,2023,2023-11-02,4106,2023-09-07,1536,2146,5,4,5,6,4106,0,0,0,,0,003,"SCHOOL ST","STATION AV",0.00,,Y,A,-,N,,,,,,,,,,N,3,0,3,4,A,-,00,21450,A,N,D,C,A,A,H,-,B,A,0,,,,,Y,,A,01,0,3,0,0,0,0,0,0,0,"- ","- ",37.693370819091797,-122.46901702880859,"SAN MATEO","DALY CITY",-122.46902465820312,37.693378448486328
9622417,2023,2023-11-02,4106,2023-09-19,1719,2213,7,2,5,6,4106,0,0,0,,0,002,"ORANGE ST","HOFFMAN ST",0.00,,Y,A,-,N,,,,,,,,,,N,3,0,1,2,A,-,10,21950,A,N,G,B,B,A,H,-,A,D,0,Y,,,,Y,,A,01,0,1,0,0,1,0,0,0,0,"- ","- ",37.690101623535156,-122.45420074462891,"SAN MATEO","DALY CITY",-122.45420074462891,37.690101623535156
9622418,2023,2023-11-01,4106,2023-09-20,"830 ",2154,6,3,5,6,4106,0,0,0,,0,002,"MISSION ST","E MOLTKE ST",0.00,,Y,B,-,N,,,,,,,,,,N,2,0,1,2,A,-,10,21950,A,N,G,B,B,A,H,-,A,D,0,Y,,,,Y,,A,07,1,0,0,0,1,0,0,0,0,"- ","- ",37.694389343261719,-122.46476745605469,"SAN MATEO","DALY CITY",-122.46479034423828,37.694412231445312
9622419,2023,2023-11-02,4106,2023-09-11,"810 ",2146,10,1,5,6,4106,0,0,0,,0,004,"WESTMOOR AV","SKYLINE BL",0.00,,Y,A,-,N,,,,,,,,,,N,3,0,1,2,A,-,17,21200,A,N,H,G,A,A,H,-,A,A,0,,Y,,,Y,,L,04,0,1,0,0,0,0,1,0,0,"- ","- ",37.683338165283203,-122.48911285400391,"SAN MATEO","DALY CITY",-122.48910522460938,37.683341979980469
9622420,2023,2023-11-02,4106,2023-09-19,"800 ",2154,4,2,5,6,4106,0,0,0,,0,003,"JUNIPERO SERRA BL","JOHN DALY BL",930.00,S,N,B,-,N,,,,,,,,,,N,3,0,1,2,A,-,06,21750,A,N,B,G,A,A,H,-,A,D,0,,Y,,,Y,,A,01,0,1,0,0,0,0,1,0,0,"- ","- ",37.702541351318359,-122.47038269042969,"SAN MATEO","DALY CITY",-122.47088623046875,37.702430725097656
9622673,2023,2023-11-15,4106,2023-09-13,1020,2154,12,3,5,6,4106,0,0,0,,0,005,"SAINT FRANCIS BL","SOUTHGATE AV",0.00,,Y,A,-,N,,,,,,,,,,N,2,0,1,2,A,-,10,21950,A,N,G,B,B,A,H,-,A,A,0,Y,,,,Y,,A,08,1,0,0,0,1,0,0,0,0,"- ","- ",37.675868988037109,-122.47959136962891,"SAN MATEO","DALY CITY",-122.47957611083984,37.675853729248047
9622676,2023,2024-06-25,4106,2023-09-06,"802 ",2146,1,3,5,6,4106,0,0,0,,0,001,"GENEVA AV","SCHWERIN ST",0.00,,Y,A,-,N,,,,,,,,,,N,3,0,3,2,A,-,09,21804,A,N,A,C,A,A,H,-,A,A,0,,,,,Y,,A,01,0,1,2,0,0,0,0,0,0,"- ","- ",37.706451416015625,-122.41319274902344,"SAN MATEO","DALY CITY",-122.41324615478516,37.706329345703125
9624202,2023,2023-11-08,4106,2023-08-30,"652 ",2146,1,3,5,6,4106,0,0,0,,0,001,"SCHWEIN ST","MARTIN ST",0.00,,Y,A,-,N,,,,,,,,,,N,1,1,0,2,A,-,"- ",,2,N,G,B,B,A,H,-,B,A,0,Y,,,,Y,,A,01,0,0,0,1,0,0,0,0,0,"- ","- ",37.701160430908203,-122.41555786132812,"SAN MATEO","DALY CITY",-122.41560363769531,37.701091766357422