CASE_ID,ACCIDENT_YEAR,PROC_DATE,JURIS,COLLISION_DATE,COLLISION_TIME,OFFICER_ID,REPORTING_DISTRICT,DAY_OF_WEEK,CHP_SHIFT,POPULATION,CNTY_CITY_LOC,SPECIAL_COND,BEAT_TYPE,CHP_BEAT_TYPE,CITY_DIVISION_LAPD,CHP_BEAT_CLASS,BEAT_NUMBER,PRIMARY_RD,SECONDARY_RD,DISTANCE,DIRECTION,INTERSECTION,WEATHER_1,WEATHER_2,STATE_HWY_IND,CALTRANS_COUNTY,CALTRANS_DISTRICT,STATE_ROUTE,ROUTE_SUFFIX,POSTMILE_PREFIX,POSTMILE,LOCATION_TYPE,RAMP_INTERSECTION,SIDE_OF_HWY,TOW_AWAY,COLLISION_SEVERITY,NUMBER_KILLED,NUMBER_INJURED,PARTY_COUNT,PRIMARY_COLL_FACTOR,PCF_CODE_OF_VIOL,PCF_VIOL_CATEGORY,PCF_VIOLATION,PCF_VIOL_SUBSECTION,HIT_AND_RUN,TYPE_OF_COLLISION,MVIW,PED_ACTION,ROAD_SURFACE,ROAD_COND_1,ROAD_COND_2,LIGHTING,CONTROL_DEVICE,CHP_ROAD_TYPE,PEDESTRIAN_ACCIDENT,BICYCLE_ACCIDENT,MOTORCYCLE_ACCIDENT,TRUCK_ACCIDENT,NOT_PRIVATE_PROPERTY,ALCOHOL_INVOLVED,STWD_VEHTYPE_AT_FAULT,CHP_VEHTYPE_AT_FAULT,COUNT_SEVERE_INJ,COUNT_VISIBLE_INJ,COUNT_COMPLAINT_PAIN,COUNT_PED_KILLED,COUNT_PED_INJURED,COUNT_BICYCLIST_KILLED,COUNT_BICYCLIST_INJURED,COUNT_MC_KILLED,COUNT_MC_INJURED,PRIMARY_RAMP,SECONDARY_RAMP,LATITUDE,LONGITUDE,COUNTY,CITY,POINT_X,POINT_Y
9624583,2023,2023-09-28,4106,2023-08-21,1601,2146,10,1,5,6,4106,0,0,0,,0,004,"SKYLINE BL","WESTRIDGE DR",0.00,,Y,A,-,N,,,,,,,,,,Y,2,0,1,2,A,-,12,21453,A,N,D,C,A,A,H,-,A,A,0,,,,,Y,,A,01,1,0,0,0,0,0,0,0,0,"- ","- ",37.690608978271484,-122.49260711669922,"SAN MATEO","DALY CITY",-122.49263000488281,37.690597534179688
9624584,2023,2023-09-28,4106,2023-08-17,"830 ",2154,5,4,5,6,4106,0,0,0,,0,003,"SAN PEDRO RD","ALLEMANY ST",0.00,,Y,A,-,N,,,,,,,,,,N,3,0,1,2,A,-,00,21951,B,N,G,B,B,A,H,-,A,D,0,Y,,,,Y,,A,07,0,1,0,0,1,0,0,0,0,"- ","- ",37.688388824462891,-122.46759033203125,"SAN MATEO","DALY CITY",-122.46762084960938,37.688346862792969
9624758,2023,2023-10-11,4106,2023-08-30,1359,2215,5,3,5,6,4106,0,0,0,,0,003,"WASHINGTON ST","HILL ST",47.00,E,N,A,-,N,,,,,,,,,,N,3,0,1,3,A,-,04,21703,,N,C,C,A,A,H,-,A,A,0,,,,,Y,,A,01,0,1,0,0,0,0,0,0,0,"- ","- ",37.687839508056641,-122.46820831298828,"SAN MATEO","DALY CITY",-122.46852874755859,37.687911987304688
9625169,2023,2023-10-05,4106,2023-08-26,1428,2200,10,6,5,6,4106,0,0,0,,0,004,"WESTRIDGE AV","SKYLINE BL",0.00,,Y,A,-,Y,SM,4,35,-,-,30.270,I,5,N,Y,3,0,2,3,A,-,03,22350,A,N,D,C,A,A,A,B,A,A,0,,,,,Y,,A,01,0,2,0,0,0,0,0,0,0,"- ","- ",37.690608978271484,-122.49260711669922,"SAN MATEO","DALY CITY",-122.49263763427734,37.690624237060547
9628453,2023,2023-10-20,4106,2023-08-03,1441,2141,10,4,5,6,4106,0,0,0,,0,004,"JOHN DALY BL","RT 35",678.00,E,N,B,-,N,,,,,,,,,,N,4,0,1,2,A,-,03,22350,,N,H,G,A,A,H,-,A,A,0,,Y,,,Y,,A,01,0,0,1,0,0,0,1,0,0,"- ","- ",37.698459625244141,-122.49484252929688,"SAN MATEO","DALY CITY",-122.49266815185547,37.6990966796875
9631421,2023,2023-11-13,4106,2023-10-05,1312,2154,5,4,5,6,4106,0,0,0,,0,003,"SAN PEDRO RD","MISSION ST",16.00,W,N,A,-,N,,,,,,,,,,N,4,0,2,2,A,-,03,22350,,N,C,C,A,A,H,-,A,D,0,,,,,Y,,A,01,0,0,2,0,0,0,0,0,0,"- ","- ",37.689540863037109,-122.4659423828125,"SAN MATEO","DALY CITY",-122.46611022949219,37.689437866210938
9631422,2023,2023-11-13,4106,2023-10-06,1255,2154,5,5,5,6,4106,0,0,0,,0,003,"WASHINGTON ST","JUNIPERO SERRA BL",0.00,,Y,A,-,N,,,,,,,,,,Y,3,0,2,2,A,-,17,21451,A,N,D,E,A,A,H,-,A,A,0,,,,,Y,,A,01,0,1,1,0,0,0,0,0,0,WO,"- ",37.687908172607422,-122.47032928466797,"SAN MATEO","DALY CITY",-122.47030639648438,37.687896728515625
9631423,2023,2023-11-13,4106,2023-10-24,1500,2092,3,2,5,6,4106,0,0,0,,0,002,"GOETHE ST","MISSION ST",5.00,W,N,A,-,N,,,,,,,,,,N,3,0,1,2,A,-,17,21200,A,N,H,G,A,A,H,-,A,A,0,,Y,,,Y,,L,04,0,1,0,0,0,0,1,0,0,"- ","- ",37.707321166992188,-122.45719146728516,"SAN MATEO","DALY CITY",-122.45719146728516,37.707283020019531
9631424,2023,2023-11-13,4106,2023-10-05,1724,2092,6,4,5,6,4106,0,0,0,,0,002,"E MOLTKE ST","MISSION ST",150.00,E,N,A,-,N,,,,,,,,,,N,3,0,1,1,A,-,21,22106,,N,E,I,A,A,H,-,A,D,0,,,,,Y,,A,01,0,1,0,0,0,0,0,0,0,"- ","- ",,,"SAN MATEO","DALY CITY",-122.46427154541016,37.694381713867188
9631425,2023,2023-11-13,4106,2023-10-01,1103,2201,2,7,5,6,4106,0,0,0,,0,001,"MAR VISTA","MAR VISTA DR",14.00,E,N,A,-,N,,,,,,,,,,Y,3,0,1,1,A,-,03,22350,,N,E,I,A,A,H,-,A,D,0,,,,,Y,,A,01,0,1,0,0,0,0,0,0,0,"- ","- ",,,"SAN MATEO","DALY CITY",,
9631510,2023,2023-11-07,4106,2023-09-08,1420,2205,5,5,5,6,4106,0,0,0,,0,003,"SAN PEDRO RD","DUNKS ST",0.00,,Y,A,-,N,,,,,,,,,,Y,4,0,1,2,A,-,09,21801,A,N,D,C,A,A,H,-,A,D,0,,,Y,,Y,,A,01,0,0,1,0,0,0,0,0,1,"- ","- ",37.687919616699219,-122.47020721435547,"SAN MATEO","DALY CITY",-122.46985626220703,37.686454772949219
9631511,2023,2023-11-07,4106,2023-09-20,1056,2146,5,3,5,6,4106,0,0,0,,0,003,"BRYANT ST","WASHINGTON ST",0.00,,Y,A,-,N,,,,,,,,,,N,3,0,4,3,A,-,09,21804,A,N,D,C,A,A,H,-,A,A,0,,,,,Y,,A,01,0,2,2,0,0,0,0,0,0,"- ","- ",37.687881469726562,-122.47328186035156,"SAN MATEO","DALY CITY",-122.47327423095703,37.687877655029297
9631512,2023,2023-11-07,4106,2023-09-17,"440 ",2195,3,7,5,6,4106,0,0,0,,0,002,"ACTON ST","HANOVER ST",84.00,W,N,A,-,N,,,,,,,,,,N,3,0,1,3,A,-,03,22350,,N,C,E,A,A,H,-,C,D,0,,,,,Y,,A,01,0,1,0,0,0,0,0,0,0,"- ","- ",37.706520080566406,-122.45171356201172,"SAN MATEO","DALY CITY",-122.45146179199219,37.706562042236328
9631513,2023,2023-11-30,4106,2023-09-06,1051,2146,13B,3,5,6,4106,0,0,0,,0,006,"HICKEY BL","RT 280",0.00,,Y,A,-,Y,SM,4,280,-,R,24.421,R,4,S,N,3,0,1,2,A,-,03,22350,,N,C,C,A,A,H,-,A,A,0,,,,,Y,,A,01,0,1,0,0,0,0,0,0,0,"- ",SF,37.664569854736328,-122.46901702880859,"SAN MATEO","DALY CITY",-122.46590423583984,37.666618347167969
9631514,2023,2023-11-07,4106,2023-09-24,1431,2205,3,7,5,6,4106,0,0,0,,0,002,"FRANKFORT ST","WHITTIER ST",0.00,,Y,A,-,N,,,,,,,,,,N,3,0,1,2,A,-,09,21804,A,N,D,C,A,A,H,-,A,D,0,,,Y,,Y,,C,03,0,1,0,0,0,0,0,0,1,"- ","- ",37.705799102783203,-122.44590759277344,"SAN MATEO","DALY CITY",-122.44590759277344,37.705780029296875
9631515,2023,2023-11-17,4106,2023-09-14,1635,2032,5,4,5,6,4106,0,0,0,,0,003,"JUNIPERO SERRA BL","WASHINGTON ST",100.00,S,N,B,-,N,,,,,,,,,,Y,3,0,1,2,A,-,09,21801,A,N,D,C,A,A,H,-,B,A,0,,,,,Y,,A,07,0,1,0,0,0,0,0,0,0,"- ","- ",37.687908172607422,-122.47032928466797,"SAN MATEO","DALY CITY",-122.47077941894531,37.688064575195312
9631874,2023,2023-11-17,4106,2023-10-07,1851,2184,1,6,5,6,4106,0,0,0,,0,001,"GENEVA AV","SCHWERIN ST",0.00,,Y,A,-,N,,,,,,,,,,Y,3,0,4,2,A,-,09,21801,A,N,B,C,A,A,H,-,C,A,0,,,,,Y,,I,20,0,4,0,0,0,0,0,0,0,"- ","- ",37.706451416015625,-122.41319274902344,"SAN MATEO","DALY CITY",-122.41324615478516,37.706329345703125
9641989,2023,2023-12-18,4106,2023-09-27,"750 ",2154,11,3,5,6,4106,0,0,0,,0,005,"SKYLINE DR","WESTMOOR AV",0.00,,Y,A,-,N,,,,,,,,,,Y,4,0,1,2,A,-,09,21802,A,N,D,C,A,A,H,-,A,D,0,,,,,Y,,D,82,0,0,1,0,0,0,0,0,0,"- ","- ",37.683479309082031,-122.49014282226562,"SAN MATEO","DALY CITY",-122.49012756347656,37.683467864990234
9642241,2023,2023-12-19,4106,2023-09-21,1605,2146,4,4,5,6,4106,0,0,0,,0,003,"SANTA BARBARA AV","JOHN DALY BL",0.00,,Y,A,-,N,,,,,,,,,,N,3,0,1,1,A,-,08,22107,,N,E,I,A,A,H,-,A,A,0,,,,,Y,,A,07,0,1,0,0,0,0,0,0,0,"- ","- ",37.705101013183594,-122.46412658691406,"SAN MATEO","DALY CITY",-122.46411895751953,37.705104827880859
9642242,2023,2023-12-19,4106,2023-09-23,1530,2092,8,6,5,6,4106,0,0,0,,0,004,"JOHN DALY BL","PONCETTA DR",0.00,,Y,A,-,N,,,,,,,,,,N,4,0,1,2,A,-,03,22350,,N,C,C,A,A,H,-,A,A,0,,,,,Y,,A,01,0,0,1,0,0,0,0,0,0,"- ","- ",37.704071044921875,-122.47554016113281,"SAN MATEO","DALY CITY",-122.47554016113281,37.704059600830078
9642243,2023,2023-12-19,4106,2023-09-17,"937 ",2192,9,7,5,6,4106,0,0,0,,0,004,"SOUTHGATE AV","BROOKLAWN AV",56.00,S,N,A,-,N,,,,,,,,,,Y,3,0,1,1,A,-,07,21658,A,N,C,E,A,A,H,-,A,D,0,,,,,Y,,A,01,0,1,0,0,0,0,0,0,0,"- ","- ",,,"SAN MATEO","DALY CITY",-122.49105834960938,37.691905975341797
9642244,2023,2023-12-19,4106,2023-09-19,"823 ",2146,5,2,5,6,4106,0,0,0,,0,003,"MISSION ST","BISMARK ST",0.00,,Y,A,-,N,,,,,,,,,,N,3,0,2,3,A,-,04,21703,,N,C,C,A,A,H,-,A,D,0,,,,,Y,,A,01,0,2,0,0,0,0,0,0,0,"- ","- ",37.695781707763672,-122.46470642089844,"SAN MATEO","DALY CITY",-122.46469879150391,37.695770263671875
9642261,2023,2023-12-13,4106,2023-10-27,1906,2151,1,5,5,6,4106,0,0,0,,0,001,"RIO VERDE ST","GENEVA AV",0.00,,Y,A,-,N,,,,,,,,,,Y,3,0,1,2,A,-,"- ",,,N,D,C,A,A,H,-,C,A,0,,,,,Y,,A,01,0,1,0,0,0,0,0,0,0,"- ","- ",37.707061767578125,-122.41580200195312,"SAN MATEO","DALY CITY",-122.41578674316406,37.707111358642578
9642262,2023,2023-12-14,4106,2023-10-29,1426,2200,1B,7,5,6,4106,0,0,0,,0,001,"SAGE ST","MARTIN ST",0.00,,Y,A,-,N,,,,,,,,,,N,3,0,1,2,A,-,12,22450,A,N,G,B,E,A,H,-,A,A,0,Y,,,,Y,,N,60,0,1,0,0,1,0,0,0,0,"- ","- ",37.701011657714844,-122.41478729248047,"SAN MATEO","DALY CITY",-122.41515350341797,37.700855255126953
9642281,2023,2024-01-23,4106,2023-11-10,1813,2136,5,5,5,6,4106,0,0,0,,0,003,"WASHINGTON ST","JUNIPERO SERRA BL",0.00,,Y,A,-,N,,,,,,,,,,Y,3,0,1,2,A,-,09,21801,A,N,A,C,A,A,H,-,C,A,0,,,,,Y,,A,07,0,1,0,0,0,0,0,0,0,"- ","- ",37.687908172607422,-122.47032928466797,"SAN MATEO","DALY CITY",-122.47030639648438,37.687896728515625
9642282,2023,2024-01-23,4106,2023-11-30,1615,2173,14,4,5,6,4106,0,0,0,,0,006,"KING CT","CALLAN BL",507.00,W,N,A,-,N,,,,,,,,,,N,3,0,2,2,A,-,21,22106,,N,B,C,A,A,H,-,A,D,0,,,,,Y,,A,01,0,2,0,0,0,0,0,0,0,"- ","- ",37.650669097900391,-122.46951293945312,"SAN MATEO","DALY CITY",-122.470458984375,37.649593353271484
9647598,2023,2024-01-23,4106,2023-11-01,1100,2188,4,3,5,6,4106,0,0,0,,0,003,"JOHN DALY BL","MISSION ST",0.00,,Y,A,-,N,,,,,,,,,,Y,3,0,1,2,A,-,03,22350,,N,C,D,A,A,H,-,A,A,0,,,,,Y,,A,01,0,1,0,0,0,0,0,0,0,"- ","- ",37.704940795898438,-122.46243286132812,"SAN MATEO","DALY CITY",-122.46244049072266,37.704933166503906
9647599,2023,2024-01-23,4106,2023-11-01,1145,1180,13A,3,5,6,4106,0,0,0,,0,006,"SERRAMONTE CTR","CALLAN BL",340.00,E,N,A,-,N,,,,,,,,,,Y,3,0,1,2,B,-,22,,,N,A,C,A,A,H,-,A,D,0,,,,,Y,,A,01,0,1,0,0,0,0,0,0,0,"- ","- ",37.669208526611328,-122.46897888183594,"SAN MATEO","DALY CITY",-122.47431182861328,37.669399261474609
9649085,2023,2023-12-29,4106,2023-10-30,"739 ",1137,5,1,5,6,4106,0,0,0,,0,003,"SULLIVAN AV","92ND ST",0.00,,Y,A,-,N,,,,,,,,,,Y,4,0,1,2,A,-,12,22450,A,N,D,C,A,A,H,-,A,D,0,,,,,Y,,A,01,0,0,1,0,0,0,0,0,0,"- ","- ",37.689708709716797,-122.47225189208984,"SAN MATEO","DALY CITY",-122.47222900390625,37.689712524414062
9649086,2023,2023-12-29,4106,2023-10-31,1300,2154,5,2,5,6,4106,0,0,0,,0,003,"PIERCE ST","SULLIVAN AV",155.00,W,N,A,-,N,,,,,,,,,,N,4,0,3,3,A,-,09,21804,A,N,D,C,A,A,H,-,A,D,0,,,,,Y,,A,01,0,0,3,0,0,0,0,0,0,"- ","- ",37.686019897460938,-122.47223663330078,"SAN MATEO","DALY CITY",-122.47275543212891,37.686000823974609
9649087,2023,2023-12-29,4106,2023-10-02,2026,2092,8A,1,5,6,4106,0,0,0,,0,004,"LAKE MERCED BL","SOUTHGATE AV",250.00,N,N,A,-,N,,,,,,,,,,N,3,0,1,2,A,-,11,21954,A,N,G,B,D,A,H,-,C,D,0,Y,,,,Y,Y,N,60,0,1,0,0,1,0,0,0,0,"- ","- ",37.698898315429688,-122.48307800292969,"SAN MATEO","DALY CITY",-122.48338317871094,37.698291778564453
9649088,2023,2024-01-03,4106,2023-10-30,"456 ",2205,4,1,5,6,4106,0,0,0,,0,003,"JOHN DALY BL","NIANTIC AV",40.00,E,N,A,-,N,,,,,,,,,,Y,3,0,2,1,A,-,03,22350,,N,E,I,A,A,H,-,D,A,0,,,,,Y,,A,01,0,2,0,0,0,0,0,0,0,"- ","- ",37.705009460449219,-122.46823883056641,"SAN MATEO","DALY CITY",-122.46944427490234,37.705009460449219
9649089,2023,2023-12-29,4106,2023-10-04,1145,2146,3,3,5,6,4106,0,0,0,,0,002,"MISSION ST","SAN JOSE AV",0.00,,Y,A,-,N,,,,,,,,,,N,3,0,1,2,A,-,11,21955,,N,G,B,D,A,H,-,A,D,0,Y,,,,Y,,N,60,0,1,0,0,1,0,0,0,0,"- ","- ",37.706638336181641,-122.45925903320312,"SAN MATEO","DALY CITY",-122.46112823486328,37.706245422363281
9649091,2023,2023-12-29,4106,2023-10-11,"835 ",2092,4,3,5,6,4106,0,0,0,,0,003,"MIRIAM ST","WESTLAKE AV",0.00,,Y,A,-,N,,,,,,,,,,N,3,0,1,2,A,-,10,21950,A,N,G,B,B,A,H,-,A,A,0,Y,,,,Y,,A,01,0,1,0,0,1,0,0,0,0,"- ","- ",37.699478149414062,-122.46494293212891,"SAN MATEO","DALY CITY",-122.46495056152344,37.699489593505859
9649092,2023,2023-12-29,4106,2023-10-27,1400,2154,3,5,5,6,4106,0,0,0,,0,002,"WINCHESTER ST","CROCKER AV",0.00,,Y,A,-,N,,,,,,,,,,Y,4,0,2,2,A,-,09,21802,A,N,D,C,A,A,H,-,A,D,0,,,,,Y,,A,07,0,0,2,0,0,0,0,0,0,"- ","- ",37.704761505126953,-122.45777130126953,"SAN MATEO","DALY CITY",-122.457763671875,37.704761505126953
9649171,2023,2024-01-03,4106,2023-11-02,"142 ",2193,3,4,5,6,4106,0,0,0,,0,002,"SAN JOSE AV","FLOURNOY ST",17.00,W,N,A,-,N,,,,,,,,,,Y,3,0,2,2,A,-,09,21801,A,N,D,D,A,A,H,-,C,A,0,,,,,Y,Y,A,01,0,2,0,0,0,0,0,0,0,"- ","- ",37.707328796386719,-122.45993804931641,"SAN MATEO","DALY CITY",-122.46003723144531,37.707332611083984
9649172,2023,2024-01-03,4106,2023-11-06,1402,2166,6,1,5,6,4106,0,0,0,,0,002,"HILLSIDE BL","E VISTA AV",0.00,,Y,A,-,N,,,,,,,,,,N,2,0,2,5,A,-,06,21750,A,F,B,C,A,A,H,-,A,D,0,,,Y,,Y,,A,01,2,0,0,0,0,0,0,0,1,"- ","- ",37.700668334960938,-122.46219635009766,"SAN MATEO","DALY CITY",-122.46222686767578,37.703159332275391
9649173,2023,2024-01-03,4106,2023-11-13,1820,2222,4,1,5,6,4106,0,0,0,,0,003,"MISSION ST","COMO AV",10.00,N,N,A,-,N,,,,,,,,,,N,3,0,1,2,A,-,08,22107,,N,A,D,A,A,H,-,C,D,0,,,Y,,Y,Y,A,01,0,1,0,0,0,0,0,0,1,"- ","- ",37.700199127197266,-122.46379089355469,"SAN MATEO","DALY CITY",-122.46372222900391,37.700183868408203
9649174,2023,2023-12-29,4106,2023-11-03,2030,2205,5,5,5,6,4106,0,0,0,,0,003,"JUNIPERO SERRA BL","SAN PEDRO RD",0.00,,Y,A,-,N,,,,,,,,,,Y,3,0,1,2,A,-,04,21703,,N,C,C,A,A,H,-,C,A,0,,,,,Y,,A,01,0,1,0,0,0,0,0,0,0,"- ","- ",37.685710906982422,-122.47077941894531,"SAN MATEO","DALY CITY",-122.47075653076172,37.685672760009766
9649175,2023,2023-12-29,4106,2023-11-17,1504,2092,7,5,5,6,4106,0,0,0,,0,002,"LISBON ST","BYRNE ST",0.00,,Y,A,-,N,,,,,,,,,,N,3,0,1,2,A,-,10,21950,A,N,G,B,B,A,H,-,A,A,0,Y,,,,Y,,A,01,0,1,0,0,1,0,0,0,0,"- ","- ",37.688770294189453,-122.45973205566406,"SAN MATEO","DALY CITY",-122.45973205566406,37.688758850097656
9649678,2023,2023-12-30,4106,2023-09-15,1200,2205,12,5,5,6,4106,0,0,0,,0,005,"SOUTHGATE AV","SAINT FRANCIS BL",0.00,,Y,B,-,N,,,,,,,,,,N,4,0,1,2,D,-,00,,,N,D,C,A,A,H,-,A,A,0,,,,,Y,,-,"- ",0,0,1,0,0,0,0,0,0,"- ","- ",37.675868988037109,-122.47959136962891,"SAN MATEO","DALY CITY",-122.47957611083984,37.675853729248047
9652502,2023,2024-02-01,4106,2023-12-21,2315,2195,5,4,5,6,4106,0,0,0,,0,003,"87TH ST","EDGEWORTH AV",80.00,W,N,A,-,N,,,,,,,,,,N,3,0,1,2,A,-,08,22107,,M,H,G,A,A,H,-,C,D,0,,Y,,,Y,,L,04,0,1,0,0,0,0,1,0,0,"- ","- ",37.693218231201172,-122.474609375,"SAN MATEO","DALY CITY",-122.47480773925781,37.693248748779297
9652503,2023,2024-02-01,4106,2023-12-12,"836 ",2146,5,2,5,6,4106,0,0,0,,0,003,"SAN PEDRO RD","SULLIVAN AV",0.00,,Y,A,-,N,,,,,,,,,,Y,4,0,1,2,A,-,03,22350,,N,C,C,A,A,H,-,A,A,0,,,,,Y,,A,01,0,0,1,0,0,0,0,0,0,"- ","- ",37.684528350830078,-122.47216796875,"SAN MATEO","DALY CITY",-122.47223663330078,37.684494018554688
9654166,2024,2024-01-31,4106,2024-01-01,1857,2315,8,1,5,6,4106,0,0,0,,0,004,"JOHN DALY BL","PONCETTA DR",105.00,E,N,A,-,N,,,,,,,,,,N,4,0,1,2,A,-,03,22350,,M,C,C,A,A,H,-,C,A,0,,,Y,,Y,,C,02,0,0,1,0,0,0,0,0,0,"- ","- ",,,"SAN MATEO","DALY CITY",-122.47520446777344,37.70416259765625
9654402,2023,2024-03-14,4106,2023-11-29,1817,2135,9,3,5,6,4106,0,0,0,,0,004,"SOUTHGATE AV","WINDSOR DR",80.00,E,N,A,-,N,,,,,,,,,,N,3,0,1,2,A,-,08,22107,,N,B,G,A,A,H,-,C,D,0,,Y,,,Y,,A,01,0,1,0,0,0,0,1,0,0,"- ","- ",,,"SAN MATEO","DALY CITY",-122.4853515625,37.697315216064453
9654403,2023,2024-01-22,4106,2023-10-14,1935,2205,9,6,5,6,4106,0,0,0,,0,004,"EASTMOOR AV","WESTMOOR HIGH SCHOOL ENTRANCE",0.00,,Y,E,-,N,,,,,,,,,,N,2,0,1,1,A,-,13,22515,A,N,H,A,A,A,H,-,A,D,0,,,,,Y,,A,01,1,0,0,0,0,0,0,0,0,"- ","- ",37.686298370361328,-122.48281860351562,"SAN MATEO","DALY CITY",-122.48411560058594,37.685710906982422
9654407,2023,2024-01-30,4106,2023-10-30,"216 ",2210,5,1,5,6,4106,0,0,0,,0,003,"MISSION ST","VALE ST",0.00,,Y,A,-,N,,,,,,,,,,N,3,0,1,1,A,-,"- ",,,N,H,A,A,A,H,-,C,D,0,,Y,,,Y,,-,,0,1,0,0,0,0,1,0,0,"- ","- ",37.691650390625,-122.46530151367188,"SAN MATEO","DALY CITY",-122.46546936035156,37.691604614257812
9654432,2023,2024-01-23,4106,2023-11-08,"712 ",2146,1A,3,5,6,4106,0,0,0,,0,001,"GENEVA AV","RIO VERDE ST",0.00,,Y,A,-,N,,,,,,,,,,N,4,0,1,2,A,-,03,22350,,N,C,C,A,A,H,-,A,D,0,,,,,Y,,A,01,0,0,1,0,0,0,0,0,0,"- ","- ",37.706928253173828,-122.41631317138672,"SAN MATEO","DALY CITY",-122.41578674316406,37.707111358642578
9655048,2023,2024-06-06,4106,2023-12-20,2227,2222,6,3,5,6,4106,0,0,0,,0,002,"HILLSIDE BL","GAMBETTA ST",14.00,W,N,A,-,N,,,,,,,,,,N,3,0,1,2,-,-,"- ",,,N,B,C,A,A,H,-,C,A,0,,,,,Y,,A,01,0,1,0,0,0,0,0,0,0,"- ","- ",37.698841094970703,-122.46209716796875,"SAN MATEO","DALY CITY",-122.46209716796875,37.698829650878906
9655308,2023,2024-03-01,4106,2023-12-23,2200,2215,8,6,5,6,4106,0,0,0,,0,004,"RT 280","JOHN DALY BL",0.00,,Y,A,-,Y,SM,4,280,-,M,27.052,R,3,S,N,3,0,1,2,A,-,10,21950,,N,G,B,B,A,H,-,C,A,0,Y,,,,Y,,A,71,0,1,0,0,1,0,0,0,0,"- ","- ",37.687919616699219,-122.47020721435547,"SAN MATEO","DALY CITY",-122.47212219238281,37.703464508056641
9668797,2024,2024-04-26,4106,2024-01-01,2020,2069,6,1,5,6,4106,0,0,0,,0,002,"HILLSIDE BL","BRUNSWICK ST",0.00,,Y,A,-,N,,,,,,,,,,N,3,0,1,2,A,-,10,21950,A,N,G,B,B,A,H,-,D,D,0,Y,,,,Y,,A,01,0,1,0,0,1,0,0,0,0,"- ","- ",37.704120635986328,-122.46205902099609,"SAN MATEO","DALY CITY",-122.46205902099609,37.704124450683594
9675765,2023,2024-03-25,4106,2023-06-28,1047,2146,5,3,5,6,4106,0,0,0,,0,003,"87TH ST","SULLIVAN ST",0.00,,Y,A,B,N,,,,,,,,,,N,3,0,1,2,A,-,08,22107,,M,H,G,A,B,H,-,A,A,0,,Y,Y,,Y,,C,02,0,1,0,0,0,0,1,0,0,"- ","- ",37.693260192871094,-122.47223663330078,"SAN MATEO","DALY CITY",-122.47222900390625,37.693260192871094
9678578,2023,2024-03-25,4106,2023-12-20,"730 ",2146,6,3,5,6,4106,0,0,0,,0,002,"HILLSIDE BL","ALP ST",0.00,,Y,B,C,N,,,,,,,,,,N,3,0,1,2,A,-,10,21950,A,M,G,B,B,B,H,-,B,A,0,Y,,,,Y,,A,01,0,1,0,0,1,0,0,0,0,"- ","- ",37.70159912109375,-122.46224975585938,"SAN MATEO","DALY CITY",-122.46224975585938,37.701595306396484
9678579,2023,2024-07-03,4106,2023-12-08,1653,2201,5,5,5,6,4106,0,0,0,,0,003,"SAN PEDRO RD","HILL ST",17.00,W,N,A,-,N,,,,,,,,,,N,3,0,1,2,A,-,08,22107,,N,B,C,A,A,H,-,A,A,0,,,,,Y,,A,01,0,1,0,0,0,0,0,0,0,"- ","- ",37.687141418457031,-122.46939849853516,"SAN MATEO","DALY CITY",-122.46910095214844,37.687057495117188
9682641,2023,2024-05-29,4106,2023-01-24,1914,2206,3,2,5,6,4106,0,0,0,,0,002,"BELLEVUE AV","BELLEVUE AVE 653",30.00,W,N,A,-,N,,,,,,,,,,N,3,0,1,2,A,-,11,21954,A,N,G,B,D,A,H,-,D,D,0,Y,,,,Y,,N,60,0,1,0,0,1,0,0,0,0,"- ","- ",,,"SAN MATEO","DALY CITY",-122.33757781982422,37.571121215820312
9694637,2022,2024-05-01,4106,2022-08-14,2230,2157,1,7,5,6,4106,0,0,0,,0,001,"GENEVA AV","RIO VERDE",0.00,,Y,A,-,N,,,,,,,,,,N,4,0,1,2,A,-,03,22350,,M,C,C,A,A,H,-,C,D,0,,,,,Y,,A,01,0,0,1,0,0,0,0,0,0,"- ","- ",37.707061767578125,-122.41580200195312,"SAN MATEO","DALY CITY",-122.41578674316406,37.707111358642578
9712101,2023,2024-09-04,4106,2023-12-18,2054,2199,13,1,5,6,4106,0,0,0,,0,006,"SOUTHGATE AV","SULLIVAN AV",0.00,,Y,C,-,N,,,,,,,,,,Y,2,0,1,2,A,-,10,21950,A,F,G,B,B,B,H,-,C,A,0,Y,,,,Y,,A,01,1,0,0,0,1,0,0,0,0,"- ","- ",37.675838470458984,-122.47335052490234,"SAN MATEO","DALY CITY",-122.47335815429688,37.675827026367188
9751461,2023,2025-02-11,4106,2023-01-01,2048,2146,3,7,5,6,4106,0,0,0,,0,002,"SAN JOSE AV","WILSON ST",0.00,,Y,A,-,N,,,,,,,,,,N,1,1,0,2,A,-,03,22350,,N,G,B,B,A,H,-,C,D,0,Y,,,,Y,,D,22,0,0,0,1,0,0,0,0,0,"- ","- ",37.707939147949219,-122.45944976806641,"SAN MATEO","DALY CITY",-122.45943450927734,37.707912445068359